file,population,expected,attributed,spread,R_mp3,R_aac,R_vorbis,R_opus,R_mp2
000-03-Balla-et-ses-Balladins-Moi-ca-ma-fout.flac,authentic,,mp3,1.3747,1.1780,14.2494,2.5527,11.2114,2.8093
001-11-Gilbert-B-caud-Le-bain-de-minuit.flac,authentic,,mp2,0.2165,3.1179,0.5777,0.9225,10.4350,0.3612
002-03-Hraach-Let-it-go.flac,authentic,,mp2,0.8197,3.6979,1.8390,3.8565,8.0700,1.0193
003-01-Thor-Dari-lullaby.flac,authentic,,mp2,0.3605,3.0264,0.8959,1.4239,10.1261,0.5354
004-01-Thiossane-Ablaye-Ndiaye-Aminata-ndiaye.flac,authentic,,mp2,0.0217,2.8966,0.2600,0.7585,9.4149,0.2383
005-17-Los-Seven-Del-Swing-Celoso.flac,authentic,,mp2,0.6765,2.5230,0.8628,1.8055,9.0740,0.1863
006-09-Mahmoud-Ahmed-Tezeta.flac,authentic,,mp3,2.2045,1.7788,10.0846,3.9832,8.4644,4.9737
007-07-Wax-Tailor-Positively-inclined-featuring-main.flac,authentic,,mp2,0.3809,2.9195,0.7128,0.7984,8.8438,0.3319
008-06-The-Mebusas-Mr-bull-dog-original-45-version.flac,authentic,,vorbis,0.1386,3.0617,2.2194,2.0807,7.5888,2.7528
009-03-Ilya-Beshevli-To-solitude.flac,authentic,,vorbis,1.0197,3.5748,4.8214,2.5551,4.9622,4.2897
010-06-Jon-Hassell-These-times.flac,authentic,,vorbis,3.1237,3.9320,5.4274,0.8067,9.1053,3.9304
011-07-Ensemble-National-des-Percussions-de-Guin-e-K.flac,authentic,,aac,0.5602,3.0362,2.3486,3.0598,5.9017,2.9088
000-03-Balla-et-ses-Balladins-Moi-ca-ma-fout.flac,fake/mp3_320,mp3,mp3,2.9603,-0.4924,14.4218,2.4679,10.8362,2.7469
001-11-Gilbert-B-caud-Le-bain-de-minuit.flac,fake/mp3_320,mp3,mp2,0.1167,0.8345,2.1768,0.4889,10.6010,0.3723
002-03-Hraach-Let-it-go.flac,fake/mp3_320,mp3,mp2,0.0954,1.1173,2.0138,3.6402,7.8174,1.0219
003-01-Thor-Dari-lullaby.flac,fake/mp3_320,mp3,mp3,0.3957,0.1438,0.8352,1.4798,10.0769,0.5395
004-01-Thiossane-Ablaye-Ndiaye-Aminata-ndiaye.flac,fake/mp3_320,mp3,mp2,0.3281,0.9563,0.5636,0.6616,9.2144,0.2355
005-17-Los-Seven-Del-Swing-Celoso.flac,fake/mp3_320,mp3,mp2,0.8692,1.0950,1.8321,1.7074,6.7998,0.2258
006-09-Mahmoud-Ahmed-Tezeta.flac,fake/mp3_320,mp3,mp3,3.4898,0.5973,9.9572,4.0871,8.8260,4.9270
007-07-Wax-Tailor-Positively-inclined-featuring-main.flac,fake/mp3_320,mp3,mp2,0.7270,1.1036,1.1842,1.2806,8.1951,0.3766
008-06-The-Mebusas-Mr-bull-dog-original-45-version.flac,fake/mp3_320,mp3,mp3,1.0607,1.0692,2.5505,2.1299,7.4520,2.7808
009-03-Ilya-Beshevli-To-solitude.flac,fake/mp3_320,mp3,mp3,1.5997,1.0632,3.7118,2.6630,5.0003,4.2659
010-06-Jon-Hassell-These-times.flac,fake/mp3_320,mp3,mp3,1.3895,0.1181,4.5214,1.5076,9.2953,3.8890
011-07-Ensemble-National-des-Percussions-de-Guin-e-K.flac,fake/mp3_320,mp3,mp3,0.8073,1.0644,1.8718,3.0861,5.6027,2.9323
000-03-Balla-et-ses-Balladins-Moi-ca-ma-fout.flac,fake/aac_ff256,aac,vorbis,0.1448,3.9524,2.4680,2.3233,10.9817,2.8690
001-11-Gilbert-B-caud-Le-bain-de-minuit.flac,fake/aac_ff256,aac,aac,0.8665,3.1878,-0.3689,0.9710,10.2376,0.4976
002-03-Hraach-Let-it-go.flac,fake/aac_ff256,aac,mp2,0.1984,3.5890,1.1464,3.7218,7.8210,0.9479
003-01-Thor-Dari-lullaby.flac,fake/aac_ff256,aac,aac,0.1763,2.9919,0.3601,1.4760,10.5835,0.5363
004-01-Thiossane-Ablaye-Ndiaye-Aminata-ndiaye.flac,fake/aac_ff256,aac,aac,0.2023,2.7564,0.0178,0.2921,9.7941,0.2201
005-17-Los-Seven-Del-Swing-Celoso.flac,fake/aac_ff256,aac,mp2,0.1782,2.3974,0.3434,1.7514,9.5445,0.1652
006-09-Mahmoud-Ahmed-Tezeta.flac,fake/aac_ff256,aac,mp3,0.1929,2.2022,2.3951,4.7102,9.0041,5.0530
007-07-Wax-Tailor-Positively-inclined-featuring-main.flac,fake/aac_ff256,aac,aac,0.0733,2.6676,0.2771,0.6930,9.4834,0.3505
008-06-The-Mebusas-Mr-bull-dog-original-45-version.flac,fake/aac_ff256,aac,aac,1.5447,2.9735,0.3262,1.8709,8.1695,2.7651
009-03-Ilya-Beshevli-To-solitude.flac,fake/aac_ff256,aac,aac,0.8324,3.5749,1.7967,2.6291,5.0277,4.2381
010-06-Jon-Hassell-These-times.flac,fake/aac_ff256,aac,aac,2.5843,4.1016,1.2610,4.2494,9.2386,3.8452
011-07-Ensemble-National-des-Percussions-de-Guin-e-K.flac,fake/aac_ff256,aac,aac,1.7392,3.0734,1.0988,2.8380,5.7383,2.9103
000-03-Balla-et-ses-Balladins-Moi-ca-ma-fout.flac,fake/aacmf_256,aac,vorbis,0.4216,4.3061,13.7684,2.4103,10.7203,2.8319
001-11-Gilbert-B-caud-Le-bain-de-minuit.flac,fake/aacmf_256,aac,vorbis,0.2697,3.6774,2.8364,0.7916,9.6922,1.0613
002-03-Hraach-Let-it-go.flac,fake/aacmf_256,aac,mp2,1.4488,3.5444,2.5152,3.9052,7.9006,1.0663
003-01-Thor-Dari-lullaby.flac,fake/aacmf_256,aac,mp2,0.4210,2.8351,1.0514,1.5241,10.4002,0.6304
004-01-Thiossane-Ablaye-Ndiaye-Aminata-ndiaye.flac,fake/aacmf_256,aac,mp2,0.1698,2.7918,1.4037,0.4777,8.9610,0.3079
005-17-Los-Seven-Del-Swing-Celoso.flac,fake/aacmf_256,aac,mp2,1.3809,3.1661,1.9865,1.7602,7.8312,0.3792
006-09-Mahmoud-Ahmed-Tezeta.flac,fake/aacmf_256,aac,mp3,2.1351,2.2324,10.1770,4.3675,8.7044,4.9371
007-07-Wax-Tailor-Positively-inclined-featuring-main.flac,fake/aacmf_256,aac,mp2,0.6021,3.1520,1.6814,1.5068,8.5525,0.9047
008-06-The-Mebusas-Mr-bull-dog-original-45-version.flac,fake/aacmf_256,aac,vorbis,0.5937,2.9695,2.4646,1.8639,7.0255,2.4576
009-03-Ilya-Beshevli-To-solitude.flac,fake/aacmf_256,aac,vorbis,0.9754,3.5926,4.8179,2.6172,4.9254,4.2659
010-06-Jon-Hassell-These-times.flac,fake/aacmf_256,aac,mp3,0.2301,3.6545,5.9433,3.9176,9.2117,3.8846
011-07-Ensemble-National-des-Percussions-de-Guin-e-K.flac,fake/aacmf_256,aac,aac,0.5625,3.1414,2.2542,2.8843,5.3923,2.8167
000-03-Balla-et-ses-Balladins-Moi-ca-ma-fout.flac,fake/opus_256,opus,vorbis,0.2695,3.2036,15.2314,2.3403,2.6097,2.7222
001-11-Gilbert-B-caud-Le-bain-de-minuit.flac,fake/opus_256,opus,mp2,0.3321,3.2331,1.6507,0.7612,3.5491,0.4291
002-03-Hraach-Let-it-go.flac,fake/opus_256,opus,mp2,0.7080,3.6857,1.7482,4.1859,2.4149,1.0402
003-01-Thor-Dari-lullaby.flac,fake/opus_256,opus,aac,0.6322,2.6999,-0.2563,1.6233,3.8234,0.3759
004-01-Thiossane-Ablaye-Ndiaye-Aminata-ndiaye.flac,fake/opus_256,opus,mp2,0.1588,3.0471,0.7449,0.4253,3.5818,0.2665
005-17-Los-Seven-Del-Swing-Celoso.flac,fake/opus_256,opus,aac,0.5772,2.9361,-0.1815,1.8558,2.9046,0.3957
006-09-Mahmoud-Ahmed-Tezeta.flac,fake/opus_256,opus,opus,0.2532,1.9671,9.3235,3.9992,1.7139,4.8060
007-07-Wax-Tailor-Positively-inclined-featuring-main.flac,fake/opus_256,opus,mp2,0.1521,2.5781,0.5218,1.0502,3.1032,0.3697
008-06-The-Mebusas-Mr-bull-dog-original-45-version.flac,fake/opus_256,opus,aac,0.8475,3.2560,1.5002,2.4711,2.3477,2.8709
009-03-Ilya-Beshevli-To-solitude.flac,fake/opus_256,opus,opus,1.7766,3.5620,2.9829,2.7064,0.9298,4.1998
010-06-Jon-Hassell-These-times.flac,fake/opus_256,opus,aac,2.3109,3.9075,0.1098,6.2194,2.4207,4.4748
011-07-Ensemble-National-des-Percussions-de-Guin-e-K.flac,fake/opus_256,opus,opus,1.1650,3.0243,2.4371,3.6238,1.2721,2.9709
000-03-Balla-et-ses-Balladins-Moi-ca-ma-fout.flac,fake/vorbis_q8,vorbis,vorbis,0.4814,2.3307,14.1764,1.8493,8.6891,2.7586
001-11-Gilbert-B-caud-Le-bain-de-minuit.flac,fake/vorbis_q8,vorbis,mp2,0.2246,2.8577,2.0416,0.5960,10.4559,0.3713
002-03-Hraach-Let-it-go.flac,fake/vorbis_q8,vorbis,mp2,1.3001,3.4809,2.2669,3.4573,7.7763,0.9669
003-01-Thor-Dari-lullaby.flac,fake/vorbis_q8,vorbis,mp2,0.5112,2.7589,1.5113,1.1083,10.1310,0.5971
004-01-Thiossane-Ablaye-Ndiaye-Aminata-ndiaye.flac,fake/vorbis_q8,vorbis,mp2,0.0160,2.7257,1.1615,0.2610,9.0700,0.2450
005-17-Los-Seven-Del-Swing-Celoso.flac,fake/vorbis_q8,vorbis,mp2,1.1620,2.5459,1.7858,1.3640,7.7781,0.2019
006-09-Mahmoud-Ahmed-Tezeta.flac,fake/vorbis_q8,vorbis,mp3,1.9577,1.7557,9.6002,3.7135,8.3297,4.8792
007-07-Wax-Tailor-Positively-inclined-featuring-main.flac,fake/vorbis_q8,vorbis,mp2,0.6569,2.8826,1.5060,1.0130,8.3236,0.3561
008-06-The-Mebusas-Mr-bull-dog-original-45-version.flac,fake/vorbis_q8,vorbis,vorbis,0.8230,2.9359,2.4302,1.6072,7.4340,2.7132
009-03-Ilya-Beshevli-To-solitude.flac,fake/vorbis_q8,vorbis,vorbis,1.1097,3.2488,4.6094,2.1391,4.8601,4.2755
010-06-Jon-Hassell-These-times.flac,fake/vorbis_q8,vorbis,mp3,0.2208,3.6511,6.6743,3.9053,9.3023,3.8719
011-07-Ensemble-National-des-Percussions-de-Guin-e-K.flac,fake/vorbis_q8,vorbis,aac,1.3421,2.8866,1.3582,2.7003,5.7837,2.9514
005-17-Los-Seven-Del-Swing-Celoso.flac,fake/aac_ff256,aac,aac,0.0317,2.5985,0.1361,1.7936,9.4674,0.1678
006-09-Mahmoud-Ahmed-Tezeta.flac,fake/aac_ff256,aac,mp3,0.0791,2.2391,2.3182,4.0957,9.3758,5.1282
007-07-Wax-Tailor-Positively-inclined-featuring-main.flac,fake/aac_ff256,aac,aac,0.8438,2.9176,0.2711,1.2343,9.0472,1.1149
008-06-The-Mebusas-Mr-bull-dog-original-45-version.flac,fake/aac_ff256,aac,aac,1.4362,2.6848,0.1458,1.5820,9.5760,2.0785
009-03-Ilya-Beshevli-To-solitude.flac,fake/aac_ff256,aac,aac,0.8429,3.4798,1.6960,2.5388,5.1349,4.2320
010-06-Jon-Hassell-These-times.flac,fake/aac_ff256,aac,aac,1.0301,4.0074,2.8135,4.0825,9.1989,3.8437
011-07-Ensemble-National-des-Percussions-de-Guin-e-K.flac,fake/aac_ff256,aac,aac,2.2797,3.1075,0.7818,3.1881,5.3352,3.0615
000-03-Balla-et-ses-Balladins-Moi-ca-ma-fout.flac,fake/aacmf_256,aac,vorbis,0.3657,4.4630,13.4280,2.5466,11.1193,2.9124
001-11-Gilbert-B-caud-Le-bain-de-minuit.flac,fake/aacmf_256,aac,vorbis,0.6581,3.6396,2.9842,0.3687,9.5688,1.0269
002-03-Hraach-Let-it-go.flac,fake/aacmf_256,aac,mp2,1.5533,3.3674,3.3624,3.5350,7.4078,1.8091
003-01-Thor-Dari-lullaby.flac,fake/aacmf_256,aac,mp2,0.4159,3.2274,1.1610,2.1542,9.5726,0.7450
004-01-Thiossane-Ablaye-Ndiaye-Aminata-ndiaye.flac,fake/aacmf_256,aac,vorbis,0.1946,3.4222,1.5706,0.4591,9.5061,0.6538
005-17-Los-Seven-Del-Swing-Celoso.flac,fake/aacmf_256,aac,mp2,1.4709,3.2320,2.1904,1.9163,7.8696,0.4454
006-09-Mahmoud-Ahmed-Tezeta.flac,fake/aacmf_256,aac,mp3,1.5845,2.2643,10.7671,3.8488,8.7344,5.0615
007-07-Wax-Tailor-Positively-inclined-featuring-main.flac,fake/aacmf_256,aac,mp2,0.5106,3.3656,1.8567,1.9083,8.2849,1.3460
008-06-The-Mebusas-Mr-bull-dog-original-45-version.flac,fake/aacmf_256,aac,vorbis,0.3598,3.1300,2.2494,1.4355,8.3686,1.7953
009-03-Ilya-Beshevli-To-solitude.flac,fake/aacmf_256,aac,vorbis,0.7830,3.3114,5.0075,2.5284,5.0220,4.2443
010-06-Jon-Hassell-These-times.flac,fake/aacmf_256,aac,mp3,0.2308,3.6175,4.9184,4.5282,9.0490,3.8483
011-07-Ensemble-National-des-Percussions-de-Guin-e-K.flac,fake/aacmf_256,aac,aac,0.4808,3.0888,2.5501,3.1359,4.9366,3.0309
000-03-Balla-et-ses-Balladins-Moi-ca-ma-fout.flac,fake/opus_256,opus,opus,0.5031,3.4147,15.7573,2.5863,2.0832,2.6396
001-11-Gilbert-B-caud-Le-bain-de-minuit.flac,fake/opus_256,opus,vorbis,0.1507,3.1598,2.7188,0.3249,3.9122,0.4755
002-03-Hraach-Let-it-go.flac,fake/opus_256,opus,mp2,0.2033,3.6190,3.2746,3.7019,2.0617,1.8584
003-01-Thor-Dari-lullaby.flac,fake/opus_256,opus,mp2,0.2945,3.2562,0.9148,2.1866,3.0917,0.6202
004-01-Thiossane-Ablaye-Ndiaye-Aminata-ndiaye.flac,fake/opus_256,opus,vorbis,0.0596,3.7419,1.8282,0.5087,3.6409,0.5683
005-17-Los-Seven-Del-Swing-Celoso.flac,fake/opus_256,opus,aac,0.1480,3.0444,0.2572,2.0547,3.0695,0.4052
006-09-Mahmoud-Ahmed-Tezeta.flac,fake/opus_256,opus,opus,0.5274,2.0866,8.6067,3.5376,1.5592,4.7170
007-07-Wax-Tailor-Positively-inclined-featuring-main.flac,fake/opus_256,opus,aac,0.3564,2.8625,0.7281,1.6790,3.1603,1.0845
008-06-The-Mebusas-Mr-bull-dog-original-45-version.flac,fake/opus_256,opus,aac,1.1199,3.0768,0.7675,1.9253,2.9535,1.8875
009-03-Ilya-Beshevli-To-solitude.flac,fake/opus_256,opus,opus,1.3713,3.3803,4.1069,2.3413,0.9700,4.2286
010-06-Jon-Hassell-These-times.flac,fake/opus_256,opus,aac,1.8573,3.9556,0.2833,5.6444,2.1406,4.5249
011-07-Ensemble-National-des-Percussions-de-Guin-e-K.flac,fake/opus_256,opus,opus,1.5499,3.0120,2.6219,3.7836,1.0720,3.1241
000-03-Balla-et-ses-Balladins-Moi-ca-ma-fout.flac,fake/vorbis_q8,vorbis,vorbis,0.6105,2.6218,14.0634,2.0113,8.4717,2.9453
001-11-Gilbert-B-caud-Le-bain-de-minuit.flac,fake/vorbis_q8,vorbis,vorbis,0.4159,2.9171,1.8065,0.0119,10.6218,0.4279
002-03-Hraach-Let-it-go.flac,fake/vorbis_q8,vorbis,mp2,0.8738,3.3417,2.7498,2.9072,7.3740,1.8761
003-01-Thor-Dari-lullaby.flac,fake/vorbis_q8,vorbis,mp2,0.2768,3.2217,0.9675,1.7051,9.4636,0.6907
004-01-Thiossane-Ablaye-Ndiaye-Aminata-ndiaye.flac,fake/vorbis_q8,vorbis,vorbis,0.4922,3.6672,1.4890,0.1686,9.2882,0.6608
005-17-Los-Seven-Del-Swing-Celoso.flac,fake/vorbis_q8,vorbis,mp2,1.1710,2.7494,1.8174,1.4145,7.6742,0.2435
006-09-Mahmoud-Ahmed-Tezeta.flac,fake/vorbis_q8,vorbis,mp3,1.5001,1.8763,9.9780,3.3764,8.3627,4.8886
007-07-Wax-Tailor-Positively-inclined-featuring-main.flac,fake/vorbis_q8,vorbis,mp2,0.2948,3.0094,1.4582,1.3899,8.2663,1.0951
008-06-The-Mebusas-Mr-bull-dog-original-45-version.flac,fake/vorbis_q8,vorbis,vorbis,0.9569,2.7845,2.3090,1.1342,8.6970,2.0911
009-03-Ilya-Beshevli-To-solitude.flac,fake/vorbis_q8,vorbis,vorbis,0.8432,2.9728,4.2837,2.1296,4.9775,4.2122
010-06-Jon-Hassell-These-times.flac,fake/vorbis_q8,vorbis,mp3,0.2233,3.6415,5.5879,4.2078,8.8210,3.8648
011-07-Ensemble-National-des-Percussions-de-Guin-e-K.flac,fake/vorbis_q8,vorbis,aac,1.2404,2.8416,1.6012,2.9531,5.3167,3.1315
