file,population,expected,attributed,min_z,margin,R_mp3,R_aac,R_vorbis,R_opus,R_mp2
012-07-A-La-Carte-Brass-And-Percussion-Papa-was-a-ro.flac,authentic,,abstain,-1.017,0.135,4.9748,0.1782,0.9566,9.9586,0.1542
013-22-Roswell-Sacred-Harp-Quartet-Weeping-mary.flac,authentic,,abstain,-1.267,0.706,2.0893,10.7427,4.4622,7.9930,4.1986
014-26-Dock-Walsh-Bathe-in-that-beautiful-pool.flac,authentic,,opus,-3.506,2.045,1.9459,6.5247,4.4488,2.9247,5.9771
015-08-Jos-Gonz-lez-Vissel.flac,authentic,,abstain,-0.746,1.087,3.2842,4.7649,4.3426,7.6743,3.7978
016-03-Memory-Tapes-Green-knight.flac,authentic,,abstain,-0.706,0.466,3.3146,1.0235,2.3629,10.0260,0.6832
017-13-Cafe-Del-Mar-Submariner.flac,authentic,,abstain,-0.805,0.299,3.9456,1.6081,1.3769,9.3115,0.5152
018-04-Bag-o-wire-Resovoir.flac,authentic,,abstain,-0.114,0.176,2.9469,8.5931,3.1168,11.7435,1.9922
019-04-Kohi-Jadu.flac,authentic,,abstain,-1.279,0.608,2.9729,3.1364,0.5116,9.7919,0.7431
020-06-Bola-Tigantabame.flac,authentic,,abstain,-1.382,0.580,3.7863,0.4480,0.3967,8.8265,0.5201
021-13-Colombiafrica-The-Mystic-Orchestra-Rey-de-roc.flac,authentic,,abstain,-0.735,0.278,3.9558,0.1147,2.4852,9.6613,0.6336
022-17-Michel-Legrand-It-s-good-to-be-alive-the-chas.flac,authentic,,abstain,-1.462,0.496,1.9448,6.9338,3.0489,10.8995,0.2409
023-01-Yusef-Lateef-Buddy-and-lou.flac,authentic,,abstain,-1.184,0.237,3.6341,1.3771,0.6176,9.6032,0.2730
012-07-A-La-Carte-Brass-And-Percussion-Papa-was-a-ro.flac,fake/mp3_320,mp3,abstain,-1.361,0.236,2.0199,0.5066,0.6837,8.6930,0.1772
013-22-Roswell-Sacred-Harp-Quartet-Weeping-mary.flac,fake/mp3_320,mp3,mp3,-3.157,2.795,0.6850,7.8671,4.5112,8.3368,4.1312
014-26-Dock-Walsh-Bathe-in-that-beautiful-pool.flac,fake/mp3_320,mp3,abstain,-3.495,0.013,0.4429,8.2168,3.2743,2.9430,5.9824
015-08-Jos-Gonz-lez-Vissel.flac,fake/mp3_320,mp3,mp3,-3.830,3.018,0.1846,4.6073,4.7502,7.5607,3.8446
016-03-Memory-Tapes-Green-knight.flac,fake/mp3_320,mp3,mp3,-3.039,2.295,0.7721,0.6939,2.5377,9.9158,0.6182
017-13-Cafe-Del-Mar-Submariner.flac,fake/mp3_320,mp3,mp3,-2.801,1.971,0.9491,1.4590,1.1598,9.5361,0.4724
018-04-Bag-o-wire-Resovoir.flac,fake/mp3_320,mp3,mp3,-2.028,2.064,1.5243,8.0745,3.1887,11.6228,1.9484
019-04-Kohi-Jadu.flac,fake/mp3_320,mp3,mp3,-2.806,1.345,0.9455,1.5294,0.3073,9.1310,0.7388
020-06-Bola-Tigantabame.flac,fake/mp3_320,mp3,mp3,-3.013,1.836,0.7914,1.4680,0.6256,8.8961,0.4656
021-13-Colombiafrica-The-Mystic-Orchestra-Rey-de-roc.flac,fake/mp3_320,mp3,mp3,-1.973,1.139,1.5645,0.5079,2.3348,9.2463,0.4644
022-17-Michel-Legrand-It-s-good-to-be-alive-the-chas.flac,fake/mp3_320,mp3,mp3,-3.972,3.010,0.0792,3.8721,2.9694,10.8893,0.2482
023-01-Yusef-Lateef-Buddy-and-lou.flac,fake/mp3_320,mp3,mp3,-2.454,1.330,1.2069,0.4805,0.6849,9.1103,0.3100
012-07-A-La-Carte-Brass-And-Percussion-Papa-was-a-ro.flac,fake/aac_ff256,aac,abstain,-1.048,0.243,4.8410,0.2091,1.0425,9.8188,0.1006
013-22-Roswell-Sacred-Harp-Quartet-Weeping-mary.flac,fake/aac_ff256,aac,abstain,-1.266,0.762,2.0905,2.4869,6.0849,8.0913,4.0495
014-26-Dock-Walsh-Bathe-in-that-beautiful-pool.flac,fake/aac_ff256,aac,opus,-3.481,1.913,1.8655,2.0615,4.3693,2.9662,5.9917
015-08-Jos-Gonz-lez-Vissel.flac,fake/aac_ff256,aac,abstain,-0.632,0.619,3.4368,1.9743,4.3688,7.8716,3.7657
016-03-Memory-Tapes-Green-knight.flac,fake/aac_ff256,aac,abstain,-0.710,0.369,2.8919,0.5984,2.0511,9.9320,0.6758
017-13-Cafe-Del-Mar-Submariner.flac,fake/aac_ff256,aac,abstain,-0.675,0.000,4.0518,0.6336,1.1871,9.9666,0.7362
018-04-Bag-o-wire-Resovoir.flac,fake/aac_ff256,aac,mp3,-1.587,1.585,1.8517,3.2393,3.0020,11.2551,1.8833
019-04-Kohi-Jadu.flac,fake/aac_ff256,aac,abstain,-1.258,0.815,3.3950,0.3607,0.5352,9.7922,1.1309
020-06-Bola-Tigantabame.flac,fake/aac_ff256,aac,abstain,-1.389,0.545,4.1783,0.3349,0.3881,8.9442,0.4475
021-13-Colombiafrica-The-Mystic-Orchestra-Rey-de-roc.flac,fake/aac_ff256,aac,abstain,-0.832,0.222,3.8168,-0.5261,2.3661,9.6624,0.4682
022-17-Michel-Legrand-It-s-good-to-be-alive-the-chas.flac,fake/aac_ff256,aac,abstain,-1.169,0.167,2.1626,1.6945,2.9673,10.9960,0.1799
023-01-Yusef-Lateef-Buddy-and-lou.flac,fake/aac_ff256,aac,abstain,-1.167,0.221,3.4437,0.5280,0.6369,9.5380,0.2753
012-07-A-La-Carte-Brass-And-Percussion-Papa-was-a-ro.flac,fake/aacmf_256,aac,abstain,-0.950,0.018,5.2712,0.7554,0.8804,8.8350,0.3000
013-22-Roswell-Sacred-Harp-Quartet-Weeping-mary.flac,fake/aacmf_256,aac,abstain,-1.053,0.046,2.2825,10.0924,0.7645,8.0212,4.1175
014-26-Dock-Walsh-Bathe-in-that-beautiful-pool.flac,fake/aacmf_256,aac,opus,-3.545,2.076,1.9394,5.9192,4.9037,2.8567,5.9570
015-08-Jos-Gonz-lez-Vissel.flac,fake/aacmf_256,aac,abstain,-0.586,0.932,3.2885,4.5595,4.3507,7.9509,3.7223
016-03-Memory-Tapes-Green-knight.flac,fake/aacmf_256,aac,abstain,-0.669,0.442,3.1229,1.0815,2.3450,9.8546,0.7470
017-13-Cafe-Del-Mar-Submariner.flac,fake/aacmf_256,aac,abstain,-0.746,0.046,3.9915,1.5336,1.1599,9.6277,0.6161
018-04-Bag-o-wire-Resovoir.flac,fake/aacmf_256,aac,abstain,-0.001,0.056,3.0721,9.7174,2.7830,11.0543,1.8842
019-04-Kohi-Jadu.flac,fake/aacmf_256,aac,abstain,-1.187,0.721,2.8630,3.1505,0.6149,9.0431,1.0934
020-06-Bola-Tigantabame.flac,fake/aacmf_256,aac,abstain,-1.156,0.346,4.1974,1.4240,0.6489,8.3958,0.5063
021-13-Colombiafrica-The-Mystic-Orchestra-Rey-de-roc.flac,fake/aacmf_256,aac,abstain,-0.668,0.459,4.3545,1.2014,2.1559,8.5995,0.7485
022-17-Michel-Legrand-It-s-good-to-be-alive-the-chas.flac,fake/aacmf_256,aac,abstain,-1.918,0.931,1.6059,6.6654,2.8556,11.0524,0.2049
023-01-Yusef-Lateef-Buddy-and-lou.flac,fake/aacmf_256,aac,abstain,-1.316,0.381,3.5579,1.4159,0.4706,7.9457,0.2941
012-07-A-La-Carte-Brass-And-Percussion-Papa-was-a-ro.flac,fake/opus_256,opus,opus,-3.011,1.973,5.3059,-0.3230,1.2154,3.7766,0.1185
013-22-Roswell-Sacred-Harp-Quartet-Weeping-mary.flac,fake/opus_256,opus,opus,-4.280,3.071,2.1327,8.1244,2.7177,1.5924,4.1934
014-26-Dock-Walsh-Bathe-in-that-beautiful-pool.flac,fake/opus_256,opus,opus,-4.663,3.062,1.8411,6.9365,4.7849,0.9317,5.8719
015-08-Jos-Gonz-lez-Vissel.flac,fake/opus_256,opus,opus,-3.918,4.799,3.6857,5.7512,5.7946,2.2142,3.5029
016-03-Memory-Tapes-Green-knight.flac,fake/opus_256,opus,opus,-3.312,2.673,3.1375,-0.0037,1.6913,3.2586,0.7983
017-13-Cafe-Del-Mar-Submariner.flac,fake/opus_256,opus,opus,-3.381,2.489,4.1641,1.4570,0.9439,3.1386,0.5653
018-04-Bag-o-wire-Resovoir.flac,fake/opus_256,opus,opus,-3.858,2.863,2.2918,8.7536,3.0194,2.3189,1.5565
019-04-Kohi-Jadu.flac,fake/opus_256,opus,opus,-3.372,2.320,3.0674,1.5277,0.7666,3.1554,0.7887
020-06-Bola-Tigantabame.flac,fake/opus_256,opus,opus,-3.251,1.967,3.7444,0.4193,0.5062,3.3626,0.3969
021-13-Colombiafrica-The-Mystic-Orchestra-Rey-de-roc.flac,fake/opus_256,opus,opus,-2.928,2.301,3.9656,-0.2965,2.7903,3.9180,0.8169
022-17-Michel-Legrand-It-s-good-to-be-alive-the-chas.flac,fake/opus_256,opus,opus,-3.721,2.045,1.7859,4.8278,3.2530,2.5538,0.1839
023-01-Yusef-Lateef-Buddy-and-lou.flac,fake/opus_256,opus,opus,-3.408,2.569,3.8713,0.6484,1.4197,3.0923,0.4564
012-07-A-La-Carte-Brass-And-Percussion-Papa-was-a-ro.flac,fake/vorbis_q8,vorbis,abstain,-1.078,0.092,5.0222,0.2582,0.7369,9.9618,0.2070
013-22-Roswell-Sacred-Harp-Quartet-Weeping-mary.flac,fake/vorbis_q8,vorbis,abstain,-1.098,0.225,2.2154,10.1568,0.9663,9.1372,3.9539
014-26-Dock-Walsh-Bathe-in-that-beautiful-pool.flac,fake/vorbis_q8,vorbis,opus,-3.251,1.573,1.7838,5.6760,0.8906,3.3628,5.9527
015-08-Jos-Gonz-lez-Vissel.flac,fake/vorbis_q8,vorbis,abstain,-1.010,0.420,2.2803,4.8814,3.3100,7.9424,3.8157
016-03-Memory-Tapes-Green-knight.flac,fake/vorbis_q8,vorbis,abstain,-0.726,0.573,2.9561,1.3854,2.1557,9.7833,0.6485
017-13-Cafe-Del-Mar-Submariner.flac,fake/vorbis_q8,vorbis,abstain,-1.596,0.879,4.0571,1.5100,0.1566,9.8375,0.6644
018-04-Bag-o-wire-Resovoir.flac,fake/vorbis_q8,vorbis,abstain,0.120,0.128,3.2157,8.3989,2.4000,11.3428,2.0905
019-04-Kohi-Jadu.flac,fake/vorbis_q8,vorbis,vorbis,-1.771,1.175,2.9815,2.2004,-0.0391,8.5308,0.8713
020-06-Bola-Tigantabame.flac,fake/vorbis_q8,vorbis,abstain,-1.463,0.682,4.2934,1.3579,0.3058,9.2516,0.5563
021-13-Colombiafrica-The-Mystic-Orchestra-Rey-de-roc.flac,fake/vorbis_q8,vorbis,abstain,-0.765,0.395,3.8490,0.4815,2.7705,9.9347,0.5828
022-17-Michel-Legrand-It-s-good-to-be-alive-the-chas.flac,fake/vorbis_q8,vorbis,abstain,-1.558,0.566,1.8735,2.8346,2.2827,10.8081,0.1963
023-01-Yusef-Lateef-Buddy-and-lou.flac,fake/vorbis_q8,vorbis,abstain,-1.574,0.650,3.5596,0.8103,0.1812,9.6155,0.3125
