arm,file,max_run,mean_run,dead_frac
genuine,000-03-Balla-et-ses-Balladins-Moi-ca-ma-fout.flac,0.00,0.000,0.00050
genuine,001-11-Gilbert-B-caud-Le-bain-de-minuit.flac,0.00,0.000,0.00022
genuine,002-03-Hraach-Let-it-go.flac,0.00,0.000,0.00012
genuine,003-01-Thor-Dari-lullaby.flac,0.00,0.000,0.00044
genuine,004-01-Thiossane-Ablaye-Ndiaye-Aminata-ndiaye.flac,0.00,0.000,0.00032
genuine,005-17-Los-Seven-Del-Swing-Celoso.flac,0.00,0.000,0.00026
genuine,006-09-Mahmoud-Ahmed-Tezeta.flac,0.00,0.000,0.00118
genuine,007-07-Wax-Tailor-Positively-inclined-featuring-main.flac,0.00,0.000,0.00027
genuine,008-06-The-Mebusas-Mr-bull-dog-original-45-version.flac,0.00,0.000,0.00017
genuine,009-03-Ilya-Beshevli-To-solitude.flac,0.00,0.000,0.00380
genuine,010-06-Jon-Hassell-These-times.flac,1.00,1.000,0.00143
genuine,011-07-Ensemble-National-des-Percussions-de-Guin-e-K.flac,0.00,0.000,0.00015
genuine,012-07-A-La-Carte-Brass-And-Percussion-Papa-was-a-ro.flac,0.00,0.000,0.00026
genuine,013-22-Roswell-Sacred-Harp-Quartet-Weeping-mary.flac,0.00,0.000,0.00023
genuine,014-26-Dock-Walsh-Bathe-in-that-beautiful-pool.flac,0.00,0.000,0.00024
genuine,015-08-Jos-Gonz-lez-Vissel.flac,0.00,0.000,0.00014
genuine,016-03-Memory-Tapes-Green-knight.flac,0.00,0.000,0.00024
genuine,017-13-Cafe-Del-Mar-Submariner.flac,0.00,0.000,0.00027
genuine,018-04-Bag-o-wire-Resovoir.flac,0.00,0.000,0.00029
genuine,019-04-Kohi-Jadu.flac,0.00,0.000,0.00029
genuine,020-06-Bola-Tigantabame.flac,0.00,0.000,0.00072
genuine,021-13-Colombiafrica-The-Mystic-Orchestra-Rey-de-roc.flac,0.00,0.000,0.00018
genuine,022-17-Michel-Legrand-It-s-good-to-be-alive-the-chas.flac,0.00,0.000,0.00027
genuine,023-01-Yusef-Lateef-Buddy-and-lou.flac,0.00,0.000,0.00028
genuine,024-15-Jordi-Savall-Concert-li-la-rougeville-gigue.flac,0.00,0.000,0.00026
genuine,025-07-Bolalar-Lola.flac,0.00,0.000,0.00031
genuine,026-06-Oumou-Dioubat-Siyala.flac,0.00,0.000,0.00014
genuine,027-01-Dimlite-Kitty-Cradle-Fog.flac,0.00,0.000,0.00024
genuine,028-04-Lisu-Yue-phue-alcool-de-ma-s.flac,0.00,0.000,0.00287
genuine,029-05-Kuusow-Kurtunwaarey-Amin-Xaaji-Cusmaan-Cabdul.flac,0.00,0.000,0.00047
genuine,030-06-S-bastien-Tellier-Benny.flac,0.00,0.000,0.00045
genuine,031-07-Shkoon-Just-Emma-Id.flac,0.00,0.000,0.00029
genuine,032-05-2kilos-more-Cache-feu.flac,0.00,0.000,0.00028
genuine,033-01-Daylight-Rising.flac,0.00,0.000,0.00063
genuine,034-09-Snow-Ghosts-Bowline.flac,0.00,0.000,0.00010
genuine,035-16-Slow-Air-In-Dropped-D.flac,0.00,0.000,0.00044
genuine,036-08-Nicolas-Comment-Amaurose.flac,0.00,0.000,0.00028
genuine,037-02-Super-Cayor-De-Dakar-Emboutaieillage.flac,0.00,0.000,0.00065
genuine,038-11-Red-Hot-Chili-Peppers-This-velvet-glove.flac,0.00,0.000,0.00027
genuine,039-13-Kat-Onoma-Change-blues.flac,0.00,0.000,0.00037
mp3_320,000-03-Balla-et-ses-Balladins-Moi-ca-ma-fout.flac,0.00,0.000,0.00036
mp3_320,001-11-Gilbert-B-caud-Le-bain-de-minuit.flac,0.00,0.000,0.00026
mp3_320,002-03-Hraach-Let-it-go.flac,0.00,0.000,0.00017
mp3_320,003-01-Thor-Dari-lullaby.flac,0.00,0.000,0.00056
mp3_320,004-01-Thiossane-Ablaye-Ndiaye-Aminata-ndiaye.flac,0.00,0.000,0.00035
mp3_320,005-17-Los-Seven-Del-Swing-Celoso.flac,0.00,0.000,0.00029
mp3_320,006-09-Mahmoud-Ahmed-Tezeta.flac,0.00,0.000,0.00118
mp3_320,007-07-Wax-Tailor-Positively-inclined-featuring-main.flac,0.00,0.000,0.00020
mp3_320,008-06-The-Mebusas-Mr-bull-dog-original-45-version.flac,0.00,0.000,0.00029
mp3_320,009-03-Ilya-Beshevli-To-solitude.flac,0.00,0.000,0.00384
mp3_320,010-06-Jon-Hassell-These-times.flac,1.00,1.000,0.00142
mp3_320,011-07-Ensemble-National-des-Percussions-de-Guin-e-K.flac,0.00,0.000,0.00020
mp3_320,012-07-A-La-Carte-Brass-And-Percussion-Papa-was-a-ro.flac,0.00,0.000,0.00026
mp3_320,013-22-Roswell-Sacred-Harp-Quartet-Weeping-mary.flac,0.00,0.000,0.00020
mp3_320,014-26-Dock-Walsh-Bathe-in-that-beautiful-pool.flac,0.00,0.000,0.00028
mp3_320,015-08-Jos-Gonz-lez-Vissel.flac,0.00,0.000,0.00015
mp3_320,016-03-Memory-Tapes-Green-knight.flac,0.00,0.000,0.00018
mp3_320,017-13-Cafe-Del-Mar-Submariner.flac,0.00,0.000,0.00031
mp3_320,018-04-Bag-o-wire-Resovoir.flac,0.00,0.000,0.00024
mp3_320,019-04-Kohi-Jadu.flac,0.00,0.000,0.00022
mp3_320,020-06-Bola-Tigantabame.flac,0.00,0.000,0.00065
mp3_320,021-13-Colombiafrica-The-Mystic-Orchestra-Rey-de-roc.flac,0.00,0.000,0.00024
mp3_320,022-17-Michel-Legrand-It-s-good-to-be-alive-the-chas.flac,0.00,0.000,0.00028
mp3_320,023-01-Yusef-Lateef-Buddy-and-lou.flac,0.00,0.000,0.00035
mp3_320,024-15-Jordi-Savall-Concert-li-la-rougeville-gigue.flac,0.00,0.000,0.00023
mp3_320,025-07-Bolalar-Lola.flac,0.00,0.000,0.00012
mp3_320,026-06-Oumou-Dioubat-Siyala.flac,0.00,0.000,0.00024
mp3_320,027-01-Dimlite-Kitty-Cradle-Fog.flac,0.00,0.000,0.00022
mp3_320,028-04-Lisu-Yue-phue-alcool-de-ma-s.flac,0.00,0.000,0.00283
mp3_320,029-05-Kuusow-Kurtunwaarey-Amin-Xaaji-Cusmaan-Cabdul.flac,0.00,0.000,0.00050
mp3_320,030-06-S-bastien-Tellier-Benny.flac,0.00,0.000,0.00051
mp3_320,031-07-Shkoon-Just-Emma-Id.flac,0.00,0.000,0.00033
mp3_320,032-05-2kilos-more-Cache-feu.flac,0.00,0.000,0.00027
mp3_320,033-01-Daylight-Rising.flac,0.00,0.000,0.00052
mp3_320,034-09-Snow-Ghosts-Bowline.flac,0.00,0.000,0.00019
mp3_320,035-16-Slow-Air-In-Dropped-D.flac,0.00,0.000,0.00035
mp3_320,036-08-Nicolas-Comment-Amaurose.flac,0.00,0.000,0.00026
mp3_320,037-02-Super-Cayor-De-Dakar-Emboutaieillage.flac,0.00,0.000,0.00052
mp3_320,038-11-Red-Hot-Chili-Peppers-This-velvet-glove.flac,0.00,0.000,0.00031
mp3_320,039-13-Kat-Onoma-Change-blues.flac,0.00,0.000,0.00042
mp3_V0,000-03-Balla-et-ses-Balladins-Moi-ca-ma-fout.flac,0.00,0.000,0.00035
mp3_V0,001-11-Gilbert-B-caud-Le-bain-de-minuit.flac,0.00,0.000,0.00023
mp3_V0,002-03-Hraach-Let-it-go.flac,0.00,0.000,0.00020
mp3_V0,003-01-Thor-Dari-lullaby.flac,0.00,0.000,0.00056
mp3_V0,004-01-Thiossane-Ablaye-Ndiaye-Aminata-ndiaye.flac,0.00,0.000,0.00024
mp3_V0,005-17-Los-Seven-Del-Swing-Celoso.flac,0.00,0.000,0.00028
mp3_V0,006-09-Mahmoud-Ahmed-Tezeta.flac,0.00,0.000,0.00127
mp3_V0,007-07-Wax-Tailor-Positively-inclined-featuring-main.flac,0.00,0.000,0.00038
mp3_V0,008-06-The-Mebusas-Mr-bull-dog-original-45-version.flac,0.00,0.000,0.00028
mp3_V0,009-03-Ilya-Beshevli-To-solitude.flac,0.00,0.000,0.00370
mp3_V0,010-06-Jon-Hassell-These-times.flac,1.00,1.000,0.00148
mp3_V0,011-07-Ensemble-National-des-Percussions-de-Guin-e-K.flac,0.00,0.000,0.00019
mp3_V0,012-07-A-La-Carte-Brass-And-Percussion-Papa-was-a-ro.flac,0.00,0.000,0.00029
mp3_V0,013-22-Roswell-Sacred-Harp-Quartet-Weeping-mary.flac,0.00,0.000,0.00024
mp3_V0,014-26-Dock-Walsh-Bathe-in-that-beautiful-pool.flac,0.00,0.000,0.00036
mp3_V0,015-08-Jos-Gonz-lez-Vissel.flac,0.00,0.000,0.00013
mp3_V0,016-03-Memory-Tapes-Green-knight.flac,0.00,0.000,0.00026
mp3_V0,017-13-Cafe-Del-Mar-Submariner.flac,0.00,0.000,0.00081
mp3_V0,018-04-Bag-o-wire-Resovoir.flac,0.00,0.000,0.00028
mp3_V0,019-04-Kohi-Jadu.flac,0.00,0.000,0.00017
mp3_V0,020-06-Bola-Tigantabame.flac,0.00,0.000,0.00070
mp3_V0,021-13-Colombiafrica-The-Mystic-Orchestra-Rey-de-roc.flac,0.00,0.000,0.00023
mp3_V0,022-17-Michel-Legrand-It-s-good-to-be-alive-the-chas.flac,0.00,0.000,0.00032
mp3_V0,023-01-Yusef-Lateef-Buddy-and-lou.flac,0.00,0.000,0.00036
mp3_V0,024-15-Jordi-Savall-Concert-li-la-rougeville-gigue.flac,0.00,0.000,0.00022
mp3_V0,025-07-Bolalar-Lola.flac,0.00,0.000,0.00019
mp3_V0,026-06-Oumou-Dioubat-Siyala.flac,0.00,0.000,0.00019
mp3_V0,027-01-Dimlite-Kitty-Cradle-Fog.flac,0.00,0.000,0.00013
mp3_V0,028-04-Lisu-Yue-phue-alcool-de-ma-s.flac,0.00,0.000,0.00259
mp3_V0,029-05-Kuusow-Kurtunwaarey-Amin-Xaaji-Cusmaan-Cabdul.flac,0.00,0.000,0.00042
mp3_V0,030-06-S-bastien-Tellier-Benny.flac,0.00,0.000,0.00067
mp3_V0,031-07-Shkoon-Just-Emma-Id.flac,0.00,0.000,0.00029
mp3_V0,032-05-2kilos-more-Cache-feu.flac,0.00,0.000,0.00023
mp3_V0,033-01-Daylight-Rising.flac,0.00,0.000,0.00068
mp3_V0,034-09-Snow-Ghosts-Bowline.flac,0.00,0.000,0.00032
mp3_V0,035-16-Slow-Air-In-Dropped-D.flac,0.00,0.000,0.00042
mp3_V0,036-08-Nicolas-Comment-Amaurose.flac,0.00,0.000,0.00037
mp3_V0,037-02-Super-Cayor-De-Dakar-Emboutaieillage.flac,0.00,0.000,0.00049
mp3_V0,038-11-Red-Hot-Chili-Peppers-This-velvet-glove.flac,0.00,0.000,0.00041
mp3_V0,039-13-Kat-Onoma-Change-blues.flac,0.00,0.000,0.00042
aacmf_256,000-03-Balla-et-ses-Balladins-Moi-ca-ma-fout.flac,0.00,0.000,0.00038
aacmf_256,001-11-Gilbert-B-caud-Le-bain-de-minuit.flac,2.00,1.500,0.00616
aacmf_256,002-03-Hraach-Let-it-go.flac,0.00,0.000,0.00015
aacmf_256,003-01-Thor-Dari-lullaby.flac,0.00,0.000,0.00054
aacmf_256,004-01-Thiossane-Ablaye-Ndiaye-Aminata-ndiaye.flac,0.00,0.000,0.00033
aacmf_256,005-17-Los-Seven-Del-Swing-Celoso.flac,0.00,0.000,0.00064
aacmf_256,006-09-Mahmoud-Ahmed-Tezeta.flac,0.00,0.000,0.00125
aacmf_256,007-07-Wax-Tailor-Positively-inclined-featuring-main.flac,1.00,1.000,0.00308
aacmf_256,008-06-The-Mebusas-Mr-bull-dog-original-45-version.flac,1.00,1.000,0.00284
aacmf_256,009-03-Ilya-Beshevli-To-solitude.flac,0.00,0.000,0.00437
aacmf_256,010-06-Jon-Hassell-These-times.flac,1.00,1.000,0.00179
aacmf_256,011-07-Ensemble-National-des-Percussions-de-Guin-e-K.flac,0.00,0.000,0.00015
aacmf_256,012-07-A-La-Carte-Brass-And-Percussion-Papa-was-a-ro.flac,0.00,0.000,0.00047
aacmf_256,013-22-Roswell-Sacred-Harp-Quartet-Weeping-mary.flac,0.00,0.000,0.00023
aacmf_256,014-26-Dock-Walsh-Bathe-in-that-beautiful-pool.flac,0.00,0.000,0.00031
aacmf_256,015-08-Jos-Gonz-lez-Vissel.flac,0.00,0.000,0.00013
aacmf_256,016-03-Memory-Tapes-Green-knight.flac,0.00,0.000,0.00017
aacmf_256,017-13-Cafe-Del-Mar-Submariner.flac,0.00,0.000,0.00411
aacmf_256,018-04-Bag-o-wire-Resovoir.flac,0.00,0.000,0.00033
aacmf_256,019-04-Kohi-Jadu.flac,0.00,0.000,0.00017
aacmf_256,020-06-Bola-Tigantabame.flac,0.00,0.000,0.00056
aacmf_256,021-13-Colombiafrica-The-Mystic-Orchestra-Rey-de-roc.flac,0.00,0.000,0.00083
aacmf_256,022-17-Michel-Legrand-It-s-good-to-be-alive-the-chas.flac,0.00,0.000,0.00035
aacmf_256,023-01-Yusef-Lateef-Buddy-and-lou.flac,0.00,0.000,0.00040
aacmf_256,024-15-Jordi-Savall-Concert-li-la-rougeville-gigue.flac,0.00,0.000,0.00020
aacmf_256,025-07-Bolalar-Lola.flac,0.00,0.000,0.00018
aacmf_256,026-06-Oumou-Dioubat-Siyala.flac,0.00,0.000,0.00026
aacmf_256,027-01-Dimlite-Kitty-Cradle-Fog.flac,0.00,0.000,0.00022
aacmf_256,028-04-Lisu-Yue-phue-alcool-de-ma-s.flac,0.00,0.000,0.00291
aacmf_256,029-05-Kuusow-Kurtunwaarey-Amin-Xaaji-Cusmaan-Cabdul.flac,0.00,0.000,0.00044
aacmf_256,030-06-S-bastien-Tellier-Benny.flac,0.00,0.000,0.00068
aacmf_256,031-07-Shkoon-Just-Emma-Id.flac,0.00,0.000,0.00018
aacmf_256,032-05-2kilos-more-Cache-feu.flac,0.00,0.000,0.00024
aacmf_256,033-01-Daylight-Rising.flac,0.00,0.000,0.00047
aacmf_256,034-09-Snow-Ghosts-Bowline.flac,0.00,0.000,0.00023
aacmf_256,035-16-Slow-Air-In-Dropped-D.flac,0.00,0.000,0.00044
aacmf_256,036-08-Nicolas-Comment-Amaurose.flac,0.00,0.000,0.00033
aacmf_256,037-02-Super-Cayor-De-Dakar-Emboutaieillage.flac,0.00,0.000,0.00051
aacmf_256,038-11-Red-Hot-Chili-Peppers-This-velvet-glove.flac,0.00,0.000,0.00024
aacmf_256,039-13-Kat-Onoma-Change-blues.flac,0.00,0.000,0.00035
opus_256,000-03-Balla-et-ses-Balladins-Moi-ca-ma-fout.flac,0.00,0.000,0.00061
opus_256,001-11-Gilbert-B-caud-Le-bain-de-minuit.flac,0.00,0.000,0.00028
opus_256,002-03-Hraach-Let-it-go.flac,0.00,0.000,0.00014
opus_256,003-01-Thor-Dari-lullaby.flac,0.00,0.000,0.00025
opus_256,004-01-Thiossane-Ablaye-Ndiaye-Aminata-ndiaye.flac,0.00,0.000,0.00025
opus_256,005-17-Los-Seven-Del-Swing-Celoso.flac,0.00,0.000,0.00024
opus_256,006-09-Mahmoud-Ahmed-Tezeta.flac,0.00,0.000,0.00095
opus_256,007-07-Wax-Tailor-Positively-inclined-featuring-main.flac,0.00,0.000,0.00029
opus_256,008-06-The-Mebusas-Mr-bull-dog-original-45-version.flac,0.00,0.000,0.00029
opus_256,009-03-Ilya-Beshevli-To-solitude.flac,0.00,0.000,0.00152
opus_256,010-06-Jon-Hassell-These-times.flac,0.00,0.000,0.00114
opus_256,011-07-Ensemble-National-des-Percussions-de-Guin-e-K.flac,0.00,0.000,0.00018
opus_256,012-07-A-La-Carte-Brass-And-Percussion-Papa-was-a-ro.flac,0.00,0.000,0.00027
opus_256,013-22-Roswell-Sacred-Harp-Quartet-Weeping-mary.flac,0.00,0.000,0.00035
opus_256,014-26-Dock-Walsh-Bathe-in-that-beautiful-pool.flac,0.00,0.000,0.00034
opus_256,015-08-Jos-Gonz-lez-Vissel.flac,0.00,0.000,0.00020
opus_256,016-03-Memory-Tapes-Green-knight.flac,0.00,0.000,0.00024
opus_256,017-13-Cafe-Del-Mar-Submariner.flac,0.00,0.000,0.00029
opus_256,018-04-Bag-o-wire-Resovoir.flac,0.00,0.000,0.00034
opus_256,019-04-Kohi-Jadu.flac,0.00,0.000,0.00028
opus_256,020-06-Bola-Tigantabame.flac,0.00,0.000,0.00066
opus_256,021-13-Colombiafrica-The-Mystic-Orchestra-Rey-de-roc.flac,0.00,0.000,0.00028
opus_256,022-17-Michel-Legrand-It-s-good-to-be-alive-the-chas.flac,0.00,0.000,0.00025
opus_256,023-01-Yusef-Lateef-Buddy-and-lou.flac,0.00,0.000,0.00039
opus_256,024-15-Jordi-Savall-Concert-li-la-rougeville-gigue.flac,0.00,0.000,0.00017
opus_256,025-07-Bolalar-Lola.flac,0.00,0.000,0.00021
opus_256,026-06-Oumou-Dioubat-Siyala.flac,0.00,0.000,0.00028
opus_256,027-01-Dimlite-Kitty-Cradle-Fog.flac,0.00,0.000,0.00020
opus_256,028-04-Lisu-Yue-phue-alcool-de-ma-s.flac,0.00,0.000,0.00265
opus_256,029-05-Kuusow-Kurtunwaarey-Amin-Xaaji-Cusmaan-Cabdul.flac,0.00,0.000,0.00040
opus_256,030-06-S-bastien-Tellier-Benny.flac,0.00,0.000,0.00032
opus_256,031-07-Shkoon-Just-Emma-Id.flac,0.00,0.000,0.00013
opus_256,032-05-2kilos-more-Cache-feu.flac,0.00,0.000,0.00039
opus_256,033-01-Daylight-Rising.flac,0.00,0.000,0.00061
opus_256,034-09-Snow-Ghosts-Bowline.flac,0.00,0.000,0.00018
opus_256,035-16-Slow-Air-In-Dropped-D.flac,0.00,0.000,0.00032
opus_256,036-08-Nicolas-Comment-Amaurose.flac,0.00,0.000,0.00067
opus_256,037-02-Super-Cayor-De-Dakar-Emboutaieillage.flac,0.00,0.000,0.00024
opus_256,038-11-Red-Hot-Chili-Peppers-This-velvet-glove.flac,0.00,0.000,0.00036
opus_256,039-13-Kat-Onoma-Change-blues.flac,0.00,0.000,0.00032
aac_ff320,000-03-Balla-et-ses-Balladins-Moi-ca-ma-fout.flac,0.00,0.000,0.00050
aac_ff320,001-11-Gilbert-B-caud-Le-bain-de-minuit.flac,0.00,0.000,0.00027
aac_ff320,002-03-Hraach-Let-it-go.flac,0.00,0.000,0.00010
aac_ff320,003-01-Thor-Dari-lullaby.flac,0.00,0.000,0.00045
aac_ff320,004-01-Thiossane-Ablaye-Ndiaye-Aminata-ndiaye.flac,0.00,0.000,0.00044
aac_ff320,005-17-Los-Seven-Del-Swing-Celoso.flac,0.00,0.000,0.00020
aac_ff320,006-09-Mahmoud-Ahmed-Tezeta.flac,0.00,0.000,0.00116
aac_ff320,007-07-Wax-Tailor-Positively-inclined-featuring-main.flac,0.00,0.000,0.00038
aac_ff320,008-06-The-Mebusas-Mr-bull-dog-original-45-version.flac,0.00,0.000,0.00018
aac_ff320,009-03-Ilya-Beshevli-To-solitude.flac,1.00,1.000,0.00502
aac_ff320,010-06-Jon-Hassell-These-times.flac,1.00,1.000,0.00160
aac_ff320,011-07-Ensemble-National-des-Percussions-de-Guin-e-K.flac,0.00,0.000,0.00020
aac_ff320,012-07-A-La-Carte-Brass-And-Percussion-Papa-was-a-ro.flac,0.00,0.000,0.00023
aac_ff320,013-22-Roswell-Sacred-Harp-Quartet-Weeping-mary.flac,0.00,0.000,0.00029
aac_ff320,014-26-Dock-Walsh-Bathe-in-that-beautiful-pool.flac,0.00,0.000,0.00040
aac_ff320,015-08-Jos-Gonz-lez-Vissel.flac,0.00,0.000,0.00018
aac_ff320,016-03-Memory-Tapes-Green-knight.flac,0.00,0.000,0.00018
aac_ff320,017-13-Cafe-Del-Mar-Submariner.flac,0.00,0.000,0.00061
aac_ff320,018-04-Bag-o-wire-Resovoir.flac,0.00,0.000,0.00045
aac_ff320,019-04-Kohi-Jadu.flac,0.00,0.000,0.00023
aac_ff320,020-06-Bola-Tigantabame.flac,0.00,0.000,0.00070
aac_ff320,021-13-Colombiafrica-The-Mystic-Orchestra-Rey-de-roc.flac,0.00,0.000,0.00027
aac_ff320,022-17-Michel-Legrand-It-s-good-to-be-alive-the-chas.flac,0.00,0.000,0.00023
aac_ff320,023-01-Yusef-Lateef-Buddy-and-lou.flac,0.00,0.000,0.00020
aac_ff320,024-15-Jordi-Savall-Concert-li-la-rougeville-gigue.flac,0.00,0.000,0.00020
aac_ff320,025-07-Bolalar-Lola.flac,0.00,0.000,0.00015
aac_ff320,026-06-Oumou-Dioubat-Siyala.flac,0.00,0.000,0.00020
aac_ff320,027-01-Dimlite-Kitty-Cradle-Fog.flac,0.00,0.000,0.00027
aac_ff320,028-04-Lisu-Yue-phue-alcool-de-ma-s.flac,0.00,0.000,0.00264
aac_ff320,029-05-Kuusow-Kurtunwaarey-Amin-Xaaji-Cusmaan-Cabdul.flac,0.00,0.000,0.00052
aac_ff320,030-06-S-bastien-Tellier-Benny.flac,0.00,0.000,0.00058
aac_ff320,031-07-Shkoon-Just-Emma-Id.flac,0.00,0.000,0.00026
aac_ff320,032-05-2kilos-more-Cache-feu.flac,0.00,0.000,0.00026
aac_ff320,033-01-Daylight-Rising.flac,0.00,0.000,0.00069
aac_ff320,034-09-Snow-Ghosts-Bowline.flac,0.00,0.000,0.00019
aac_ff320,035-16-Slow-Air-In-Dropped-D.flac,0.00,0.000,0.00083
aac_ff320,036-08-Nicolas-Comment-Amaurose.flac,0.00,0.000,0.00024
aac_ff320,037-02-Super-Cayor-De-Dakar-Emboutaieillage.flac,0.00,0.000,0.00065
aac_ff320,038-11-Red-Hot-Chili-Peppers-This-velvet-glove.flac,0.00,0.000,0.00026
aac_ff320,039-13-Kat-Onoma-Change-blues.flac,0.00,0.000,0.00026
vorbis_q8,000-03-Balla-et-ses-Balladins-Moi-ca-ma-fout.flac,0.00,0.000,0.00052
vorbis_q8,001-11-Gilbert-B-caud-Le-bain-de-minuit.flac,0.00,0.000,0.00028
vorbis_q8,002-03-Hraach-Let-it-go.flac,0.00,0.000,0.00013
vorbis_q8,003-01-Thor-Dari-lullaby.flac,0.00,0.000,0.00052
vorbis_q8,004-01-Thiossane-Ablaye-Ndiaye-Aminata-ndiaye.flac,0.00,0.000,0.00035
vorbis_q8,005-17-Los-Seven-Del-Swing-Celoso.flac,0.00,0.000,0.00022
vorbis_q8,006-09-Mahmoud-Ahmed-Tezeta.flac,0.00,0.000,0.00132
vorbis_q8,007-07-Wax-Tailor-Positively-inclined-featuring-main.flac,0.00,0.000,0.00052
vorbis_q8,008-06-The-Mebusas-Mr-bull-dog-original-45-version.flac,0.00,0.000,0.00022
vorbis_q8,009-03-Ilya-Beshevli-To-solitude.flac,0.00,0.000,0.00392
vorbis_q8,010-06-Jon-Hassell-These-times.flac,0.00,0.000,0.00148
vorbis_q8,011-07-Ensemble-National-des-Percussions-de-Guin-e-K.flac,0.00,0.000,0.00013
vorbis_q8,012-07-A-La-Carte-Brass-And-Percussion-Papa-was-a-ro.flac,0.00,0.000,0.00022
vorbis_q8,013-22-Roswell-Sacred-Harp-Quartet-Weeping-mary.flac,0.00,0.000,0.00018
vorbis_q8,014-26-Dock-Walsh-Bathe-in-that-beautiful-pool.flac,0.00,0.000,0.00065
vorbis_q8,015-08-Jos-Gonz-lez-Vissel.flac,0.00,0.000,0.00015
vorbis_q8,016-03-Memory-Tapes-Green-knight.flac,0.00,0.000,0.00028
vorbis_q8,017-13-Cafe-Del-Mar-Submariner.flac,0.00,0.000,0.00693
vorbis_q8,018-04-Bag-o-wire-Resovoir.flac,0.00,0.000,0.00031
vorbis_q8,019-04-Kohi-Jadu.flac,0.00,0.000,0.00013
vorbis_q8,020-06-Bola-Tigantabame.flac,0.00,0.000,0.00046
vorbis_q8,021-13-Colombiafrica-The-Mystic-Orchestra-Rey-de-roc.flac,0.00,0.000,0.00023
vorbis_q8,022-17-Michel-Legrand-It-s-good-to-be-alive-the-chas.flac,0.00,0.000,0.00022
vorbis_q8,023-01-Yusef-Lateef-Buddy-and-lou.flac,0.00,0.000,0.00024
vorbis_q8,024-15-Jordi-Savall-Concert-li-la-rougeville-gigue.flac,0.00,0.000,0.00023
vorbis_q8,025-07-Bolalar-Lola.flac,0.00,0.000,0.00024
vorbis_q8,026-06-Oumou-Dioubat-Siyala.flac,0.00,0.000,0.00032
vorbis_q8,027-01-Dimlite-Kitty-Cradle-Fog.flac,0.00,0.000,0.00015
vorbis_q8,028-04-Lisu-Yue-phue-alcool-de-ma-s.flac,0.00,0.000,0.00284
vorbis_q8,029-05-Kuusow-Kurtunwaarey-Amin-Xaaji-Cusmaan-Cabdul.flac,0.00,0.000,0.00040
vorbis_q8,030-06-S-bastien-Tellier-Benny.flac,0.00,0.000,0.00072
vorbis_q8,031-07-Shkoon-Just-Emma-Id.flac,0.00,0.000,0.00020
vorbis_q8,032-05-2kilos-more-Cache-feu.flac,0.00,0.000,0.00014
vorbis_q8,033-01-Daylight-Rising.flac,0.00,0.000,0.00069
vorbis_q8,034-09-Snow-Ghosts-Bowline.flac,0.00,0.000,0.00026
vorbis_q8,035-16-Slow-Air-In-Dropped-D.flac,0.00,0.000,0.00081
vorbis_q8,036-08-Nicolas-Comment-Amaurose.flac,0.00,0.000,0.00023
vorbis_q8,037-02-Super-Cayor-De-Dakar-Emboutaieillage.flac,0.00,0.000,0.00056
vorbis_q8,038-11-Red-Hot-Chili-Peppers-This-velvet-glove.flac,0.00,0.000,0.00029
vorbis_q8,039-13-Kat-Onoma-Change-blues.flac,0.00,0.000,0.00029
