population,path,probe,R_phase0,R_best,best_phase,searched_phase
arms_control,000-03-Balla-et-ses-Balladins-Moi-ca-ma-fout.flac,lame3.90.3,5.44,5.26,529,
arms_control,000-03-Balla-et-ses-Balladins-Moi-ca-ma-fout.flac,lame3.92,13.48,13.48,0,
arms_control,000-03-Balla-et-ses-Balladins-Moi-ca-ma-fout.flac,lame3.93.1,22.43,22.43,0,
arms_control,000-03-Balla-et-ses-Balladins-Moi-ca-ma-fout.flac,lame3.96.1,11.03,11.03,0,
arms_control,000-03-Balla-et-ses-Balladins-Moi-ca-ma-fout.flac,lame3.97,4.83,4.79,529,
arms_control,000-03-Balla-et-ses-Balladins-Moi-ca-ma-fout.flac,lame3.98.4,0.85,0.85,0,
arms_control,000-03-Balla-et-ses-Balladins-Moi-ca-ma-fout.flac,lame3.100,-0.43,-0.43,0,
arms_control,001-11-Gilbert-B-caud-Le-bain-de-minuit.flac,lame3.90.3,2.35,2.22,47,
arms_control,001-11-Gilbert-B-caud-Le-bain-de-minuit.flac,lame3.92,4.82,4.82,0,
arms_control,001-11-Gilbert-B-caud-Le-bain-de-minuit.flac,lame3.93.1,11.93,11.93,0,
arms_control,001-11-Gilbert-B-caud-Le-bain-de-minuit.flac,lame3.96.1,11.92,11.92,0,
arms_control,001-11-Gilbert-B-caud-Le-bain-de-minuit.flac,lame3.97,0.95,0.95,0,
arms_control,001-11-Gilbert-B-caud-Le-bain-de-minuit.flac,lame3.98.4,0.90,0.90,0,
arms_control,001-11-Gilbert-B-caud-Le-bain-de-minuit.flac,lame3.100,0.81,0.81,0,
arms_control,002-03-Hraach-Let-it-go.flac,lame3.90.3,1.65,1.63,47,
arms_control,002-03-Hraach-Let-it-go.flac,lame3.92,7.60,7.60,0,
arms_control,002-03-Hraach-Let-it-go.flac,lame3.93.1,9.10,9.10,0,
arms_control,002-03-Hraach-Let-it-go.flac,lame3.96.1,3.88,3.88,0,
arms_control,002-03-Hraach-Let-it-go.flac,lame3.97,2.38,2.38,0,
arms_control,002-03-Hraach-Let-it-go.flac,lame3.98.4,2.22,2.22,0,
arms_control,002-03-Hraach-Let-it-go.flac,lame3.100,1.14,1.14,0,
arms_control,003-01-Thor-Dari-lullaby.flac,lame3.90.3,2.30,1.89,529,
arms_control,003-01-Thor-Dari-lullaby.flac,lame3.92,8.97,8.97,0,
arms_control,003-01-Thor-Dari-lullaby.flac,lame3.93.1,15.63,15.63,0,
arms_control,003-01-Thor-Dari-lullaby.flac,lame3.96.1,8.14,8.14,0,
arms_control,003-01-Thor-Dari-lullaby.flac,lame3.97,1.96,1.96,0,
arms_control,003-01-Thor-Dari-lullaby.flac,lame3.98.4,1.16,1.16,0,
arms_control,003-01-Thor-Dari-lullaby.flac,lame3.100,0.29,0.29,0,
arms_control,004-01-Thiossane-Ablaye-Ndiaye-Aminata-ndiaye.flac,lame3.90.3,2.01,1.72,529,
arms_control,004-01-Thiossane-Ablaye-Ndiaye-Aminata-ndiaye.flac,lame3.92,8.50,8.50,0,
arms_control,004-01-Thiossane-Ablaye-Ndiaye-Aminata-ndiaye.flac,lame3.93.1,13.79,13.79,0,
arms_control,004-01-Thiossane-Ablaye-Ndiaye-Aminata-ndiaye.flac,lame3.96.1,8.59,8.59,0,
arms_control,004-01-Thiossane-Ablaye-Ndiaye-Aminata-ndiaye.flac,lame3.97,1.75,1.75,0,
arms_control,004-01-Thiossane-Ablaye-Ndiaye-Aminata-ndiaye.flac,lame3.98.4,1.44,1.44,0,
arms_control,004-01-Thiossane-Ablaye-Ndiaye-Aminata-ndiaye.flac,lame3.100,1.34,1.34,0,
arms_control,005-17-Los-Seven-Del-Swing-Celoso.flac,lame3.90.3,4.68,4.30,47,
arms_control,005-17-Los-Seven-Del-Swing-Celoso.flac,lame3.92,14.52,14.52,0,
arms_control,005-17-Los-Seven-Del-Swing-Celoso.flac,lame3.93.1,20.53,20.53,0,
arms_control,005-17-Los-Seven-Del-Swing-Celoso.flac,lame3.96.1,12.90,12.90,0,
arms_control,005-17-Los-Seven-Del-Swing-Celoso.flac,lame3.97,1.78,1.78,0,
arms_control,005-17-Los-Seven-Del-Swing-Celoso.flac,lame3.98.4,1.29,1.29,0,
arms_control,005-17-Los-Seven-Del-Swing-Celoso.flac,lame3.100,1.23,1.23,0,
arms_control,006-09-Mahmoud-Ahmed-Tezeta.flac,lame3.90.3,5.97,5.92,529,
arms_control,006-09-Mahmoud-Ahmed-Tezeta.flac,lame3.92,13.67,13.67,0,
arms_control,006-09-Mahmoud-Ahmed-Tezeta.flac,lame3.93.1,18.82,18.82,0,
arms_control,006-09-Mahmoud-Ahmed-Tezeta.flac,lame3.96.1,7.82,7.82,0,
arms_control,006-09-Mahmoud-Ahmed-Tezeta.flac,lame3.97,3.17,3.17,0,
arms_control,006-09-Mahmoud-Ahmed-Tezeta.flac,lame3.98.4,0.99,0.99,0,
arms_control,006-09-Mahmoud-Ahmed-Tezeta.flac,lame3.100,0.77,0.77,0,
arms_control,007-07-Wax-Tailor-Positively-inclined-featuring-main.flac,lame3.90.3,3.14,3.06,47,
arms_control,007-07-Wax-Tailor-Positively-inclined-featuring-main.flac,lame3.92,12.33,12.33,0,
arms_control,007-07-Wax-Tailor-Positively-inclined-featuring-main.flac,lame3.93.1,16.76,16.76,0,
arms_control,007-07-Wax-Tailor-Positively-inclined-featuring-main.flac,lame3.96.1,11.01,11.01,0,
arms_control,007-07-Wax-Tailor-Positively-inclined-featuring-main.flac,lame3.97,1.56,1.56,0,
arms_control,007-07-Wax-Tailor-Positively-inclined-featuring-main.flac,lame3.98.4,1.22,1.22,0,
arms_control,007-07-Wax-Tailor-Positively-inclined-featuring-main.flac,lame3.100,1.19,1.19,0,
genuine_bar,000-03-Balla-et-ses-Balladins-Moi-ca-ma-fout.flac,lame3.90.3,5.27,5.24,47,
genuine_bar,000-03-Balla-et-ses-Balladins-Moi-ca-ma-fout.flac,lame3.92,13.22,12.77,47,
genuine_bar,000-03-Balla-et-ses-Balladins-Moi-ca-ma-fout.flac,lame3.93.1,23.29,23.29,0,
genuine_bar,000-03-Balla-et-ses-Balladins-Moi-ca-ma-fout.flac,lame3.96.1,14.97,14.79,47,
genuine_bar,000-03-Balla-et-ses-Balladins-Moi-ca-ma-fout.flac,lame3.97,4.74,4.74,0,
genuine_bar,000-03-Balla-et-ses-Balladins-Moi-ca-ma-fout.flac,lame3.98.4,2.20,2.17,529,
genuine_bar,000-03-Balla-et-ses-Balladins-Moi-ca-ma-fout.flac,lame3.100,1.03,1.02,529,
genuine_bar,001-11-Gilbert-B-caud-Le-bain-de-minuit.flac,lame3.90.3,2.03,1.92,529,
genuine_bar,001-11-Gilbert-B-caud-Le-bain-de-minuit.flac,lame3.92,10.52,10.09,47,
genuine_bar,001-11-Gilbert-B-caud-Le-bain-de-minuit.flac,lame3.93.1,25.04,23.43,529,
genuine_bar,001-11-Gilbert-B-caud-Le-bain-de-minuit.flac,lame3.96.1,13.71,13.24,529,
genuine_bar,001-11-Gilbert-B-caud-Le-bain-de-minuit.flac,lame3.97,1.75,1.74,529,
genuine_bar,001-11-Gilbert-B-caud-Le-bain-de-minuit.flac,lame3.98.4,1.64,1.64,0,
genuine_bar,001-11-Gilbert-B-caud-Le-bain-de-minuit.flac,lame3.100,3.04,3.04,0,
genuine_bar,002-03-Hraach-Let-it-go.flac,lame3.90.3,1.65,1.63,529,
genuine_bar,002-03-Hraach-Let-it-go.flac,lame3.92,12.22,12.16,529,
genuine_bar,002-03-Hraach-Let-it-go.flac,lame3.93.1,14.52,14.21,529,
genuine_bar,002-03-Hraach-Let-it-go.flac,lame3.96.1,6.18,6.18,0,
genuine_bar,002-03-Hraach-Let-it-go.flac,lame3.97,4.55,4.55,0,
genuine_bar,002-03-Hraach-Let-it-go.flac,lame3.98.4,5.09,5.01,529,
genuine_bar,002-03-Hraach-Let-it-go.flac,lame3.100,3.66,3.66,0,
genuine_bar,003-01-Thor-Dari-lullaby.flac,lame3.90.3,1.70,1.70,0,
genuine_bar,003-01-Thor-Dari-lullaby.flac,lame3.92,10.47,10.30,47,
genuine_bar,003-01-Thor-Dari-lullaby.flac,lame3.93.1,17.55,17.55,0,
genuine_bar,003-01-Thor-Dari-lullaby.flac,lame3.96.1,9.34,8.82,529,
genuine_bar,003-01-Thor-Dari-lullaby.flac,lame3.97,3.70,3.65,529,
genuine_bar,003-01-Thor-Dari-lullaby.flac,lame3.98.4,2.50,2.42,47,
genuine_bar,003-01-Thor-Dari-lullaby.flac,lame3.100,3.30,3.15,529,
genuine_bar,004-01-Thiossane-Ablaye-Ndiaye-Aminata-ndiaye.flac,lame3.90.3,1.72,1.65,47,
genuine_bar,004-01-Thiossane-Ablaye-Ndiaye-Aminata-ndiaye.flac,lame3.92,10.24,10.06,47,
genuine_bar,004-01-Thiossane-Ablaye-Ndiaye-Aminata-ndiaye.flac,lame3.93.1,17.39,17.39,0,
genuine_bar,004-01-Thiossane-Ablaye-Ndiaye-Aminata-ndiaye.flac,lame3.96.1,9.61,9.32,529,
genuine_bar,004-01-Thiossane-Ablaye-Ndiaye-Aminata-ndiaye.flac,lame3.97,2.97,2.94,47,
genuine_bar,004-01-Thiossane-Ablaye-Ndiaye-Aminata-ndiaye.flac,lame3.98.4,2.57,2.45,529,
genuine_bar,004-01-Thiossane-Ablaye-Ndiaye-Aminata-ndiaye.flac,lame3.100,3.22,3.22,0,
genuine_bar,005-17-Los-Seven-Del-Swing-Celoso.flac,lame3.90.3,4.24,3.98,47,
genuine_bar,005-17-Los-Seven-Del-Swing-Celoso.flac,lame3.92,12.18,11.85,47,
genuine_bar,005-17-Los-Seven-Del-Swing-Celoso.flac,lame3.93.1,24.25,22.91,47,
genuine_bar,005-17-Los-Seven-Del-Swing-Celoso.flac,lame3.96.1,13.30,12.31,529,
genuine_bar,005-17-Los-Seven-Del-Swing-Celoso.flac,lame3.97,2.51,2.37,529,
genuine_bar,005-17-Los-Seven-Del-Swing-Celoso.flac,lame3.98.4,1.78,1.78,0,
genuine_bar,005-17-Los-Seven-Del-Swing-Celoso.flac,lame3.100,2.60,2.60,0,
genuine_bar,006-09-Mahmoud-Ahmed-Tezeta.flac,lame3.90.3,5.85,5.82,47,
genuine_bar,006-09-Mahmoud-Ahmed-Tezeta.flac,lame3.92,12.16,12.14,47,
genuine_bar,006-09-Mahmoud-Ahmed-Tezeta.flac,lame3.93.1,18.19,17.10,529,
genuine_bar,006-09-Mahmoud-Ahmed-Tezeta.flac,lame3.96.1,15.17,13.86,529,
genuine_bar,006-09-Mahmoud-Ahmed-Tezeta.flac,lame3.97,3.66,3.56,47,
genuine_bar,006-09-Mahmoud-Ahmed-Tezeta.flac,lame3.98.4,1.69,1.65,47,
genuine_bar,006-09-Mahmoud-Ahmed-Tezeta.flac,lame3.100,1.85,1.85,0,
genuine_bar,007-07-Wax-Tailor-Positively-inclined-featuring-main.flac,lame3.90.3,2.98,2.98,0,
genuine_bar,007-07-Wax-Tailor-Positively-inclined-featuring-main.flac,lame3.92,12.84,12.84,0,
genuine_bar,007-07-Wax-Tailor-Positively-inclined-featuring-main.flac,lame3.93.1,21.88,21.88,0,
genuine_bar,007-07-Wax-Tailor-Positively-inclined-featuring-main.flac,lame3.96.1,12.62,12.62,0,
genuine_bar,007-07-Wax-Tailor-Positively-inclined-featuring-main.flac,lame3.97,2.50,2.26,47,
genuine_bar,007-07-Wax-Tailor-Positively-inclined-featuring-main.flac,lame3.98.4,2.01,2.00,47,
genuine_bar,007-07-Wax-Tailor-Positively-inclined-featuring-main.flac,lame3.100,2.93,2.93,0,
genuine_bar,008-06-The-Mebusas-Mr-bull-dog-original-45-version.flac,lame3.90.3,6.11,6.10,529,
genuine_bar,008-06-The-Mebusas-Mr-bull-dog-original-45-version.flac,lame3.92,15.93,14.79,47,
genuine_bar,008-06-The-Mebusas-Mr-bull-dog-original-45-version.flac,lame3.93.1,24.52,23.64,47,
genuine_bar,008-06-The-Mebusas-Mr-bull-dog-original-45-version.flac,lame3.96.1,13.45,13.01,529,
genuine_bar,008-06-The-Mebusas-Mr-bull-dog-original-45-version.flac,lame3.97,2.71,2.71,0,
genuine_bar,008-06-The-Mebusas-Mr-bull-dog-original-45-version.flac,lame3.98.4,2.64,2.43,529,
genuine_bar,008-06-The-Mebusas-Mr-bull-dog-original-45-version.flac,lame3.100,2.93,2.93,0,
genuine_bar,009-03-Ilya-Beshevli-To-solitude.flac,lame3.90.3,4.47,4.47,0,
genuine_bar,009-03-Ilya-Beshevli-To-solitude.flac,lame3.92,10.84,10.66,529,
genuine_bar,009-03-Ilya-Beshevli-To-solitude.flac,lame3.93.1,12.84,12.84,0,
genuine_bar,009-03-Ilya-Beshevli-To-solitude.flac,lame3.96.1,5.81,5.67,47,
genuine_bar,009-03-Ilya-Beshevli-To-solitude.flac,lame3.97,3.16,3.08,47,
genuine_bar,009-03-Ilya-Beshevli-To-solitude.flac,lame3.98.4,3.23,3.13,529,
genuine_bar,009-03-Ilya-Beshevli-To-solitude.flac,lame3.100,3.41,3.33,47,
genuine_bar,010-06-Jon-Hassell-These-times.flac,lame3.90.3,3.71,3.71,0,
genuine_bar,010-06-Jon-Hassell-These-times.flac,lame3.92,16.10,16.10,0,
genuine_bar,010-06-Jon-Hassell-These-times.flac,lame3.93.1,19.32,19.32,0,
genuine_bar,010-06-Jon-Hassell-These-times.flac,lame3.96.1,6.65,6.50,47,
genuine_bar,010-06-Jon-Hassell-These-times.flac,lame3.97,3.62,3.53,47,
genuine_bar,010-06-Jon-Hassell-These-times.flac,lame3.98.4,3.51,3.49,47,
genuine_bar,010-06-Jon-Hassell-These-times.flac,lame3.100,3.93,3.89,529,
genuine_bar,011-07-Ensemble-National-des-Percussions-de-Guin-e-K.flac,lame3.90.3,2.28,2.27,47,
genuine_bar,011-07-Ensemble-National-des-Percussions-de-Guin-e-K.flac,lame3.92,9.10,8.99,529,
genuine_bar,011-07-Ensemble-National-des-Percussions-de-Guin-e-K.flac,lame3.93.1,9.25,9.03,529,
genuine_bar,011-07-Ensemble-National-des-Percussions-de-Guin-e-K.flac,lame3.96.1,4.97,4.97,0,
genuine_bar,011-07-Ensemble-National-des-Percussions-de-Guin-e-K.flac,lame3.97,2.86,2.78,47,
genuine_bar,011-07-Ensemble-National-des-Percussions-de-Guin-e-K.flac,lame3.98.4,2.70,2.70,47,
genuine_bar,011-07-Ensemble-National-des-Percussions-de-Guin-e-K.flac,lame3.100,3.25,3.24,47,
genuine_bar,012-07-A-La-Carte-Brass-And-Percussion-Papa-was-a-ro.flac,lame3.90.3,2.68,2.68,0,
genuine_bar,012-07-A-La-Carte-Brass-And-Percussion-Papa-was-a-ro.flac,lame3.92,11.04,11.04,0,
genuine_bar,012-07-A-La-Carte-Brass-And-Percussion-Papa-was-a-ro.flac,lame3.93.1,15.91,15.80,529,
genuine_bar,012-07-A-La-Carte-Brass-And-Percussion-Papa-was-a-ro.flac,lame3.96.1,7.89,7.87,529,
genuine_bar,012-07-A-La-Carte-Brass-And-Percussion-Papa-was-a-ro.flac,lame3.97,4.88,4.88,0,
genuine_bar,012-07-A-La-Carte-Brass-And-Percussion-Papa-was-a-ro.flac,lame3.98.4,4.31,4.25,529,
genuine_bar,012-07-A-La-Carte-Brass-And-Percussion-Papa-was-a-ro.flac,lame3.100,5.08,5.08,0,
genuine_bar,013-22-Roswell-Sacred-Harp-Quartet-Weeping-mary.flac,lame3.90.3,6.52,6.49,529,
genuine_bar,013-22-Roswell-Sacred-Harp-Quartet-Weeping-mary.flac,lame3.92,17.12,16.77,529,
genuine_bar,013-22-Roswell-Sacred-Harp-Quartet-Weeping-mary.flac,lame3.93.1,21.31,20.80,529,
genuine_bar,013-22-Roswell-Sacred-Harp-Quartet-Weeping-mary.flac,lame3.96.1,11.07,10.66,529,
genuine_bar,013-22-Roswell-Sacred-Harp-Quartet-Weeping-mary.flac,lame3.97,5.98,5.87,529,
genuine_bar,013-22-Roswell-Sacred-Harp-Quartet-Weeping-mary.flac,lame3.98.4,1.67,1.63,529,
genuine_bar,013-22-Roswell-Sacred-Harp-Quartet-Weeping-mary.flac,lame3.100,2.25,2.22,47,
genuine_bar,014-26-Dock-Walsh-Bathe-in-that-beautiful-pool.flac,lame3.90.3,7.94,7.94,0,
genuine_bar,014-26-Dock-Walsh-Bathe-in-that-beautiful-pool.flac,lame3.92,17.00,16.76,47,
genuine_bar,014-26-Dock-Walsh-Bathe-in-that-beautiful-pool.flac,lame3.93.1,21.80,21.80,0,
genuine_bar,014-26-Dock-Walsh-Bathe-in-that-beautiful-pool.flac,lame3.96.1,7.20,7.03,47,
genuine_bar,014-26-Dock-Walsh-Bathe-in-that-beautiful-pool.flac,lame3.97,4.24,4.24,0,
genuine_bar,014-26-Dock-Walsh-Bathe-in-that-beautiful-pool.flac,lame3.98.4,0.97,0.85,47,
genuine_bar,014-26-Dock-Walsh-Bathe-in-that-beautiful-pool.flac,lame3.100,2.08,1.99,47,
genuine_bar,015-08-Jos-Gonz-lez-Vissel.flac,lame3.90.3,1.76,1.76,0,
genuine_bar,015-08-Jos-Gonz-lez-Vissel.flac,lame3.92,12.00,11.42,47,
genuine_bar,015-08-Jos-Gonz-lez-Vissel.flac,lame3.93.1,15.05,15.05,0,
genuine_bar,015-08-Jos-Gonz-lez-Vissel.flac,lame3.96.1,6.54,6.32,47,
genuine_bar,015-08-Jos-Gonz-lez-Vissel.flac,lame3.97,4.60,4.56,529,
genuine_bar,015-08-Jos-Gonz-lez-Vissel.flac,lame3.98.4,4.66,4.60,47,
genuine_bar,015-08-Jos-Gonz-lez-Vissel.flac,lame3.100,3.38,3.30,47,
genuine_bar,016-03-Memory-Tapes-Green-knight.flac,lame3.90.3,1.21,1.21,529,
genuine_bar,016-03-Memory-Tapes-Green-knight.flac,lame3.92,10.38,10.38,0,
genuine_bar,016-03-Memory-Tapes-Green-knight.flac,lame3.93.1,20.35,18.50,529,
genuine_bar,016-03-Memory-Tapes-Green-knight.flac,lame3.96.1,10.58,10.38,47,
genuine_bar,016-03-Memory-Tapes-Green-knight.flac,lame3.97,4.77,4.70,47,
genuine_bar,016-03-Memory-Tapes-Green-knight.flac,lame3.98.4,2.84,2.84,0,
genuine_bar,016-03-Memory-Tapes-Green-knight.flac,lame3.100,3.18,3.18,0,
genuine_bar,017-13-Cafe-Del-Mar-Submariner.flac,lame3.90.3,1.87,1.74,529,
genuine_bar,017-13-Cafe-Del-Mar-Submariner.flac,lame3.92,12.93,12.54,47,
genuine_bar,017-13-Cafe-Del-Mar-Submariner.flac,lame3.93.1,17.72,16.93,47,
genuine_bar,017-13-Cafe-Del-Mar-Submariner.flac,lame3.96.1,8.80,8.40,529,
genuine_bar,017-13-Cafe-Del-Mar-Submariner.flac,lame3.97,3.19,3.14,47,
genuine_bar,017-13-Cafe-Del-Mar-Submariner.flac,lame3.98.4,2.69,2.66,47,
genuine_bar,017-13-Cafe-Del-Mar-Submariner.flac,lame3.100,4.05,3.77,47,
genuine_bar,018-04-Bag-o-wire-Resovoir.flac,lame3.90.3,3.02,2.77,47,
genuine_bar,018-04-Bag-o-wire-Resovoir.flac,lame3.92,15.98,15.50,47,
genuine_bar,018-04-Bag-o-wire-Resovoir.flac,lame3.93.1,20.36,19.04,529,
genuine_bar,018-04-Bag-o-wire-Resovoir.flac,lame3.96.1,11.89,11.11,529,
genuine_bar,018-04-Bag-o-wire-Resovoir.flac,lame3.97,3.41,3.41,0,
genuine_bar,018-04-Bag-o-wire-Resovoir.flac,lame3.98.4,1.90,1.71,529,
genuine_bar,018-04-Bag-o-wire-Resovoir.flac,lame3.100,2.90,2.85,47,
genuine_bar,019-04-Kohi-Jadu.flac,lame3.90.3,2.86,2.86,0,
genuine_bar,019-04-Kohi-Jadu.flac,lame3.92,12.97,12.52,529,
genuine_bar,019-04-Kohi-Jadu.flac,lame3.93.1,19.40,18.42,529,
genuine_bar,019-04-Kohi-Jadu.flac,lame3.96.1,8.84,8.80,47,
genuine_bar,019-04-Kohi-Jadu.flac,lame3.97,2.45,2.33,529,
genuine_bar,019-04-Kohi-Jadu.flac,lame3.98.4,2.34,2.33,529,
genuine_bar,019-04-Kohi-Jadu.flac,lame3.100,2.86,2.86,0,
wild_owner,01 Sunlight (Breeze & Styles remix).wav,lame3.90.3,3.29,3.02,529,
wild_owner,01 Sunlight (Breeze & Styles remix).wav,lame3.92,14.29,13.48,529,572
wild_owner,01 Sunlight (Breeze & Styles remix).wav,lame3.93.1,18.44,17.92,47,
wild_owner,01 Sunlight (Breeze & Styles remix).wav,lame3.96.1,7.88,7.72,529,
wild_owner,01 Sunlight (Breeze & Styles remix).wav,lame3.97,2.36,2.36,0,
wild_owner,01 Sunlight (Breeze & Styles remix).wav,lame3.98.4,2.07,1.90,47,
wild_owner,01 Sunlight (Breeze & Styles remix).wav,lame3.100,2.50,2.31,47,
wild_owner,02 Feeling Fine (Darren Styles mix).wav,lame3.90.3,3.67,3.67,0,
wild_owner,02 Feeling Fine (Darren Styles mix).wav,lame3.92,18.70,17.80,47,351
wild_owner,02 Feeling Fine (Darren Styles mix).wav,lame3.93.1,22.61,22.30,47,
wild_owner,02 Feeling Fine (Darren Styles mix).wav,lame3.96.1,12.45,11.57,529,
wild_owner,02 Feeling Fine (Darren Styles mix).wav,lame3.97,3.64,3.64,0,
wild_owner,02 Feeling Fine (Darren Styles mix).wav,lame3.98.4,2.39,2.39,0,
wild_owner,02 Feeling Fine (Darren Styles mix).wav,lame3.100,3.58,3.58,0,
wild_owner,03 Blue Anthem.wav,lame3.90.3,1.30,1.29,47,
wild_owner,03 Blue Anthem.wav,lame3.92,9.77,9.20,195,195
wild_owner,03 Blue Anthem.wav,lame3.93.1,23.95,23.51,47,
wild_owner,03 Blue Anthem.wav,lame3.96.1,13.09,13.09,0,
wild_owner,03 Blue Anthem.wav,lame3.97,1.53,1.53,0,
wild_owner,03 Blue Anthem.wav,lame3.98.4,1.29,1.29,0,
wild_owner,03 Blue Anthem.wav,lame3.100,3.03,3.00,47,
wild_owner,04 Chemical Love (Hardcore mix).wav,lame3.90.3,0.01,-0.00,47,
wild_owner,04 Chemical Love (Hardcore mix).wav,lame3.92,9.34,9.29,529,100
wild_owner,04 Chemical Love (Hardcore mix).wav,lame3.93.1,20.24,20.24,0,
wild_owner,04 Chemical Love (Hardcore mix).wav,lame3.96.1,11.76,10.95,47,
wild_owner,04 Chemical Love (Hardcore mix).wav,lame3.97,3.02,3.02,0,
wild_owner,04 Chemical Love (Hardcore mix).wav,lame3.98.4,2.45,2.36,47,
wild_owner,04 Chemical Love (Hardcore mix).wav,lame3.100,3.66,3.61,47,
wild_owner,05 Taking Me Higher.wav,lame3.90.3,3.44,3.44,0,
wild_owner,05 Taking Me Higher.wav,lame3.92,12.73,11.99,47,203
wild_owner,05 Taking Me Higher.wav,lame3.93.1,20.23,20.23,0,
wild_owner,05 Taking Me Higher.wav,lame3.96.1,9.32,8.96,47,
wild_owner,05 Taking Me Higher.wav,lame3.97,2.38,2.28,47,
wild_owner,05 Taking Me Higher.wav,lame3.98.4,1.71,1.71,529,
wild_owner,05 Taking Me Higher.wav,lame3.100,2.31,2.31,0,
wild_owner,06 Aurora.wav,lame3.90.3,0.82,0.82,0,
wild_owner,06 Aurora.wav,lame3.92,11.55,11.30,47,61
wild_owner,06 Aurora.wav,lame3.93.1,18.73,18.73,0,
wild_owner,06 Aurora.wav,lame3.96.1,11.42,10.94,47,
wild_owner,06 Aurora.wav,lame3.97,3.31,3.30,47,
wild_owner,06 Aurora.wav,lame3.98.4,2.37,2.37,0,
wild_owner,06 Aurora.wav,lame3.100,3.10,3.10,0,
wild_owner,07 Heartbeatz (Scott Brown remix).wav,lame3.90.3,0.83,0.69,47,
wild_owner,07 Heartbeatz (Scott Brown remix).wav,lame3.92,9.49,9.49,0,228
wild_owner,07 Heartbeatz (Scott Brown remix).wav,lame3.93.1,20.46,20.46,0,
wild_owner,07 Heartbeatz (Scott Brown remix).wav,lame3.96.1,14.03,13.84,529,
wild_owner,07 Heartbeatz (Scott Brown remix).wav,lame3.97,2.74,2.73,529,
wild_owner,07 Heartbeatz (Scott Brown remix).wav,lame3.98.4,1.84,1.77,47,
wild_owner,07 Heartbeatz (Scott Brown remix).wav,lame3.100,2.94,2.92,529,
wild_owner,08 I Would Stay (Scott Brown Hardcore mix).wav,lame3.90.3,2.74,2.74,0,
wild_owner,08 I Would Stay (Scott Brown Hardcore mix).wav,lame3.92,13.24,12.65,436,436
wild_owner,08 I Would Stay (Scott Brown Hardcore mix).wav,lame3.93.1,26.29,26.13,529,
wild_owner,08 I Would Stay (Scott Brown Hardcore mix).wav,lame3.96.1,11.79,11.68,529,
wild_owner,08 I Would Stay (Scott Brown Hardcore mix).wav,lame3.97,2.40,2.35,529,
wild_owner,08 I Would Stay (Scott Brown Hardcore mix).wav,lame3.98.4,1.73,1.72,47,
wild_owner,08 I Would Stay (Scott Brown Hardcore mix).wav,lame3.100,2.32,2.32,0,
wild_owner,09 Drop the Beats.wav,lame3.90.3,2.28,2.28,0,
wild_owner,09 Drop the Beats.wav,lame3.92,12.06,11.89,529,465
wild_owner,09 Drop the Beats.wav,lame3.93.1,21.41,20.86,47,
wild_owner,09 Drop the Beats.wav,lame3.96.1,9.87,9.87,0,
wild_owner,09 Drop the Beats.wav,lame3.97,2.61,2.61,529,
wild_owner,09 Drop the Beats.wav,lame3.98.4,2.03,2.03,0,
wild_owner,09 Drop the Beats.wav,lame3.100,3.12,3.07,47,
wild_owner,10 Suck My…!.wav,lame3.90.3,1.17,1.09,47,
wild_owner,10 Suck My…!.wav,lame3.92,10.73,10.64,47,48
wild_owner,10 Suck My…!.wav,lame3.93.1,19.92,19.92,0,
wild_owner,10 Suck My…!.wav,lame3.96.1,9.14,8.49,529,
wild_owner,10 Suck My…!.wav,lame3.97,2.86,2.78,47,
wild_owner,10 Suck My…!.wav,lame3.98.4,2.30,2.30,0,
wild_owner,10 Suck My…!.wav,lame3.100,3.40,2.98,47,
wild_owner,11 You’re My Angel.wav,lame3.90.3,0.39,0.31,47,
wild_owner,11 You’re My Angel.wav,lame3.92,11.37,9.60,460,460
wild_owner,11 You’re My Angel.wav,lame3.93.1,22.82,21.38,529,
wild_owner,11 You’re My Angel.wav,lame3.96.1,11.05,10.83,47,
wild_owner,11 You’re My Angel.wav,lame3.97,2.42,2.28,529,
wild_owner,11 You’re My Angel.wav,lame3.98.4,1.53,1.50,529,
wild_owner,11 You’re My Angel.wav,lame3.100,3.00,2.76,529,
wild_owner,12 Cokane (Back to Basics mix).wav,lame3.90.3,3.85,3.85,0,
wild_owner,12 Cokane (Back to Basics mix).wav,lame3.92,14.34,13.09,529,98
wild_owner,12 Cokane (Back to Basics mix).wav,lame3.93.1,20.52,20.06,47,
wild_owner,12 Cokane (Back to Basics mix).wav,lame3.96.1,13.88,12.91,47,
wild_owner,12 Cokane (Back to Basics mix).wav,lame3.97,2.44,2.44,0,
wild_owner,12 Cokane (Back to Basics mix).wav,lame3.98.4,2.34,2.34,0,
wild_owner,12 Cokane (Back to Basics mix).wav,lame3.100,3.50,3.30,529,
wild_owner,"13 24,7 (Breeze & Styles remix).wav",lame3.90.3,0.54,0.43,529,
wild_owner,"13 24,7 (Breeze & Styles remix).wav",lame3.92,9.27,8.99,47,67
wild_owner,"13 24,7 (Breeze & Styles remix).wav",lame3.93.1,28.37,27.60,47,
wild_owner,"13 24,7 (Breeze & Styles remix).wav",lame3.96.1,15.47,14.79,529,
wild_owner,"13 24,7 (Breeze & Styles remix).wav",lame3.97,1.59,1.49,47,
wild_owner,"13 24,7 (Breeze & Styles remix).wav",lame3.98.4,1.25,1.21,529,
wild_owner,"13 24,7 (Breeze & Styles remix).wav",lame3.100,2.48,2.48,0,
wild_owner,14 The Craft.wav,lame3.90.3,2.90,2.85,529,
wild_owner,14 The Craft.wav,lame3.92,12.90,11.87,529,22
wild_owner,14 The Craft.wav,lame3.93.1,22.68,22.68,0,
wild_owner,14 The Craft.wav,lame3.96.1,11.77,11.77,0,
wild_owner,14 The Craft.wav,lame3.97,2.56,2.56,0,
wild_owner,14 The Craft.wav,lame3.98.4,2.07,2.07,0,
wild_owner,14 The Craft.wav,lame3.100,3.70,3.58,529,
wild_owner,15 Free Again.wav,lame3.90.3,0.46,0.30,529,
wild_owner,15 Free Again.wav,lame3.92,9.81,9.51,47,524
wild_owner,15 Free Again.wav,lame3.93.1,26.28,25.17,47,
wild_owner,15 Free Again.wav,lame3.96.1,14.39,13.47,529,
wild_owner,15 Free Again.wav,lame3.97,2.45,2.45,0,
wild_owner,15 Free Again.wav,lame3.98.4,1.76,1.51,529,
wild_owner,15 Free Again.wav,lame3.100,3.23,3.23,0,
wild_owner,16 Dancing the Night Away (Gammer remix).wav,lame3.90.3,5.23,5.12,529,
wild_owner,16 Dancing the Night Away (Gammer remix).wav,lame3.92,19.22,18.42,483,483
wild_owner,16 Dancing the Night Away (Gammer remix).wav,lame3.93.1,29.06,24.79,529,
wild_owner,16 Dancing the Night Away (Gammer remix).wav,lame3.96.1,17.06,15.55,529,
wild_owner,16 Dancing the Night Away (Gammer remix).wav,lame3.97,4.58,4.48,47,
wild_owner,16 Dancing the Night Away (Gammer remix).wav,lame3.98.4,3.45,3.45,0,
wild_owner,16 Dancing the Night Away (Gammer remix).wav,lame3.100,5.23,5.14,47,
wild_owner,17 Injected With a Poison (Hixxy’s HTID remix (Harcode Til I Die)).wav,lame3.90.3,4.08,4.03,529,
wild_owner,17 Injected With a Poison (Hixxy’s HTID remix (Harcode Til I Die)).wav,lame3.92,12.01,11.96,405,405
wild_owner,17 Injected With a Poison (Hixxy’s HTID remix (Harcode Til I Die)).wav,lame3.93.1,23.60,23.60,0,
wild_owner,17 Injected With a Poison (Hixxy’s HTID remix (Harcode Til I Die)).wav,lame3.96.1,13.13,12.86,529,
wild_owner,17 Injected With a Poison (Hixxy’s HTID remix (Harcode Til I Die)).wav,lame3.97,2.65,2.64,47,
wild_owner,17 Injected With a Poison (Hixxy’s HTID remix (Harcode Til I Die)).wav,lame3.98.4,1.14,0.94,47,
wild_owner,17 Injected With a Poison (Hixxy’s HTID remix (Harcode Til I Die)).wav,lame3.100,1.37,1.37,0,
wild_owner,01 Won’t Forget These Days.wav,lame3.90.3,2.05,1.94,529,
wild_owner,01 Won’t Forget These Days.wav,lame3.92,15.95,15.95,0,43
wild_owner,01 Won’t Forget These Days.wav,lame3.93.1,24.91,24.13,47,
wild_owner,01 Won’t Forget These Days.wav,lame3.96.1,14.05,13.69,529,
wild_owner,01 Won’t Forget These Days.wav,lame3.97,1.58,1.58,47,
wild_owner,01 Won’t Forget These Days.wav,lame3.98.4,1.45,1.33,47,
wild_owner,01 Won’t Forget These Days.wav,lame3.100,2.92,2.70,529,
wild_owner,02 Fell From the Stars.wav,lame3.90.3,-0.13,-0.13,0,
wild_owner,02 Fell From the Stars.wav,lame3.92,10.42,10.42,0,183
wild_owner,02 Fell From the Stars.wav,lame3.93.1,20.21,20.21,0,
wild_owner,02 Fell From the Stars.wav,lame3.96.1,10.66,10.21,47,
wild_owner,02 Fell From the Stars.wav,lame3.97,2.59,2.33,47,
wild_owner,02 Fell From the Stars.wav,lame3.98.4,2.02,1.84,47,
wild_owner,02 Fell From the Stars.wav,lame3.100,3.58,3.41,529,
wild_owner,03 Make the Beat Drop.wav,lame3.90.3,0.03,-0.07,529,
wild_owner,03 Make the Beat Drop.wav,lame3.92,9.84,9.84,0,498
wild_owner,03 Make the Beat Drop.wav,lame3.93.1,19.89,19.89,0,
wild_owner,03 Make the Beat Drop.wav,lame3.96.1,11.27,11.27,0,
wild_owner,03 Make the Beat Drop.wav,lame3.97,2.15,2.04,529,
wild_owner,03 Make the Beat Drop.wav,lame3.98.4,1.59,1.59,0,
wild_owner,03 Make the Beat Drop.wav,lame3.100,3.53,3.42,529,
wild_owner,04 The Way (Put Your Hand in My Hand) (Breeze & Styles remix).wav,lame3.90.3,0.62,0.45,529,
wild_owner,04 The Way (Put Your Hand in My Hand) (Breeze & Styles remix).wav,lame3.92,9.41,9.41,0,42
wild_owner,04 The Way (Put Your Hand in My Hand) (Breeze & Styles remix).wav,lame3.93.1,21.34,20.66,529,
wild_owner,04 The Way (Put Your Hand in My Hand) (Breeze & Styles remix).wav,lame3.96.1,12.02,12.02,0,
wild_owner,04 The Way (Put Your Hand in My Hand) (Breeze & Styles remix).wav,lame3.97,2.65,2.47,47,
wild_owner,04 The Way (Put Your Hand in My Hand) (Breeze & Styles remix).wav,lame3.98.4,1.67,1.60,47,
wild_owner,04 The Way (Put Your Hand in My Hand) (Breeze & Styles remix).wav,lame3.100,3.09,3.09,0,
wild_owner,05 Be Cool (Dougal & Gammer remix).wav,lame3.90.3,0.27,0.21,529,
wild_owner,05 Be Cool (Dougal & Gammer remix).wav,lame3.92,10.19,10.19,0,137
wild_owner,05 Be Cool (Dougal & Gammer remix).wav,lame3.93.1,19.26,17.80,47,
wild_owner,05 Be Cool (Dougal & Gammer remix).wav,lame3.96.1,9.72,9.72,0,
wild_owner,05 Be Cool (Dougal & Gammer remix).wav,lame3.97,3.55,3.55,0,
wild_owner,05 Be Cool (Dougal & Gammer remix).wav,lame3.98.4,2.53,2.37,47,
wild_owner,05 Be Cool (Dougal & Gammer remix).wav,lame3.100,4.01,3.54,529,
wild_owner,06 Pretty Green Eyes (hardcore remix).wav,lame3.90.3,0.96,0.74,47,
wild_owner,06 Pretty Green Eyes (hardcore remix).wav,lame3.92,11.18,11.18,0,455
wild_owner,06 Pretty Green Eyes (hardcore remix).wav,lame3.93.1,23.47,22.59,47,
wild_owner,06 Pretty Green Eyes (hardcore remix).wav,lame3.96.1,12.49,12.49,0,
wild_owner,06 Pretty Green Eyes (hardcore remix).wav,lame3.97,1.90,1.90,0,
wild_owner,06 Pretty Green Eyes (hardcore remix).wav,lame3.98.4,1.68,1.62,47,
wild_owner,06 Pretty Green Eyes (hardcore remix).wav,lame3.100,3.22,3.21,529,
wild_owner,07 Fly With You.wav,lame3.90.3,1.37,1.27,47,
wild_owner,07 Fly With You.wav,lame3.92,13.65,13.15,288,288
wild_owner,07 Fly With You.wav,lame3.93.1,23.28,21.05,529,
wild_owner,07 Fly With You.wav,lame3.96.1,10.28,10.16,529,
wild_owner,07 Fly With You.wav,lame3.97,2.10,2.10,0,
wild_owner,07 Fly With You.wav,lame3.98.4,1.77,1.69,529,
wild_owner,07 Fly With You.wav,lame3.100,2.84,2.77,529,
wild_owner,08 One and Only.wav,lame3.90.3,-0.36,-0.55,529,
wild_owner,08 One and Only.wav,lame3.92,9.38,9.17,529,282
wild_owner,08 One and Only.wav,lame3.93.1,19.38,18.82,47,
wild_owner,08 One and Only.wav,lame3.96.1,13.20,12.74,47,
wild_owner,08 One and Only.wav,lame3.97,3.70,3.38,47,
wild_owner,08 One and Only.wav,lame3.98.4,2.82,2.58,47,
wild_owner,08 One and Only.wav,lame3.100,4.35,4.16,529,
wild_owner,09 Star Tonight.wav,lame3.90.3,2.04,2.04,0,
wild_owner,09 Star Tonight.wav,lame3.92,11.92,11.92,0,188
wild_owner,09 Star Tonight.wav,lame3.93.1,20.26,20.26,0,
wild_owner,09 Star Tonight.wav,lame3.96.1,11.51,10.86,47,
wild_owner,09 Star Tonight.wav,lame3.97,3.17,2.89,47,
wild_owner,09 Star Tonight.wav,lame3.98.4,2.51,2.51,0,
wild_owner,09 Star Tonight.wav,lame3.100,3.69,3.69,0,
wild_owner,10 The Piano Song.wav,lame3.90.3,0.30,0.10,47,
wild_owner,10 The Piano Song.wav,lame3.92,11.26,10.41,47,415
wild_owner,10 The Piano Song.wav,lame3.93.1,21.43,20.38,529,
wild_owner,10 The Piano Song.wav,lame3.96.1,16.68,14.93,47,
wild_owner,10 The Piano Song.wav,lame3.97,2.37,2.37,0,
wild_owner,10 The Piano Song.wav,lame3.98.4,1.59,1.59,0,
wild_owner,10 The Piano Song.wav,lame3.100,3.27,3.10,529,
wild_owner,11 Yo DJ.wav,lame3.90.3,-0.43,-0.51,529,
wild_owner,11 Yo DJ.wav,lame3.92,9.83,9.33,47,13
wild_owner,11 Yo DJ.wav,lame3.93.1,18.87,17.94,47,
wild_owner,11 Yo DJ.wav,lame3.96.1,12.79,12.56,529,
wild_owner,11 Yo DJ.wav,lame3.97,3.39,3.08,47,
wild_owner,11 Yo DJ.wav,lame3.98.4,2.54,2.54,0,
wild_owner,11 Yo DJ.wav,lame3.100,4.26,3.96,47,
wild_owner,12 Through the Darkness.wav,lame3.90.3,0.02,0.02,0,
wild_owner,12 Through the Darkness.wav,lame3.92,11.14,10.55,47,91
wild_owner,12 Through the Darkness.wav,lame3.93.1,19.00,19.00,529,
wild_owner,12 Through the Darkness.wav,lame3.96.1,11.99,11.79,47,
wild_owner,12 Through the Darkness.wav,lame3.97,3.62,3.62,0,
wild_owner,12 Through the Darkness.wav,lame3.98.4,2.75,2.43,529,
wild_owner,12 Through the Darkness.wav,lame3.100,3.28,3.28,0,
wild_owner,13 Angel Eyes.wav,lame3.90.3,2.91,2.80,529,
wild_owner,13 Angel Eyes.wav,lame3.92,15.32,14.19,225,225
wild_owner,13 Angel Eyes.wav,lame3.93.1,26.00,26.00,0,
wild_owner,13 Angel Eyes.wav,lame3.96.1,13.75,13.75,0,
wild_owner,13 Angel Eyes.wav,lame3.97,1.42,1.33,529,
wild_owner,13 Angel Eyes.wav,lame3.98.4,1.18,1.16,529,
wild_owner,13 Angel Eyes.wav,lame3.100,2.43,2.43,0,
wild_owner,14 Stomp.wav,lame3.90.3,-0.30,-0.30,0,
wild_owner,14 Stomp.wav,lame3.92,9.75,9.46,267,267
wild_owner,14 Stomp.wav,lame3.93.1,19.39,19.27,529,
wild_owner,14 Stomp.wav,lame3.96.1,11.48,11.48,0,
wild_owner,14 Stomp.wav,lame3.97,2.63,2.58,47,
wild_owner,14 Stomp.wav,lame3.98.4,2.17,2.05,529,
wild_owner,14 Stomp.wav,lame3.100,3.90,3.52,47,
wild_owner,15 No More Joking (Sy & Unknown remix).wav,lame3.90.3,-0.00,-0.07,47,
wild_owner,15 No More Joking (Sy & Unknown remix).wav,lame3.92,11.96,11.30,205,205
wild_owner,15 No More Joking (Sy & Unknown remix).wav,lame3.93.1,22.36,21.18,47,
wild_owner,15 No More Joking (Sy & Unknown remix).wav,lame3.96.1,11.23,11.23,0,
wild_owner,15 No More Joking (Sy & Unknown remix).wav,lame3.97,1.86,1.86,0,
wild_owner,15 No More Joking (Sy & Unknown remix).wav,lame3.98.4,1.81,1.80,529,
wild_owner,15 No More Joking (Sy & Unknown remix).wav,lame3.100,3.51,3.47,529,
wild_owner,16 Eternal Darkness.wav,lame3.90.3,-0.02,-0.10,47,
wild_owner,16 Eternal Darkness.wav,lame3.92,10.46,10.46,0,47
wild_owner,16 Eternal Darkness.wav,lame3.93.1,20.51,19.55,47,
wild_owner,16 Eternal Darkness.wav,lame3.96.1,12.80,11.60,529,
wild_owner,16 Eternal Darkness.wav,lame3.97,2.91,2.91,0,
wild_owner,16 Eternal Darkness.wav,lame3.98.4,1.95,1.95,0,
wild_owner,16 Eternal Darkness.wav,lame3.100,3.66,3.46,47,
wild_owner,17 Know the Score.wav,lame3.90.3,0.79,0.74,529,
wild_owner,17 Know the Score.wav,lame3.92,9.27,9.08,216,216
wild_owner,17 Know the Score.wav,lame3.93.1,17.96,17.46,529,
wild_owner,17 Know the Score.wav,lame3.96.1,11.13,11.08,529,
wild_owner,17 Know the Score.wav,lame3.97,2.92,2.91,529,
wild_owner,17 Know the Score.wav,lame3.98.4,2.54,2.43,47,
wild_owner,17 Know the Score.wav,lame3.100,3.59,3.59,0,
