file,verdict,score,families
fd-exchange-2026-08-0001.flac,WARNING,36,spectral
fd-exchange-2026-08-0002.flac,SUSPICIOUS,55,mdct
fd-exchange-2026-08-0003.flac,WARNING,36,cnn
fd-exchange-2026-08-0004.flac,AUTHENTIC,25,mdct
fd-exchange-2026-08-0005.flac,SUSPICIOUS,55,mdct
fd-exchange-2026-08-0006.flac,FAKE_CERTAIN,85,cnn+mdct
fd-exchange-2026-08-0007.flac,WARNING,45,cnn
fd-exchange-2026-08-0008.flac,WARNING,31,cnn
fd-exchange-2026-08-0009.flac,FAKE_CERTAIN,85,cnn+mdct
fd-exchange-2026-08-0010.flac,SUSPICIOUS,55,mdct
fd-exchange-2026-08-0011.flac,AUTHENTIC,0,
fd-exchange-2026-08-0012.flac,FAKE_CERTAIN,86,cnn+spectral
fd-exchange-2026-08-0013.flac,FAKE_CERTAIN,85,cnn+mdct+spectral
fd-exchange-2026-08-0014.flac,SUSPICIOUS,65,mdct
fd-exchange-2026-08-0015.flac,FAKE_CERTAIN,55,cnn+mdct
fd-exchange-2026-08-0016.flac,FAKE_CERTAIN,86,cnn+spectral
fd-exchange-2026-08-0017.flac,AUTHENTIC,0,
fd-exchange-2026-08-0018.flac,SUSPICIOUS,55,mdct
fd-exchange-2026-08-0019.flac,FAKE_CERTAIN,95,cnn+mdct+spectral
fd-exchange-2026-08-0020.flac,WARNING,36,cnn
fd-exchange-2026-08-0021.flac,WARNING,37,spectral
fd-exchange-2026-08-0022.flac,FAKE_CERTAIN,85,cnn+mdct
fd-exchange-2026-08-0023.flac,SUSPICIOUS,55,mdct
fd-exchange-2026-08-0024.flac,FAKE_CERTAIN,84,cnn+mdct
fd-exchange-2026-08-0025.flac,SUSPICIOUS,63,spectral
fd-exchange-2026-08-0026.flac,SUSPICIOUS,71,mdct
fd-exchange-2026-08-0027.flac,AUTHENTIC,0,
fd-exchange-2026-08-0028.flac,WARNING,31,cnn
fd-exchange-2026-08-0029.flac,AUTHENTIC,0,
fd-exchange-2026-08-0030.flac,AUTHENTIC,0,
fd-exchange-2026-08-0031.flac,AUTHENTIC,8,
fd-exchange-2026-08-0032.flac,SUSPICIOUS,55,mdct
fd-exchange-2026-08-0033.flac,FAKE_CERTAIN,55,cnn+mdct
fd-exchange-2026-08-0034.flac,FAKE_CERTAIN,85,cnn+mdct
fd-exchange-2026-08-0035.flac,SUSPICIOUS,60,spectral
fd-exchange-2026-08-0036.flac,WARNING,31,cnn
fd-exchange-2026-08-0037.flac,FAKE_CERTAIN,55,cnn+mdct
fd-exchange-2026-08-0038.flac,FAKE_CERTAIN,93,cnn+spectral
fd-exchange-2026-08-0039.flac,SUSPICIOUS,55,mdct
fd-exchange-2026-08-0040.flac,AUTHENTIC,26,
fd-exchange-2026-08-0041.flac,AUTHENTIC,0,
fd-exchange-2026-08-0042.flac,SUSPICIOUS,55,mdct
fd-exchange-2026-08-0043.flac,FAKE_CERTAIN,73,cnn+spectral
fd-exchange-2026-08-0044.flac,AUTHENTIC,0,
fd-exchange-2026-08-0045.flac,FAKE_CERTAIN,110,mdct+spectral
fd-exchange-2026-08-0046.flac,WARNING,31,cnn
fd-exchange-2026-08-0047.flac,WARNING,31,cnn
fd-exchange-2026-08-0048.flac,WARNING,45,mdct
fd-exchange-2026-08-0049.flac,AUTHENTIC,0,
fd-exchange-2026-08-0050.flac,AUTHENTIC,0,
fd-exchange-2026-08-0051.flac,WARNING,31,cnn
fd-exchange-2026-08-0052.flac,AUTHENTIC,0,
fd-exchange-2026-08-0053.flac,WARNING,36,cnn
fd-exchange-2026-08-0054.flac,AUTHENTIC,25,mdct
fd-exchange-2026-08-0055.flac,AUTHENTIC,0,
fd-exchange-2026-08-0056.flac,WARNING,31,cnn
fd-exchange-2026-08-0057.flac,WARNING,31,cnn
fd-exchange-2026-08-0058.flac,WARNING,43,cnn
fd-exchange-2026-08-0059.flac,AUTHENTIC,8,
fd-exchange-2026-08-0060.flac,FAKE_CERTAIN,85,cnn+spectral
fd-exchange-2026-08-0061.flac,WARNING,31,cnn
fd-exchange-2026-08-0062.flac,SUSPICIOUS,55,mdct
fd-exchange-2026-08-0063.flac,FAKE_CERTAIN,55,cnn+mdct
fd-exchange-2026-08-0064.flac,AUTHENTIC,13,
fd-exchange-2026-08-0065.flac,AUTHENTIC,26,mdct
fd-exchange-2026-08-0066.flac,AUTHENTIC,0,
fd-exchange-2026-08-0067.flac,FAKE_CERTAIN,85,cnn+mdct
fd-exchange-2026-08-0068.flac,WARNING,46,cnn
fd-exchange-2026-08-0069.flac,SUSPICIOUS,65,spectral
fd-exchange-2026-08-0070.flac,AUTHENTIC,0,
fd-exchange-2026-08-0071.flac,WARNING,43,cnn
fd-exchange-2026-08-0072.flac,AUTHENTIC,0,
fd-exchange-2026-08-0073.flac,AUTHENTIC,0,
fd-exchange-2026-08-0074.flac,FAKE_CERTAIN,85,cnn+mdct
fd-exchange-2026-08-0075.flac,WARNING,43,cnn
fd-exchange-2026-08-0076.flac,AUTHENTIC,0,
fd-exchange-2026-08-0077.flac,WARNING,31,cnn
fd-exchange-2026-08-0078.flac,AUTHENTIC,0,
fd-exchange-2026-08-0079.flac,WARNING,40,cnn
fd-exchange-2026-08-0080.flac,SUSPICIOUS,56,mdct
fd-exchange-2026-08-0082.flac,SUSPICIOUS,75,spectral
fd-exchange-2026-08-0084.flac,FAKE_CERTAIN,85,cnn+mdct
fd-exchange-2026-08-0085.flac,FAKE_CERTAIN,85,cnn+mdct
fd-exchange-2026-08-0088.flac,FAKE_CERTAIN,85,cnn+mdct
fd-exchange-2026-08-0090.flac,AUTHENTIC,8,
fd-exchange-2026-08-0092.flac,WARNING,52,cnn+spectral
fd-exchange-2026-08-0093.flac,FAKE_CERTAIN,88,cnn+spectral
fd-exchange-2026-08-0097.flac,SUSPICIOUS,64,mdct
fd-exchange-2026-08-0098.flac,SUSPICIOUS,55,mdct
fd-exchange-2026-08-0104.flac,FAKE_CERTAIN,86,cnn+mdct
fd-exchange-2026-08-0105.flac,AUTHENTIC,0,
fd-exchange-2026-08-0108.flac,FAKE_CERTAIN,87,cnn+mdct
fd-exchange-2026-08-0111.flac,AUTHENTIC,0,
fd-exchange-2026-08-0113.flac,SUSPICIOUS,55,mdct
fd-exchange-2026-08-0116.flac,SUSPICIOUS,56,mdct
fd-exchange-2026-08-0117.flac,FAKE_CERTAIN,85,cnn+mdct
fd-exchange-2026-08-0118.flac,SUSPICIOUS,58,spectral
fd-exchange-2026-08-0120.flac,AUTHENTIC,0,
fd-exchange-2026-08-0122.flac,FAKE_CERTAIN,85,cnn+mdct
fd-exchange-2026-08-0125.flac,AUTHENTIC,10,
fd-exchange-2026-08-0128.flac,SUSPICIOUS,55,mdct
fd-exchange-2026-08-0129.flac,FAKE_CERTAIN,85,cnn+mdct
fd-exchange-2026-08-0137.flac,SUSPICIOUS,55,mdct
fd-exchange-2026-08-0139.flac,SUSPICIOUS,66,mdct
fd-exchange-2026-08-0141.flac,SUSPICIOUS,58,spectral
fd-exchange-2026-08-0148.flac,FAKE_CERTAIN,85,cnn+mdct
fd-exchange-2026-08-0153.flac,SUSPICIOUS,55,mdct
fd-exchange-2026-08-0162.flac,AUTHENTIC,0,
fd-exchange-2026-08-0165.flac,SUSPICIOUS,55,mdct
fd-exchange-2026-08-0168.flac,AUTHENTIC,25,mdct
fd-exchange-2026-08-0173.flac,FAKE_CERTAIN,88,cnn+spectral
fd-exchange-2026-08-0175.flac,FAKE_CERTAIN,85,cnn+mdct
fd-exchange-2026-08-0176.flac,SUSPICIOUS,55,mdct
fd-exchange-2026-08-0179.flac,AUTHENTIC,0,
fd-exchange-2026-08-0180.flac,SUSPICIOUS,55,mdct
fd-exchange-2026-08-0184.flac,WARNING,40,cnn
fd-exchange-2026-08-0186.flac,FAKE_CERTAIN,80,mdct+spectral
fd-exchange-2026-08-0189.flac,AUTHENTIC,10,
fd-exchange-2026-08-0192.flac,WARNING,40,cnn
fd-exchange-2026-08-0193.flac,FAKE_CERTAIN,85,cnn+mdct
fd-exchange-2026-08-0197.flac,SUSPICIOUS,55,mdct
fd-exchange-2026-08-0198.flac,FAKE_CERTAIN,86,cnn+mdct
fd-exchange-2026-08-0199.flac,SUSPICIOUS,55,mdct
fd-exchange-2026-08-0203.flac,AUTHENTIC,8,
fd-exchange-2026-08-0206.flac,SUSPICIOUS,55,mdct
fd-exchange-2026-08-0207.flac,AUTHENTIC,0,
fd-exchange-2026-08-0208.flac,SUSPICIOUS,78,spectral
fd-exchange-2026-08-0209.flac,AUTHENTIC,0,
fd-exchange-2026-08-0210.flac,FAKE_CERTAIN,112,mdct+spectral
fd-exchange-2026-08-0212.flac,AUTHENTIC,0,
fd-exchange-2026-08-0214.flac,SUSPICIOUS,55,mdct
fd-exchange-2026-08-0217.flac,SUSPICIOUS,55,mdct
fd-exchange-2026-08-0219.flac,FAKE_CERTAIN,86,cnn+mdct
fd-exchange-2026-08-0222.flac,AUTHENTIC,0,
fd-exchange-2026-08-0224.flac,FAKE_CERTAIN,125,mdct+spectral
fd-exchange-2026-08-0226.flac,AUTHENTIC,10,
fd-exchange-2026-08-0228.flac,AUTHENTIC,0,
fd-exchange-2026-08-0229.flac,FAKE_CERTAIN,85,cnn+mdct
fd-exchange-2026-08-0231.flac,AUTHENTIC,28,spectral
fd-exchange-2026-08-0234.flac,AUTHENTIC,0,
fd-exchange-2026-08-0236.flac,FAKE_CERTAIN,86,cnn+mdct
fd-exchange-2026-08-0239.flac,WARNING,38,cnn
fd-exchange-2026-08-0244.flac,AUTHENTIC,0,
fd-exchange-2026-08-0246.flac,SUSPICIOUS,56,mdct
fd-exchange-2026-08-0251.flac,FAKE_CERTAIN,111,mdct+spectral
fd-exchange-2026-08-0252.flac,FAKE_CERTAIN,85,cnn+mdct
fd-exchange-2026-08-0253.flac,AUTHENTIC,9,
fd-exchange-2026-08-0256.flac,AUTHENTIC,0,
fd-exchange-2026-08-0259.flac,AUTHENTIC,20,
fd-exchange-2026-08-0261.flac,FAKE_CERTAIN,110,mdct+spectral
fd-exchange-2026-08-0262.flac,FAKE_CERTAIN,85,cnn+mdct
fd-exchange-2026-08-0265.flac,SUSPICIOUS,55,mdct
fd-exchange-2026-08-0273.flac,WARNING,52,cnn+mdct
fd-exchange-2026-08-0276.flac,AUTHENTIC,0,
fd-exchange-2026-08-0277.flac,WARNING,38,cnn
fd-exchange-2026-08-0278.flac,AUTHENTIC,10,
fd-exchange-2026-08-0280.flac,AUTHENTIC,0,
fd-exchange-2026-08-0281.flac,AUTHENTIC,0,
fd-exchange-2026-08-0282.flac,SUSPICIOUS,55,mdct
fd-exchange-2026-08-0283.flac,AUTHENTIC,0,
fd-exchange-2026-08-0285.flac,WARNING,31,cnn
fd-exchange-2026-08-0287.flac,WARNING,42,spectral
fd-exchange-2026-08-0288.flac,AUTHENTIC,10,
fd-exchange-2026-08-0289.flac,SUSPICIOUS,55,mdct
fd-exchange-2026-08-0293.flac,WARNING,41,mdct
fd-exchange-2026-08-0294.flac,AUTHENTIC,0,
fd-exchange-2026-08-0298.flac,AUTHENTIC,10,
fd-exchange-2026-08-0299.flac,AUTHENTIC,0,
fd-exchange-2026-08-0304.flac,AUTHENTIC,0,
fd-exchange-2026-08-0305.flac,AUTHENTIC,0,
fd-exchange-2026-08-0307.flac,SUSPICIOUS,55,mdct
fd-exchange-2026-08-0310.flac,AUTHENTIC,0,
fd-exchange-2026-08-0312.flac,SUSPICIOUS,55,mdct
fd-exchange-2026-08-0319.flac,WARNING,31,cnn
fd-exchange-2026-08-0321.flac,AUTHENTIC,0,
fd-exchange-2026-08-0322.flac,SUSPICIOUS,55,mdct
fd-exchange-2026-08-0324.flac,SUSPICIOUS,67,mdct
fd-exchange-2026-08-0328.flac,SUSPICIOUS,55,mdct
fd-exchange-2026-08-0331.flac,AUTHENTIC,10,
fd-exchange-2026-08-0333.flac,AUTHENTIC,0,
fd-exchange-2026-08-0334.flac,AUTHENTIC,0,cnn
fd-exchange-2026-08-0343.flac,AUTHENTIC,0,
fd-exchange-2026-08-0344.flac,AUTHENTIC,0,
fd-exchange-2026-08-0345.flac,SUSPICIOUS,55,mdct
fd-exchange-2026-08-0346.flac,SUSPICIOUS,55,spectral
fd-exchange-2026-08-0347.flac,SUSPICIOUS,55,mdct
fd-exchange-2026-08-0348.flac,AUTHENTIC,8,
fd-exchange-2026-08-0349.flac,FAKE_CERTAIN,84,cnn+spectral
fd-exchange-2026-08-0350.flac,FAKE_CERTAIN,85,cnn+mdct
fd-exchange-2026-08-0351.flac,WARNING,40,cnn
fd-exchange-2026-08-0355.flac,SUSPICIOUS,59,spectral
fd-exchange-2026-08-0357.flac,SUSPICIOUS,64,mdct
fd-exchange-2026-08-0360.flac,WARNING,52,spectral
fd-exchange-2026-08-0362.flac,WARNING,40,cnn
fd-exchange-2026-08-0368.flac,WARNING,40,spectral
fd-exchange-2026-08-0369.flac,SUSPICIOUS,66,mdct
fd-exchange-2026-08-0370.flac,AUTHENTIC,0,cnn
fd-exchange-2026-08-0377.flac,SUSPICIOUS,55,mdct
fd-exchange-2026-08-0378.flac,AUTHENTIC,0,
fd-exchange-2026-08-0382.flac,AUTHENTIC,10,
fd-exchange-2026-08-0383.flac,FAKE_CERTAIN,85,cnn+mdct
fd-exchange-2026-08-0386.flac,WARNING,40,cnn
fd-exchange-2026-08-0388.flac,FAKE_CERTAIN,85,cnn+mdct
fd-exchange-2026-08-0389.flac,AUTHENTIC,0,
fd-exchange-2026-08-0393.flac,FAKE_CERTAIN,85,cnn+mdct
fd-exchange-2026-08-0397.flac,FAKE_CERTAIN,106,mdct+spectral
fd-exchange-2026-08-0402.flac,WARNING,31,cnn
fd-exchange-2026-08-0405.flac,FAKE_CERTAIN,82,cnn+mdct
fd-exchange-2026-08-0407.flac,FAKE_CERTAIN,87,cnn+mdct
fd-exchange-2026-08-0410.flac,SUSPICIOUS,58,spectral
fd-exchange-2026-08-0413.flac,AUTHENTIC,10,
fd-exchange-2026-08-0414.flac,FAKE_CERTAIN,85,cnn+mdct
fd-exchange-2026-08-0415.flac,AUTHENTIC,0,
fd-exchange-2026-08-0416.flac,SUSPICIOUS,55,mdct
fd-exchange-2026-08-0417.flac,AUTHENTIC,0,
fd-exchange-2026-08-0418.flac,SUSPICIOUS,59,mdct
fd-exchange-2026-08-0422.flac,FAKE_CERTAIN,111,mdct+spectral
fd-exchange-2026-08-0424.flac,AUTHENTIC,0,
fd-exchange-2026-08-0430.flac,FAKE_CERTAIN,85,cnn+mdct
fd-exchange-2026-08-0438.flac,FAKE_CERTAIN,85,cnn+mdct
fd-exchange-2026-08-0442.flac,SUSPICIOUS,67,mdct
fd-exchange-2026-08-0443.flac,SUSPICIOUS,67,mdct
fd-exchange-2026-08-0446.flac,AUTHENTIC,0,
fd-exchange-2026-08-0449.flac,AUTHENTIC,10,
fd-exchange-2026-08-0452.flac,WARNING,31,cnn
fd-exchange-2026-08-0457.flac,SUSPICIOUS,55,mdct
fd-exchange-2026-08-0459.flac,AUTHENTIC,0,
fd-exchange-2026-08-0461.flac,AUTHENTIC,0,
fd-exchange-2026-08-0463.flac,AUTHENTIC,28,spectral
fd-exchange-2026-08-0467.flac,WARNING,37,spectral
fd-exchange-2026-08-0468.flac,FAKE_CERTAIN,85,cnn+mdct
fd-exchange-2026-08-0470.flac,SUSPICIOUS,66,mdct
fd-exchange-2026-08-0471.flac,AUTHENTIC,10,
fd-exchange-2026-08-0472.flac,AUTHENTIC,10,
fd-exchange-2026-08-0473.flac,SUSPICIOUS,58,spectral
fd-exchange-2026-08-0474.flac,FAKE_CERTAIN,85,cnn+mdct
fd-exchange-2026-08-0475.flac,AUTHENTIC,25,mdct
fd-exchange-2026-08-0476.flac,SUSPICIOUS,55,mdct
fd-exchange-2026-08-0477.flac,FAKE_CERTAIN,85,cnn+mdct
fd-exchange-2026-08-0479.flac,FAKE_CERTAIN,85,cnn+mdct
fd-exchange-2026-08-0480.flac,FAKE_CERTAIN,91,cnn+spectral
fd-exchange-2026-08-0483.flac,SUSPICIOUS,55,mdct
fd-exchange-2026-08-0484.flac,AUTHENTIC,10,
fd-exchange-2026-08-0489.flac,AUTHENTIC,0,cnn
fd-exchange-2026-08-0490.flac,AUTHENTIC,0,
fd-exchange-2026-08-0492.flac,FAKE_CERTAIN,85,cnn+mdct
fd-exchange-2026-08-0497.flac,FAKE_CERTAIN,85,cnn+mdct
fd-exchange-2026-08-0498.flac,SUSPICIOUS,55,mdct
fd-exchange-2026-08-0501.flac,WARNING,31,cnn
fd-exchange-2026-08-0503.flac,SUSPICIOUS,55,mdct
fd-exchange-2026-08-0504.flac,SUSPICIOUS,62,spectral
fd-exchange-2026-08-0507.flac,SUSPICIOUS,70,silence
fd-exchange-2026-08-0508.flac,AUTHENTIC,0,
fd-exchange-2026-08-0511.flac,SUSPICIOUS,55,mdct
fd-exchange-2026-08-0516.flac,AUTHENTIC,0,
fd-exchange-2026-08-0522.flac,SUSPICIOUS,55,mdct
fd-exchange-2026-08-0526.flac,AUTHENTIC,25,mdct
fd-exchange-2026-08-0527.flac,SUSPICIOUS,71,mdct
fd-exchange-2026-08-0530.flac,FAKE_CERTAIN,110,mdct+spectral
fd-exchange-2026-08-0532.flac,FAKE_CERTAIN,82,cnn+spectral
fd-exchange-2026-08-0533.flac,AUTHENTIC,0,
fd-exchange-2026-08-0535.flac,AUTHENTIC,0,
fd-exchange-2026-08-0537.flac,AUTHENTIC,0,
fd-exchange-2026-08-0538.flac,SUSPICIOUS,55,mdct
fd-exchange-2026-08-0541.flac,WARNING,43,spectral
fd-exchange-2026-08-0542.flac,AUTHENTIC,0,
fd-exchange-2026-08-0546.flac,SUSPICIOUS,58,spectral
fd-exchange-2026-08-0549.flac,AUTHENTIC,0,
fd-exchange-2026-08-0550.flac,AUTHENTIC,8,
fd-exchange-2026-08-0556.flac,AUTHENTIC,0,
fd-exchange-2026-08-0558.flac,AUTHENTIC,0,
fd-exchange-2026-08-0560.flac,AUTHENTIC,20,
fd-exchange-2026-08-0562.flac,AUTHENTIC,0,
fd-exchange-2026-08-0563.flac,AUTHENTIC,10,
fd-exchange-2026-08-0567.flac,AUTHENTIC,0,
fd-exchange-2026-08-0570.flac,WARNING,31,cnn
fd-exchange-2026-08-0573.flac,WARNING,41,mdct
fd-exchange-2026-08-0574.flac,SUSPICIOUS,55,mdct
fd-exchange-2026-08-0576.flac,AUTHENTIC,0,
fd-exchange-2026-08-0577.flac,AUTHENTIC,0,
fd-exchange-2026-08-0579.flac,FAKE_CERTAIN,77,cnn+mdct
fd-exchange-2026-08-0582.flac,AUTHENTIC,0,
fd-exchange-2026-08-0583.flac,SUSPICIOUS,66,spectral
fd-exchange-2026-08-0584.flac,SUSPICIOUS,55,mdct
fd-exchange-2026-08-0585.flac,AUTHENTIC,0,
fd-exchange-2026-08-0588.flac,AUTHENTIC,0,
fd-exchange-2026-08-0589.flac,AUTHENTIC,0,
fd-exchange-2026-08-0590.flac,FAKE_CERTAIN,85,cnn+mdct
fd-exchange-2026-08-0592.flac,WARNING,36,cnn
fd-exchange-2026-08-0596.flac,FAKE_CERTAIN,91,cnn+spectral
fd-exchange-2026-08-0597.flac,FAKE_CERTAIN,87,cnn+spectral
fd-exchange-2026-08-0598.flac,AUTHENTIC,0,
fd-exchange-2026-08-0155.flac,WARNING,41,spectral
fd-exchange-2026-08-0156.flac,AUTHENTIC,0,
fd-exchange-2026-08-0157.flac,AUTHENTIC,13,
fd-exchange-2026-08-0158.flac,SUSPICIOUS,55,mdct
fd-exchange-2026-08-0159.flac,SUSPICIOUS,73,spectral
fd-exchange-2026-08-0160.flac,WARNING,45,cnn
fd-exchange-2026-08-0161.flac,WARNING,31,cnn
fd-exchange-2026-08-0162.flac,AUTHENTIC,0,
fd-exchange-2026-08-0163.flac,FAKE_CERTAIN,125,mdct+spectral
fd-exchange-2026-08-0164.flac,FAKE_CERTAIN,83,cnn+spectral
fd-exchange-2026-08-0165.flac,SUSPICIOUS,55,mdct
fd-exchange-2026-08-0166.flac,FAKE_CERTAIN,84,cnn+mdct
fd-exchange-2026-08-0167.flac,WARNING,53,cnn+spectral
fd-exchange-2026-08-0168.flac,AUTHENTIC,25,mdct
fd-exchange-2026-08-0169.flac,AUTHENTIC,0,
fd-exchange-2026-08-0170.flac,SUSPICIOUS,58,spectral
fd-exchange-2026-08-0171.flac,WARNING,43,spectral
fd-exchange-2026-08-0172.flac,FAKE_CERTAIN,88,cnn+spectral
fd-exchange-2026-08-0173.flac,FAKE_CERTAIN,88,cnn+spectral
fd-exchange-2026-08-0174.flac,FAKE_CERTAIN,95,cnn+spectral
fd-exchange-2026-08-0175.flac,FAKE_CERTAIN,85,cnn+mdct
fd-exchange-2026-08-0176.flac,SUSPICIOUS,55,mdct
fd-exchange-2026-08-0177.flac,WARNING,31,cnn
fd-exchange-2026-08-0178.flac,AUTHENTIC,8,
fd-exchange-2026-08-0179.flac,AUTHENTIC,0,
fd-exchange-2026-08-0180.flac,SUSPICIOUS,55,mdct
fd-exchange-2026-08-0181.flac,WARNING,31,cnn
fd-exchange-2026-08-0182.flac,FAKE_CERTAIN,110,mdct+spectral
fd-exchange-2026-08-0183.flac,FAKE_CERTAIN,66,cnn+spectral
fd-exchange-2026-08-0184.flac,WARNING,40,cnn
fd-exchange-2026-08-0185.flac,SUSPICIOUS,63,spectral
fd-exchange-2026-08-0186.flac,FAKE_CERTAIN,80,mdct+spectral
fd-exchange-2026-08-0187.flac,FAKE_CERTAIN,110,cnn+mdct+spectral
fd-exchange-2026-08-0188.flac,WARNING,31,cnn
fd-exchange-2026-08-0189.flac,AUTHENTIC,10,
fd-exchange-2026-08-0190.flac,FAKE_CERTAIN,103,cnn+spectral
fd-exchange-2026-08-0191.flac,SUSPICIOUS,57,spectral
fd-exchange-2026-08-0192.flac,WARNING,40,cnn
fd-exchange-2026-08-0193.flac,FAKE_CERTAIN,85,cnn+mdct
fd-exchange-2026-08-0194.flac,FAKE_CERTAIN,87,cnn+spectral
fd-exchange-2026-08-0195.flac,WARNING,43,cnn
fd-exchange-2026-08-0196.flac,SUSPICIOUS,55,mdct
fd-exchange-2026-08-0197.flac,SUSPICIOUS,55,mdct
fd-exchange-2026-08-0198.flac,FAKE_CERTAIN,86,cnn+mdct
fd-exchange-2026-08-0199.flac,SUSPICIOUS,55,mdct
fd-exchange-2026-08-0200.flac,SUSPICIOUS,55,mdct
fd-exchange-2026-08-0201.flac,SUSPICIOUS,63,spectral
fd-exchange-2026-08-0202.flac,FAKE_CERTAIN,102,cnn+spectral
fd-exchange-2026-08-0203.flac,AUTHENTIC,8,
fd-exchange-2026-08-0204.flac,FAKE_CERTAIN,80,cnn+spectral
fd-exchange-2026-08-0205.flac,SUSPICIOUS,55,mdct
fd-exchange-2026-08-0206.flac,SUSPICIOUS,55,mdct
fd-exchange-2026-08-0207.flac,AUTHENTIC,0,
fd-exchange-2026-08-0208.flac,SUSPICIOUS,78,spectral
fd-exchange-2026-08-0209.flac,AUTHENTIC,0,
fd-exchange-2026-08-0210.flac,FAKE_CERTAIN,112,mdct+spectral
fd-exchange-2026-08-0211.flac,AUTHENTIC,0,
fd-exchange-2026-08-0212.flac,AUTHENTIC,0,
fd-exchange-2026-08-0213.flac,SUSPICIOUS,55,mdct
fd-exchange-2026-08-0214.flac,SUSPICIOUS,55,mdct
fd-exchange-2026-08-0215.flac,SUSPICIOUS,55,mdct
fd-exchange-2026-08-0216.flac,SUSPICIOUS,61,spectral
fd-exchange-2026-08-0217.flac,SUSPICIOUS,55,mdct
fd-exchange-2026-08-0218.flac,SUSPICIOUS,55,mdct
fd-exchange-2026-08-0219.flac,FAKE_CERTAIN,86,cnn+mdct
fd-exchange-2026-08-0220.flac,AUTHENTIC,0,
fd-exchange-2026-08-0221.flac,SUSPICIOUS,63,spectral
fd-exchange-2026-08-0222.flac,AUTHENTIC,0,
fd-exchange-2026-08-0223.flac,SUSPICIOUS,55,mdct
fd-exchange-2026-08-0224.flac,FAKE_CERTAIN,125,mdct+spectral
fd-exchange-2026-08-0225.flac,WARNING,42,cnn
fd-exchange-2026-08-0226.flac,AUTHENTIC,10,
fd-exchange-2026-08-0227.flac,WARNING,31,cnn
fd-exchange-2026-08-0228.flac,AUTHENTIC,0,
fd-exchange-2026-08-0229.flac,FAKE_CERTAIN,85,cnn+mdct
fd-exchange-2026-08-0230.flac,SUSPICIOUS,55,mdct
fd-exchange-2026-08-0231.flac,AUTHENTIC,28,spectral
fd-exchange-2026-08-0232.flac,AUTHENTIC,18,
fd-exchange-2026-08-0233.flac,WARNING,31,cnn
fd-exchange-2026-08-0234.flac,AUTHENTIC,0,
fd-exchange-2026-08-0235.flac,WARNING,43,cnn
fd-exchange-2026-08-0236.flac,FAKE_CERTAIN,86,cnn+mdct
fd-exchange-2026-08-0237.flac,FAKE_CERTAIN,93,cnn+spectral
fd-exchange-2026-08-0238.flac,SUSPICIOUS,55,mdct
fd-exchange-2026-08-0239.flac,WARNING,38,cnn
fd-exchange-2026-08-0240.flac,WARNING,31,cnn
fd-exchange-2026-08-0241.flac,AUTHENTIC,0,
fd-exchange-2026-08-0242.flac,WARNING,31,cnn
fd-exchange-2026-08-0243.flac,SUSPICIOUS,62,spectral
fd-exchange-2026-08-0244.flac,AUTHENTIC,0,
fd-exchange-2026-08-0245.flac,WARNING,37,cnn
fd-exchange-2026-08-0246.flac,SUSPICIOUS,56,mdct
fd-exchange-2026-08-0247.flac,FAKE_CERTAIN,85,cnn+mdct
fd-exchange-2026-08-0248.flac,FAKE_CERTAIN,85,cnn+mdct
fd-exchange-2026-08-0249.flac,WARNING,31,cnn
fd-exchange-2026-08-0250.flac,AUTHENTIC,0,
fd-exchange-2026-08-0251.flac,FAKE_CERTAIN,111,mdct+spectral
fd-exchange-2026-08-0252.flac,FAKE_CERTAIN,85,cnn+mdct
fd-exchange-2026-08-0253.flac,AUTHENTIC,9,
fd-exchange-2026-08-0254.flac,SUSPICIOUS,55,mdct
fd-exchange-2026-08-0255.flac,AUTHENTIC,0,
fd-exchange-2026-08-0256.flac,AUTHENTIC,0,
fd-exchange-2026-08-0257.flac,SUSPICIOUS,55,mdct
fd-exchange-2026-08-0258.flac,WARNING,31,cnn
fd-exchange-2026-08-0259.flac,AUTHENTIC,20,
fd-exchange-2026-08-0260.flac,WARNING,36,cnn
fd-exchange-2026-08-0261.flac,FAKE_CERTAIN,110,mdct+spectral
fd-exchange-2026-08-0262.flac,FAKE_CERTAIN,85,cnn+mdct
fd-exchange-2026-08-0263.flac,WARNING,43,spectral
fd-exchange-2026-08-0264.flac,FAKE_CERTAIN,93,cnn+spectral
fd-exchange-2026-08-0265.flac,SUSPICIOUS,55,mdct
fd-exchange-2026-08-0266.flac,WARNING,31,cnn
fd-exchange-2026-08-0267.flac,FAKE_CERTAIN,55,cnn+mdct
fd-exchange-2026-08-0268.flac,WARNING,54,cnn+mdct
fd-exchange-2026-08-0269.flac,WARNING,43,cnn
fd-exchange-2026-08-0270.flac,AUTHENTIC,13,cnn+mdct
fd-exchange-2026-08-0271.flac,WARNING,31,cnn
fd-exchange-2026-08-0272.flac,FAKE_CERTAIN,93,cnn+spectral
fd-exchange-2026-08-0273.flac,WARNING,52,cnn+mdct
fd-exchange-2026-08-0274.flac,SUSPICIOUS,55,mdct
fd-exchange-2026-08-0275.flac,FAKE_CERTAIN,85,cnn+mdct
fd-exchange-2026-08-0276.flac,AUTHENTIC,0,
fd-exchange-2026-08-0277.flac,WARNING,38,cnn
fd-exchange-2026-08-0278.flac,AUTHENTIC,10,
fd-exchange-2026-08-0279.flac,WARNING,43,cnn
fd-exchange-2026-08-0280.flac,AUTHENTIC,0,
fd-exchange-2026-08-0281.flac,AUTHENTIC,0,
fd-exchange-2026-08-0282.flac,SUSPICIOUS,55,mdct
fd-exchange-2026-08-0283.flac,AUTHENTIC,0,
fd-exchange-2026-08-0284.flac,SUSPICIOUS,55,mdct
fd-exchange-2026-08-0285.flac,WARNING,31,cnn
fd-exchange-2026-08-0286.flac,WARNING,53,cnn+spectral
fd-exchange-2026-08-0287.flac,WARNING,42,spectral
fd-exchange-2026-08-0288.flac,AUTHENTIC,10,
fd-exchange-2026-08-0289.flac,SUSPICIOUS,55,mdct
fd-exchange-2026-08-0290.flac,WARNING,35,cnn
fd-exchange-2026-08-0291.flac,WARNING,31,cnn
fd-exchange-2026-08-0292.flac,WARNING,43,cnn
fd-exchange-2026-08-0293.flac,WARNING,41,mdct
fd-exchange-2026-08-0294.flac,AUTHENTIC,0,
fd-exchange-2026-08-0295.flac,AUTHENTIC,8,
fd-exchange-2026-08-0296.flac,FAKE_CERTAIN,95,cnn+spectral
fd-exchange-2026-08-0297.flac,WARNING,31,cnn
fd-exchange-2026-08-0298.flac,AUTHENTIC,10,
fd-exchange-2026-08-0299.flac,AUTHENTIC,0,
fd-exchange-2026-08-0300.flac,WARNING,36,cnn
fd-exchange-2026-08-0301.flac,AUTHENTIC,7,
fd-exchange-2026-08-0302.flac,FAKE_CERTAIN,80,cnn+spectral
fd-exchange-2026-08-0303.flac,AUTHENTIC,13,cnn+mdct
fd-exchange-2026-08-0304.flac,AUTHENTIC,0,
fd-exchange-2026-08-0305.flac,AUTHENTIC,0,
fd-exchange-2026-08-0306.flac,FAKE_CERTAIN,85,cnn+mdct
fd-exchange-2026-08-0307.flac,SUSPICIOUS,55,mdct
fd-exchange-2026-08-0308.flac,FAKE_CERTAIN,86,cnn+mdct
fd-exchange-2026-08-0309.flac,AUTHENTIC,0,
fd-exchange-2026-08-0310.flac,AUTHENTIC,0,
fd-exchange-2026-08-0311.flac,WARNING,31,cnn
fd-exchange-2026-08-0312.flac,SUSPICIOUS,55,mdct
fd-exchange-2026-08-0313.flac,FAKE_CERTAIN,83,cnn+spectral
fd-exchange-2026-08-0314.flac,SUSPICIOUS,55,mdct
fd-exchange-2026-08-0315.flac,WARNING,44,spectral
fd-exchange-2026-08-0316.flac,SUSPICIOUS,55,mdct
fd-exchange-2026-08-0317.flac,WARNING,31,cnn
fd-exchange-2026-08-0318.flac,WARNING,31,cnn
fd-exchange-2026-08-0319.flac,WARNING,31,cnn
fd-exchange-2026-08-0320.flac,FAKE_CERTAIN,86,cnn+spectral
fd-exchange-2026-08-0321.flac,AUTHENTIC,0,
fd-exchange-2026-08-0322.flac,SUSPICIOUS,55,mdct
fd-exchange-2026-08-0323.flac,WARNING,36,cnn
fd-exchange-2026-08-0324.flac,SUSPICIOUS,67,mdct
fd-exchange-2026-08-0325.flac,SUSPICIOUS,55,mdct
fd-exchange-2026-08-0326.flac,SUSPICIOUS,55,mdct
fd-exchange-2026-08-0327.flac,FAKE_CERTAIN,93,cnn+spectral
fd-exchange-2026-08-0328.flac,SUSPICIOUS,55,mdct
fd-exchange-2026-08-0329.flac,SUSPICIOUS,55,mdct
fd-exchange-2026-08-0330.flac,AUTHENTIC,15,
fd-exchange-2026-08-0331.flac,AUTHENTIC,10,
fd-exchange-2026-08-0332.flac,WARNING,31,cnn
fd-exchange-2026-08-0333.flac,AUTHENTIC,0,
fd-exchange-2026-08-0334.flac,AUTHENTIC,0,cnn
fd-exchange-2026-08-0335.flac,SUSPICIOUS,55,mdct
fd-exchange-2026-08-0336.flac,AUTHENTIC,13,
fd-exchange-2026-08-0337.flac,SUSPICIOUS,62,spectral
fd-exchange-2026-08-0338.flac,WARNING,43,spectral
fd-exchange-2026-08-0339.flac,WARNING,31,cnn
fd-exchange-2026-08-0340.flac,FAKE_CERTAIN,86,cnn+spectral
fd-exchange-2026-08-0341.flac,FAKE_CERTAIN,75,cnn+spectral
fd-exchange-2026-08-0342.flac,FAKE_CERTAIN,87,cnn+spectral
fd-exchange-2026-08-0343.flac,AUTHENTIC,0,
fd-exchange-2026-08-0344.flac,AUTHENTIC,0,
fd-exchange-2026-08-0345.flac,SUSPICIOUS,55,mdct
fd-exchange-2026-08-0346.flac,SUSPICIOUS,55,spectral
fd-exchange-2026-08-0347.flac,SUSPICIOUS,55,mdct
fd-exchange-2026-08-0348.flac,AUTHENTIC,8,
fd-exchange-2026-08-0349.flac,FAKE_CERTAIN,84,cnn+spectral
fd-exchange-2026-08-0350.flac,FAKE_CERTAIN,85,cnn+mdct
fd-exchange-2026-08-0351.flac,WARNING,40,cnn
fd-exchange-2026-08-0352.flac,WARNING,31,cnn
fd-exchange-2026-08-0353.flac,WARNING,31,cnn
fd-exchange-2026-08-0354.flac,AUTHENTIC,0,
fd-exchange-2026-08-0355.flac,SUSPICIOUS,59,spectral
fd-exchange-2026-08-0356.flac,AUTHENTIC,6,
fd-exchange-2026-08-0357.flac,SUSPICIOUS,64,mdct
fd-exchange-2026-08-0358.flac,SUSPICIOUS,55,mdct
fd-exchange-2026-08-0359.flac,AUTHENTIC,23,spectral
fd-exchange-2026-08-0360.flac,WARNING,52,spectral
fd-exchange-2026-08-0361.flac,WARNING,31,cnn
fd-exchange-2026-08-0362.flac,WARNING,40,cnn
fd-exchange-2026-08-0363.flac,SUSPICIOUS,55,mdct
fd-exchange-2026-08-0364.flac,SUSPICIOUS,55,mdct
fd-exchange-2026-08-0365.flac,SUSPICIOUS,56,mdct
fd-exchange-2026-08-0366.flac,FAKE_CERTAIN,87,cnn+spectral
fd-exchange-2026-08-0367.flac,SUSPICIOUS,55,mdct
fd-exchange-2026-08-0368.flac,WARNING,40,spectral
fd-exchange-2026-08-0369.flac,SUSPICIOUS,66,mdct
fd-exchange-2026-08-0370.flac,AUTHENTIC,0,cnn
fd-exchange-2026-08-0371.flac,WARNING,31,cnn
fd-exchange-2026-08-0372.flac,WARNING,42,cnn
fd-exchange-2026-08-0373.flac,SUSPICIOUS,55,mdct
fd-exchange-2026-08-0374.flac,SUSPICIOUS,63,spectral
fd-exchange-2026-08-0375.flac,FAKE_CERTAIN,55,cnn+mdct
fd-exchange-2026-08-0376.flac,WARNING,31,cnn
fd-exchange-2026-08-0377.flac,SUSPICIOUS,55,mdct
fd-exchange-2026-08-0378.flac,AUTHENTIC,0,
fd-exchange-2026-08-0379.flac,WARNING,31,cnn
fd-exchange-2026-08-0380.flac,AUTHENTIC,30,spectral
fd-exchange-2026-08-0381.flac,WARNING,31,cnn
fd-exchange-2026-08-0382.flac,AUTHENTIC,10,
fd-exchange-2026-08-0383.flac,FAKE_CERTAIN,85,cnn+mdct
fd-exchange-2026-08-0384.flac,SUSPICIOUS,55,mdct
fd-exchange-2026-08-0385.flac,AUTHENTIC,30,
fd-exchange-2026-08-0386.flac,WARNING,40,cnn
fd-exchange-2026-08-0387.flac,WARNING,31,cnn
fd-exchange-2026-08-0388.flac,FAKE_CERTAIN,85,cnn+mdct
fd-exchange-2026-08-0389.flac,AUTHENTIC,0,
fd-exchange-2026-08-0390.flac,AUTHENTIC,0,
fd-exchange-2026-08-0391.flac,WARNING,31,cnn
fd-exchange-2026-08-0392.flac,SUSPICIOUS,55,mdct
fd-exchange-2026-08-0393.flac,FAKE_CERTAIN,85,cnn+mdct
fd-exchange-2026-08-0394.flac,AUTHENTIC,0,
fd-exchange-2026-08-0395.flac,WARNING,31,cnn
fd-exchange-2026-08-0396.flac,WARNING,31,cnn
fd-exchange-2026-08-0397.flac,FAKE_CERTAIN,106,mdct+spectral
fd-exchange-2026-08-0398.flac,WARNING,38,cnn
fd-exchange-2026-08-0399.flac,WARNING,37,cnn
fd-exchange-2026-08-0400.flac,WARNING,43,cnn
fd-exchange-2026-08-0401.flac,FAKE_CERTAIN,86,cnn+spectral
fd-exchange-2026-08-0402.flac,WARNING,31,cnn
fd-exchange-2026-08-0403.flac,FAKE_CERTAIN,73,cnn+spectral
fd-exchange-2026-08-0404.flac,SUSPICIOUS,55,mdct
fd-exchange-2026-08-0405.flac,FAKE_CERTAIN,82,cnn+mdct
fd-exchange-2026-08-0406.flac,WARNING,43,cnn
fd-exchange-2026-08-0407.flac,FAKE_CERTAIN,87,cnn+mdct
fd-exchange-2026-08-0408.flac,FAKE_CERTAIN,102,cnn+spectral
fd-exchange-2026-08-0409.flac,WARNING,43,cnn
fd-exchange-2026-08-0410.flac,SUSPICIOUS,58,spectral
fd-exchange-2026-08-0411.flac,WARNING,31,cnn
fd-exchange-2026-08-0412.flac,SUSPICIOUS,55,mdct
fd-exchange-2026-08-0413.flac,AUTHENTIC,10,
fd-exchange-2026-08-0414.flac,FAKE_CERTAIN,85,cnn+mdct
fd-exchange-2026-08-0415.flac,AUTHENTIC,0,
fd-exchange-2026-08-0416.flac,SUSPICIOUS,55,mdct
fd-exchange-2026-08-0417.flac,AUTHENTIC,0,
fd-exchange-2026-08-0418.flac,SUSPICIOUS,59,mdct
fd-exchange-2026-08-0419.flac,SUSPICIOUS,58,spectral
fd-exchange-2026-08-0420.flac,FAKE_CERTAIN,86,cnn+spectral
fd-exchange-2026-08-0421.flac,SUSPICIOUS,60,spectral
fd-exchange-2026-08-0422.flac,FAKE_CERTAIN,111,mdct+spectral
fd-exchange-2026-08-0423.flac,SUSPICIOUS,55,mdct
fd-exchange-2026-08-0424.flac,AUTHENTIC,0,
fd-exchange-2026-08-0425.flac,WARNING,43,cnn
fd-exchange-2026-08-0426.flac,WARNING,31,cnn
fd-exchange-2026-08-0427.flac,SUSPICIOUS,56,spectral
fd-exchange-2026-08-0428.flac,AUTHENTIC,0,
fd-exchange-2026-08-0429.flac,FAKE_CERTAIN,96,cnn+spectral
fd-exchange-2026-08-0430.flac,FAKE_CERTAIN,85,cnn+mdct
fd-exchange-2026-08-0431.flac,SUSPICIOUS,55,mdct
fd-exchange-2026-08-0432.flac,WARNING,46,cnn
fd-exchange-2026-08-0081.flac,WARNING,31,cnn
fd-exchange-2026-08-0083.flac,WARNING,31,cnn
fd-exchange-2026-08-0086.flac,FAKE_CERTAIN,86,cnn+spectral
fd-exchange-2026-08-0087.flac,WARNING,53,spectral
fd-exchange-2026-08-0089.flac,WARNING,31,cnn
fd-exchange-2026-08-0091.flac,SUSPICIOUS,55,mdct
fd-exchange-2026-08-0094.flac,AUTHENTIC,0,
fd-exchange-2026-08-0095.flac,FAKE_CERTAIN,85,cnn+mdct
fd-exchange-2026-08-0096.flac,WARNING,31,cnn
fd-exchange-2026-08-0099.flac,FAKE_CERTAIN,95,cnn+spectral
fd-exchange-2026-08-0100.flac,AUTHENTIC,0,
fd-exchange-2026-08-0101.flac,WARNING,31,cnn
fd-exchange-2026-08-0102.flac,WARNING,45,cnn
fd-exchange-2026-08-0103.flac,FAKE_CERTAIN,76,cnn+spectral
fd-exchange-2026-08-0106.flac,WARNING,31,cnn
fd-exchange-2026-08-0107.flac,AUTHENTIC,0,
fd-exchange-2026-08-0109.flac,FAKE_CERTAIN,68,cnn+spectral
fd-exchange-2026-08-0110.flac,SUSPICIOUS,56,spectral
fd-exchange-2026-08-0112.flac,FAKE_CERTAIN,77,cnn+mdct
fd-exchange-2026-08-0114.flac,FAKE_CERTAIN,95,cnn+spectral
fd-exchange-2026-08-0115.flac,FAKE_CERTAIN,87,cnn+spectral
fd-exchange-2026-08-0119.flac,WARNING,36,cnn
fd-exchange-2026-08-0121.flac,SUSPICIOUS,55,mdct
fd-exchange-2026-08-0123.flac,FAKE_CERTAIN,105,mdct+spectral
fd-exchange-2026-08-0124.flac,FAKE_CERTAIN,80,cnn+spectral
fd-exchange-2026-08-0126.flac,SUSPICIOUS,55,mdct
fd-exchange-2026-08-0127.flac,FAKE_CERTAIN,85,cnn+mdct
fd-exchange-2026-08-0130.flac,WARNING,36,cnn
fd-exchange-2026-08-0131.flac,AUTHENTIC,0,
fd-exchange-2026-08-0132.flac,WARNING,31,cnn
fd-exchange-2026-08-0133.flac,WARNING,31,cnn
fd-exchange-2026-08-0134.flac,SUSPICIOUS,55,mdct
fd-exchange-2026-08-0135.flac,AUTHENTIC,6,
fd-exchange-2026-08-0136.flac,WARNING,31,cnn
fd-exchange-2026-08-0138.flac,FAKE_CERTAIN,88,cnn+spectral
fd-exchange-2026-08-0140.flac,SUSPICIOUS,55,mdct
fd-exchange-2026-08-0142.flac,AUTHENTIC,0,
fd-exchange-2026-08-0143.flac,FAKE_CERTAIN,80,cnn+spectral
fd-exchange-2026-08-0144.flac,AUTHENTIC,0,
fd-exchange-2026-08-0145.flac,WARNING,43,cnn
fd-exchange-2026-08-0146.flac,AUTHENTIC,0,
fd-exchange-2026-08-0147.flac,WARNING,51,spectral
fd-exchange-2026-08-0149.flac,WARNING,43,spectral
fd-exchange-2026-08-0150.flac,FAKE_CERTAIN,85,cnn+mdct
fd-exchange-2026-08-0151.flac,FAKE_CERTAIN,86,cnn+spectral
fd-exchange-2026-08-0152.flac,AUTHENTIC,0,
fd-exchange-2026-08-0154.flac,FAKE_CERTAIN,87,cnn+spectral
fd-exchange-2026-08-0433.flac,FAKE_CERTAIN,86,cnn+spectral
fd-exchange-2026-08-0434.flac,SUSPICIOUS,63,spectral
fd-exchange-2026-08-0435.flac,WARNING,31,cnn
fd-exchange-2026-08-0436.flac,SUSPICIOUS,55,mdct
fd-exchange-2026-08-0437.flac,WARNING,31,cnn
fd-exchange-2026-08-0439.flac,SUSPICIOUS,66,mdct
fd-exchange-2026-08-0440.flac,SUSPICIOUS,58,spectral
fd-exchange-2026-08-0441.flac,AUTHENTIC,7,
fd-exchange-2026-08-0444.flac,SUSPICIOUS,55,mdct
