slug,label,codec,window,peak_ratio,best_offset
000-03-Balla-et-ses-Balladins-Moi-ca-ma-fout,0,authentic,kbd,1.2364,372
001-11-Gilbert-B-caud-Le-bain-de-minuit,0,authentic,kbd,1.2651,268
002-03-Hraach-Let-it-go,0,authentic,kbd,1.253,562
003-01-Thor-Dari-lullaby,0,authentic,kbd,1.2706,528
004-01-Thiossane-Ablaye-Ndiaye-Aminata-ndiaye,0,authentic,kbd,1.1908,505
005-17-Los-Seven-Del-Swing-Celoso,0,authentic,kbd,1.2405,228
006-09-Mahmoud-Ahmed-Tezeta,0,authentic,kbd,1.1951,311
007-07-Wax-Tailor-Positively-inclined-featuring-main,0,authentic,kbd,1.3086,716
008-06-The-Mebusas-Mr-bull-dog-original-45-version,0,authentic,kbd,1.2683,599
009-03-Ilya-Beshevli-To-solitude,0,authentic,kbd,1.1494,627
010-06-Jon-Hassell-These-times,0,authentic,kbd,1.2169,246
011-07-Ensemble-National-des-Percussions-de-Guin-e-K,0,authentic,kbd,1.3951,359
013-22-Roswell-Sacred-Harp-Quartet-Weeping-mary,0,authentic,kbd,1.3086,144
012-07-A-La-Carte-Brass-And-Percussion-Papa-was-a-ro,0,authentic,kbd,1.2147,926
014-26-Dock-Walsh-Bathe-in-that-beautiful-pool,0,authentic,kbd,1.2671,406
015-08-Jos-Gonz-lez-Vissel,0,authentic,kbd,1.2317,995
016-03-Memory-Tapes-Green-knight,0,authentic,kbd,1.1264,237
017-13-Cafe-Del-Mar-Submariner,0,authentic,kbd,1.2048,992
018-04-Bag-o-wire-Resovoir,0,authentic,kbd,1.241,799
019-04-Kohi-Jadu,0,authentic,kbd,1.2899,521
020-06-Bola-Tigantabame,0,authentic,kbd,1.25,433
021-13-Colombiafrica-The-Mystic-Orchestra-Rey-de-roc,0,authentic,kbd,1.2485,107
022-17-Michel-Legrand-It-s-good-to-be-alive-the-chas,0,authentic,kbd,1.2414,532
023-01-Yusef-Lateef-Buddy-and-lou,0,authentic,kbd,1.2994,574
024-15-Jordi-Savall-Concert-li-la-rougeville-gigue,0,authentic,kbd,1.2184,86
025-07-Bolalar-Lola,0,authentic,kbd,1.2422,803
026-06-Oumou-Dioubat-Siyala,0,authentic,kbd,1.2184,276
027-01-Dimlite-Kitty-Cradle-Fog,0,authentic,kbd,1.3625,97
028-04-Lisu-Yue-phue-alcool-de-ma-s,0,authentic,kbd,1.1744,86
029-05-Kuusow-Kurtunwaarey-Amin-Xaaji-Cusmaan-Cabdul,0,authentic,kbd,1.3133,913
030-06-S-bastien-Tellier-Benny,0,authentic,kbd,1.2262,935
031-07-Shkoon-Just-Emma-Id,0,authentic,kbd,1.3171,716
032-05-2kilos-more-Cache-feu,0,authentic,kbd,1.2824,769
033-01-Daylight-Rising,0,authentic,kbd,1.2738,676
034-09-Snow-Ghosts-Bowline,0,authentic,kbd,1.2,842
035-16-Slow-Air-In-Dropped-D,0,authentic,kbd,1.1285,647
036-08-Nicolas-Comment-Amaurose,0,authentic,kbd,1.2738,394
037-02-Super-Cayor-De-Dakar-Emboutaieillage,0,authentic,kbd,1.1299,822
038-11-Red-Hot-Chili-Peppers-This-velvet-glove,0,authentic,kbd,1.1954,878
039-13-Kat-Onoma-Change-blues,0,authentic,kbd,1.2934,595
040-11-Xploding-Plastix-Far-flung-tonic,0,authentic,kbd,1.2892,824
041-07-Mondkopf-Summer-afternoon-on-the-carribean-se,0,authentic,kbd,1.2671,228
042-04-Keletigui-et-ses-Tambourinis-Nadia,0,authentic,kbd,1.1647,575
043-03-Massive-Attack-Inertia-Creeps-Manic-Street-Pr,0,authentic,kbd,1.1928,690
044-02-Various-Artists-Ka-mea-mea,0,authentic,kbd,1.4167,593
045-08-DJ-Katapila-Trotro-instrumental,0,authentic,kbd,1.2919,425
046-04-Clelia-Felix-Shine-so-bright,0,authentic,kbd,1.2235,736
047-03-Lemma-Souad-Asla-Maachouk-Nbi,0,authentic,kbd,1.2651,854
048-08-Gabriel-Romero-La-Piragua,0,authentic,kbd,1.3125,55
049-Nigeria-70-vol-1-Lagos-jump-09-Chief-Checker-Afr,0,authentic,kbd,1.2375,783
050-08-Boubacar-Traor-Pierrette,0,authentic,kbd,1.3801,670
051-07-Coldcut-x-On-U-Sound-Kajra-mohobbat-wala-feat,0,authentic,kbd,1.3091,533
052-06-Papa-Wemba-Efeka-mandundu,0,authentic,kbd,1.2963,182
053-03-Jupiter-Okwess-Ofakombolo,0,authentic,kbd,1.241,347
054-10-George-Bruns-Two-dogs-and-a-cycle,0,authentic,kbd,1.2759,1009
055-01-Godspeed-You-Black-Emperor-Undoing-a-luciferi,0,authentic,kbd,1.2222,390
056-14-Hlamalani,0,authentic,kbd,1.1905,350
057-02-Nass-El-Ghiwan-El-Mekkaoui-le-mecquois,0,authentic,kbd,1.2469,324
058-01-Piny-Runa-Woko,0,authentic,kbd,1.2189,521
059-01-Genesis-Gospel-Singers-Momma-mo-akoma-ntutu,0,authentic,kbd,1.2558,590
060-13-Naomi-The-Boys-Bad-loser,0,authentic,kbd,1.1786,938
061-07-Black-Truth-Rhythm-Band-Imo,0,authentic,kbd,1.2353,921
062-03-Alpha-Blondy-Jah-glory,0,authentic,kbd,1.3333,443
063-09-Rodolphe-Burger-Billy-the-kid,0,authentic,kbd,1.3171,401
064-01-Blank-Jones-Feat-Mike-Francis-Someone-like-yo,0,authentic,kbd,1.25,466
065-05-Quizas-Quizas,0,authentic,kbd,1.2143,688
066-04-Etoile-de-Dakar-My-wa-wa,0,authentic,kbd,1.3537,378
067-03-The-Streets-Let-s-push-things-forward,0,authentic,kbd,1.2387,351
068-08-Eddie-Palmieri-Cal-Tjader-Bamboleate,0,authentic,kbd,1.2795,436
069-02-Eden-Ahbez-The-wanderer,0,authentic,kbd,1.3415,975
070-02-Guts-Good-morning,0,authentic,kbd,1.3711,827
071-01-Jaipur-Kawa-Brass-Band-Piya-tu-ab-aaja,0,authentic,kbd,1.1897,682
072-05-Simo-Moumen-Samsara,0,authentic,kbd,1.2857,158
073-10-Vanilla-Fudge-Eleanor-rigby,0,authentic,kbd,1.362,64
074-09-Koki-Nakano-Lift,0,authentic,kbd,1.3373,961
075-03-Jordi-Savall-El-rey-de-francia-esmirna,0,authentic,kbd,1.2308,808
076-20-Fran-ois-Couperin-O-salutaris,0,authentic,kbd,1.1687,474
077-01-Jaga-Jazzist-All-i-know-is-tonight,0,authentic,kbd,1.2761,263
078-04-Kat-Onoma-La-chambre,0,authentic,kbd,1.2651,840
079-04-Gwen-McCrae-Let-s-straighten-it-out,0,authentic,kbd,1.3659,662
000-03-Balla-et-ses-Balladins-Moi-ca-ma-fout,1,aac_ff128,kbd,36.8462,1020
001-11-Gilbert-B-caud-Le-bain-de-minuit,1,aac_ff128,kbd,10.973,1020
002-03-Hraach-Let-it-go,1,aac_ff128,kbd,9.6833,1020
003-01-Thor-Dari-lullaby,1,aac_ff128,kbd,29.451,1020
004-01-Thiossane-Ablaye-Ndiaye-Aminata-ndiaye,1,aac_ff128,kbd,8.8155,1020
005-17-Los-Seven-Del-Swing-Celoso,1,aac_ff128,kbd,31.7423,1020
006-09-Mahmoud-Ahmed-Tezeta,1,aac_ff128,kbd,34.2874,1020
007-07-Wax-Tailor-Positively-inclined-featuring-main,1,aac_ff128,kbd,23.7129,1020
008-06-The-Mebusas-Mr-bull-dog-original-45-version,1,aac_ff128,kbd,26.0,1020
009-03-Ilya-Beshevli-To-solitude,1,aac_ff128,kbd,3.1028,1020
010-06-Jon-Hassell-These-times,1,aac_ff128,kbd,9.9245,1020
011-07-Ensemble-National-des-Percussions-de-Guin-e-K,1,aac_ff128,kbd,5.9821,1020
012-07-A-La-Carte-Brass-And-Percussion-Papa-was-a-ro,1,aac_ff128,kbd,6.1047,1020
013-22-Roswell-Sacred-Harp-Quartet-Weeping-mary,1,aac_ff128,kbd,32.4,1020
014-26-Dock-Walsh-Bathe-in-that-beautiful-pool,1,aac_ff128,kbd,18.1951,1020
015-08-Jos-Gonz-lez-Vissel,1,aac_ff128,kbd,5.2252,1020
016-03-Memory-Tapes-Green-knight,1,aac_ff128,kbd,34.4706,1020
017-13-Cafe-Del-Mar-Submariner,1,aac_ff128,kbd,33.4922,1020
018-04-Bag-o-wire-Resovoir,1,aac_ff128,kbd,19.3605,1020
019-04-Kohi-Jadu,1,aac_ff128,kbd,16.274,1020
020-06-Bola-Tigantabame,1,aac_ff128,kbd,22.7254,1020
021-13-Colombiafrica-The-Mystic-Orchestra-Rey-de-roc,1,aac_ff128,kbd,29.8624,508
022-17-Michel-Legrand-It-s-good-to-be-alive-the-chas,1,aac_ff128,kbd,8.4231,1020
023-01-Yusef-Lateef-Buddy-and-lou,1,aac_ff128,kbd,19.3305,1020
024-15-Jordi-Savall-Concert-li-la-rougeville-gigue,1,aac_ff128,kbd,2.6425,1020
025-07-Bolalar-Lola,1,aac_ff128,kbd,19.7778,1020
026-06-Oumou-Dioubat-Siyala,1,aac_ff128,kbd,26.9292,1020
027-01-Dimlite-Kitty-Cradle-Fog,1,aac_ff128,kbd,30.2032,1020
028-04-Lisu-Yue-phue-alcool-de-ma-s,1,aac_ff128,kbd,13.0978,1020
029-05-Kuusow-Kurtunwaarey-Amin-Xaaji-Cusmaan-Cabdul,1,aac_ff128,kbd,17.7357,1020
030-06-S-bastien-Tellier-Benny,1,aac_ff128,kbd,36.0214,1020
031-07-Shkoon-Just-Emma-Id,1,aac_ff128,kbd,7.3258,1020
032-05-2kilos-more-Cache-feu,1,aac_ff128,kbd,33.9781,1020
033-01-Daylight-Rising,1,aac_ff128,kbd,25.1362,1020
034-09-Snow-Ghosts-Bowline,1,aac_ff128,kbd,21.7158,1020
035-16-Slow-Air-In-Dropped-D,1,aac_ff128,kbd,5.2263,1020
036-08-Nicolas-Comment-Amaurose,1,aac_ff128,kbd,23.7447,1020
037-02-Super-Cayor-De-Dakar-Emboutaieillage,1,aac_ff128,kbd,24.0,1020
038-11-Red-Hot-Chili-Peppers-This-velvet-glove,1,aac_ff128,kbd,32.2312,1020
039-13-Kat-Onoma-Change-blues,1,aac_ff128,kbd,23.9204,1020
040-11-Xploding-Plastix-Far-flung-tonic,1,aac_ff128,kbd,32.2188,1020
041-07-Mondkopf-Summer-afternoon-on-the-carribean-se,1,aac_ff128,kbd,1.3364,467
042-04-Keletigui-et-ses-Tambourinis-Nadia,1,aac_ff128,kbd,35.8864,1020
043-03-Massive-Attack-Inertia-Creeps-Manic-Street-Pr,1,aac_ff128,kbd,23.5377,1020
044-02-Various-Artists-Ka-mea-mea,1,aac_ff128,kbd,11.1078,1020
045-08-DJ-Katapila-Trotro-instrumental,1,aac_ff128,kbd,20.3111,1020
046-04-Clelia-Felix-Shine-so-bright,1,aac_ff128,kbd,12.2984,1020
047-03-Lemma-Souad-Asla-Maachouk-Nbi,1,aac_ff128,kbd,17.1005,1020
048-08-Gabriel-Romero-La-Piragua,1,aac_ff128,kbd,25.5149,1020
049-Nigeria-70-vol-1-Lagos-jump-09-Chief-Checker-Afr,1,aac_ff128,kbd,17.6737,1020
050-08-Boubacar-Traor-Pierrette,1,aac_ff128,kbd,18.8429,1020
051-07-Coldcut-x-On-U-Sound-Kajra-mohobbat-wala-feat,1,aac_ff128,kbd,23.866,1020
052-06-Papa-Wemba-Efeka-mandundu,1,aac_ff128,kbd,41.7126,1020
053-03-Jupiter-Okwess-Ofakombolo,1,aac_ff128,kbd,32.0546,1020
054-10-George-Bruns-Two-dogs-and-a-cycle,1,aac_ff128,kbd,29.6,1020
055-01-Godspeed-You-Black-Emperor-Undoing-a-luciferi,1,aac_ff128,kbd,23.0,1020
056-14-Hlamalani,1,aac_ff128,kbd,20.3416,1020
057-02-Nass-El-Ghiwan-El-Mekkaoui-le-mecquois,1,aac_ff128,kbd,21.9545,1020
058-01-Piny-Runa-Woko,1,aac_ff128,kbd,17.1266,1020
059-01-Genesis-Gospel-Singers-Momma-mo-akoma-ntutu,1,aac_ff128,kbd,40.3886,1020
060-13-Naomi-The-Boys-Bad-loser,1,aac_ff128,kbd,11.1643,1020
061-07-Black-Truth-Rhythm-Band-Imo,1,aac_ff128,kbd,17.5025,1020
062-03-Alpha-Blondy-Jah-glory,1,aac_ff128,kbd,16.7292,1020
063-09-Rodolphe-Burger-Billy-the-kid,1,aac_ff128,kbd,5.7,1020
064-01-Blank-Jones-Feat-Mike-Francis-Someone-like-yo,1,aac_ff128,kbd,14.0,1020
065-05-Quizas-Quizas,1,aac_ff128,kbd,6.1681,1020
066-04-Etoile-de-Dakar-My-wa-wa,1,aac_ff128,kbd,25.0194,1020
067-03-The-Streets-Let-s-push-things-forward,1,aac_ff128,kbd,10.3217,1020
068-08-Eddie-Palmieri-Cal-Tjader-Bamboleate,1,aac_ff128,kbd,16.5776,1020
069-02-Eden-Ahbez-The-wanderer,1,aac_ff128,kbd,17.5895,1020
070-02-Guts-Good-morning,1,aac_ff128,kbd,20.5622,1020
071-01-Jaipur-Kawa-Brass-Band-Piya-tu-ab-aaja,1,aac_ff128,kbd,19.345,1020
072-05-Simo-Moumen-Samsara,1,aac_ff128,kbd,15.4733,1020
073-10-Vanilla-Fudge-Eleanor-rigby,1,aac_ff128,kbd,31.4182,1020
074-09-Koki-Nakano-Lift,1,aac_ff128,kbd,6.8317,1020
075-03-Jordi-Savall-El-rey-de-francia-esmirna,1,aac_ff128,kbd,7.4198,1020
076-20-Fran-ois-Couperin-O-salutaris,1,aac_ff128,kbd,3.5909,1020
077-01-Jaga-Jazzist-All-i-know-is-tonight,1,aac_ff128,kbd,25.9011,1020
078-04-Kat-Onoma-La-chambre,1,aac_ff128,kbd,14.36,1020
079-04-Gwen-McCrae-Let-s-straighten-it-out,1,aac_ff128,kbd,32.2266,1020
000-03-Balla-et-ses-Balladins-Moi-ca-ma-fout,1,aac_ff256,kbd,10.4815,1020
001-11-Gilbert-B-caud-Le-bain-de-minuit,1,aac_ff256,kbd,28.4409,1020
002-03-Hraach-Let-it-go,1,aac_ff256,kbd,18.9012,1020
003-01-Thor-Dari-lullaby,1,aac_ff256,kbd,26.6667,1020
004-01-Thiossane-Ablaye-Ndiaye-Aminata-ndiaye,1,aac_ff256,kbd,20.1515,1020
005-17-Los-Seven-Del-Swing-Celoso,1,aac_ff256,kbd,27.6744,1020
006-09-Mahmoud-Ahmed-Tezeta,1,aac_ff256,kbd,12.3114,1020
007-07-Wax-Tailor-Positively-inclined-featuring-main,1,aac_ff256,kbd,24.8488,1020
008-06-The-Mebusas-Mr-bull-dog-original-45-version,1,aac_ff256,kbd,27.6763,1020
009-03-Ilya-Beshevli-To-solitude,1,aac_ff256,kbd,8.9691,1020
010-06-Jon-Hassell-These-times,1,aac_ff256,kbd,22.0471,1020
011-07-Ensemble-National-des-Percussions-de-Guin-e-K,1,aac_ff256,kbd,8.8953,1020
012-07-A-La-Carte-Brass-And-Percussion-Papa-was-a-ro,1,aac_ff256,kbd,9.7455,1020
013-22-Roswell-Sacred-Harp-Quartet-Weeping-mary,1,aac_ff256,kbd,17.1628,1020
014-26-Dock-Walsh-Bathe-in-that-beautiful-pool,1,aac_ff256,kbd,5.8683,1020
015-08-Jos-Gonz-lez-Vissel,1,aac_ff256,kbd,20.5301,1020
016-03-Memory-Tapes-Green-knight,1,aac_ff256,kbd,30.2619,1020
017-13-Cafe-Del-Mar-Submariner,1,aac_ff256,kbd,27.1071,1020
018-04-Bag-o-wire-Resovoir,1,aac_ff256,kbd,6.3713,1020
019-04-Kohi-Jadu,1,aac_ff256,kbd,27.0058,1020
020-06-Bola-Tigantabame,1,aac_ff256,kbd,16.0226,1020
021-13-Colombiafrica-The-Mystic-Orchestra-Rey-de-roc,1,aac_ff256,kbd,25.2857,508
022-17-Michel-Legrand-It-s-good-to-be-alive-the-chas,1,aac_ff256,kbd,26.3979,1020
023-01-Yusef-Lateef-Buddy-and-lou,1,aac_ff256,kbd,24.4068,1020
024-15-Jordi-Savall-Concert-li-la-rougeville-gigue,1,aac_ff256,kbd,12.4729,1020
025-07-Bolalar-Lola,1,aac_ff256,kbd,20.5119,1020
026-06-Oumou-Dioubat-Siyala,1,aac_ff256,kbd,28.4713,1020
027-01-Dimlite-Kitty-Cradle-Fog,1,aac_ff256,kbd,24.2824,1020
028-04-Lisu-Yue-phue-alcool-de-ma-s,1,aac_ff256,kbd,5.1529,1020
029-05-Kuusow-Kurtunwaarey-Amin-Xaaji-Cusmaan-Cabdul,1,aac_ff256,kbd,22.3933,1020
030-06-S-bastien-Tellier-Benny,1,aac_ff256,kbd,29.314,1020
031-07-Shkoon-Just-Emma-Id,1,aac_ff256,kbd,4.982,1020
032-05-2kilos-more-Cache-feu,1,aac_ff256,kbd,29.2749,1020
033-01-Daylight-Rising,1,aac_ff256,kbd,30.2472,1020
034-09-Snow-Ghosts-Bowline,1,aac_ff256,kbd,23.2619,1020
035-16-Slow-Air-In-Dropped-D,1,aac_ff256,kbd,10.4541,1020
036-08-Nicolas-Comment-Amaurose,1,aac_ff256,kbd,17.9281,1020
037-02-Super-Cayor-De-Dakar-Emboutaieillage,1,aac_ff256,kbd,12.5614,1020
038-11-Red-Hot-Chili-Peppers-This-velvet-glove,1,aac_ff256,kbd,29.1954,1020
039-13-Kat-Onoma-Change-blues,1,aac_ff256,kbd,31.6235,1020
040-11-Xploding-Plastix-Far-flung-tonic,1,aac_ff256,kbd,26.3837,1020
041-07-Mondkopf-Summer-afternoon-on-the-carribean-se,1,aac_ff256,kbd,1.2069,941
042-04-Keletigui-et-ses-Tambourinis-Nadia,1,aac_ff256,kbd,9.0888,1020
043-03-Massive-Attack-Inertia-Creeps-Manic-Street-Pr,1,aac_ff256,kbd,34.9767,1020
044-02-Various-Artists-Ka-mea-mea,1,aac_ff256,kbd,16.7701,1020
045-08-DJ-Katapila-Trotro-instrumental,1,aac_ff256,kbd,14.5783,1020
046-04-Clelia-Felix-Shine-so-bright,1,aac_ff256,kbd,23.6836,1020
047-03-Lemma-Souad-Asla-Maachouk-Nbi,1,aac_ff256,kbd,27.1059,1020
048-08-Gabriel-Romero-La-Piragua,1,aac_ff256,kbd,23.2262,1020
049-Nigeria-70-vol-1-Lagos-jump-09-Chief-Checker-Afr,1,aac_ff256,kbd,20.5682,1020
050-08-Boubacar-Traor-Pierrette,1,aac_ff256,kbd,20.4941,1020
051-07-Coldcut-x-On-U-Sound-Kajra-mohobbat-wala-feat,1,aac_ff256,kbd,22.0,1020
052-06-Papa-Wemba-Efeka-mandundu,1,aac_ff256,kbd,15.8214,1020
053-03-Jupiter-Okwess-Ofakombolo,1,aac_ff256,kbd,28.2317,1020
054-10-George-Bruns-Two-dogs-and-a-cycle,1,aac_ff256,kbd,21.0621,1020
055-01-Godspeed-You-Black-Emperor-Undoing-a-luciferi,1,aac_ff256,kbd,32.4588,1020
056-14-Hlamalani,1,aac_ff256,kbd,29.1333,1020
057-02-Nass-El-Ghiwan-El-Mekkaoui-le-mecquois,1,aac_ff256,kbd,17.7605,1020
058-01-Piny-Runa-Woko,1,aac_ff256,kbd,25.5556,1020
059-01-Genesis-Gospel-Singers-Momma-mo-akoma-ntutu,1,aac_ff256,kbd,21.1395,1020
060-13-Naomi-The-Boys-Bad-loser,1,aac_ff256,kbd,30.7182,1020
061-07-Black-Truth-Rhythm-Band-Imo,1,aac_ff256,kbd,20.1117,1020
062-03-Alpha-Blondy-Jah-glory,1,aac_ff256,kbd,14.7176,1020
063-09-Rodolphe-Burger-Billy-the-kid,1,aac_ff256,kbd,15.0787,1020
064-01-Blank-Jones-Feat-Mike-Francis-Someone-like-yo,1,aac_ff256,kbd,22.4157,1020
065-05-Quizas-Quizas,1,aac_ff256,kbd,24.7778,1020
066-04-Etoile-de-Dakar-My-wa-wa,1,aac_ff256,kbd,21.6353,1020
067-03-The-Streets-Let-s-push-things-forward,1,aac_ff256,kbd,29.8497,1020
068-08-Eddie-Palmieri-Cal-Tjader-Bamboleate,1,aac_ff256,kbd,19.8161,1020
069-02-Eden-Ahbez-The-wanderer,1,aac_ff256,kbd,17.0345,1020
070-02-Guts-Good-morning,1,aac_ff256,kbd,21.3846,1020
071-01-Jaipur-Kawa-Brass-Band-Piya-tu-ab-aaja,1,aac_ff256,kbd,21.0947,1020
072-05-Simo-Moumen-Samsara,1,aac_ff256,kbd,29.883,1020
073-10-Vanilla-Fudge-Eleanor-rigby,1,aac_ff256,kbd,7.7037,1020
074-09-Koki-Nakano-Lift,1,aac_ff256,kbd,24.5484,1020
075-03-Jordi-Savall-El-rey-de-francia-esmirna,1,aac_ff256,kbd,15.8132,1020
076-20-Fran-ois-Couperin-O-salutaris,1,aac_ff256,kbd,9.8214,1020
077-01-Jaga-Jazzist-All-i-know-is-tonight,1,aac_ff256,kbd,35.5904,1020
078-04-Kat-Onoma-La-chambre,1,aac_ff256,kbd,14.8795,1020
079-04-Gwen-McCrae-Let-s-straighten-it-out,1,aac_ff256,kbd,29.5314,1020
000-03-Balla-et-ses-Balladins-Moi-ca-ma-fout,1,aac_ff320,kbd,9.8214,1020
001-11-Gilbert-B-caud-Le-bain-de-minuit,1,aac_ff320,kbd,24.2989,1020
002-03-Hraach-Let-it-go,1,aac_ff320,kbd,12.75,1020
003-01-Thor-Dari-lullaby,1,aac_ff320,kbd,12.838,1020
004-01-Thiossane-Ablaye-Ndiaye-Aminata-ndiaye,1,aac_ff320,kbd,15.1061,1020
005-17-Los-Seven-Del-Swing-Celoso,1,aac_ff320,kbd,14.1951,1020
006-09-Mahmoud-Ahmed-Tezeta,1,aac_ff320,kbd,12.3837,1020
007-07-Wax-Tailor-Positively-inclined-featuring-main,1,aac_ff320,kbd,14.0235,1020
008-06-The-Mebusas-Mr-bull-dog-original-45-version,1,aac_ff320,kbd,15.9048,1020
009-03-Ilya-Beshevli-To-solitude,1,aac_ff320,kbd,8.3511,1020
010-06-Jon-Hassell-These-times,1,aac_ff320,kbd,19.1786,1020
011-07-Ensemble-National-des-Percussions-de-Guin-e-K,1,aac_ff320,kbd,7.2326,1020
012-07-A-La-Carte-Brass-And-Percussion-Papa-was-a-ro,1,aac_ff320,kbd,4.9375,1020
013-22-Roswell-Sacred-Harp-Quartet-Weeping-mary,1,aac_ff320,kbd,17.6977,1020
014-26-Dock-Walsh-Bathe-in-that-beautiful-pool,1,aac_ff320,kbd,7.9878,1020
015-08-Jos-Gonz-lez-Vissel,1,aac_ff320,kbd,16.5455,1020
016-03-Memory-Tapes-Green-knight,1,aac_ff320,kbd,17.3571,1020
017-13-Cafe-Del-Mar-Submariner,1,aac_ff320,kbd,14.9759,1020
018-04-Bag-o-wire-Resovoir,1,aac_ff320,kbd,7.9273,1020
019-04-Kohi-Jadu,1,aac_ff320,kbd,19.2048,1020
020-06-Bola-Tigantabame,1,aac_ff320,kbd,9.0111,1020
021-13-Colombiafrica-The-Mystic-Orchestra-Rey-de-roc,1,aac_ff320,kbd,11.6463,508
022-17-Michel-Legrand-It-s-good-to-be-alive-the-chas,1,aac_ff320,kbd,21.1512,1020
023-01-Yusef-Lateef-Buddy-and-lou,1,aac_ff320,kbd,12.7746,1020
024-15-Jordi-Savall-Concert-li-la-rougeville-gigue,1,aac_ff320,kbd,12.8947,1020
025-07-Bolalar-Lola,1,aac_ff320,kbd,13.378,1020
026-06-Oumou-Dioubat-Siyala,1,aac_ff320,kbd,15.6588,1020
027-01-Dimlite-Kitty-Cradle-Fog,1,aac_ff320,kbd,11.1698,1020
028-04-Lisu-Yue-phue-alcool-de-ma-s,1,aac_ff320,kbd,4.3353,1020
029-05-Kuusow-Kurtunwaarey-Amin-Xaaji-Cusmaan-Cabdul,1,aac_ff320,kbd,16.2273,1020
030-06-S-bastien-Tellier-Benny,1,aac_ff320,kbd,14.7262,1020
031-07-Shkoon-Just-Emma-Id,1,aac_ff320,kbd,3.2439,1020
032-05-2kilos-more-Cache-feu,1,aac_ff320,kbd,16.5698,1020
033-01-Daylight-Rising,1,aac_ff320,kbd,17.6627,1020
034-09-Snow-Ghosts-Bowline,1,aac_ff320,kbd,13.2738,1020
035-16-Slow-Air-In-Dropped-D,1,aac_ff320,kbd,10.2778,1020
036-08-Nicolas-Comment-Amaurose,1,aac_ff320,kbd,9.1314,1020
037-02-Super-Cayor-De-Dakar-Emboutaieillage,1,aac_ff320,kbd,7.0562,1020
038-11-Red-Hot-Chili-Peppers-This-velvet-glove,1,aac_ff320,kbd,18.4311,1020
039-13-Kat-Onoma-Change-blues,1,aac_ff320,kbd,16.6341,1020
040-11-Xploding-Plastix-Far-flung-tonic,1,aac_ff320,kbd,15.9763,1020
041-07-Mondkopf-Summer-afternoon-on-the-carribean-se,1,aac_ff320,kbd,1.2469,328
042-04-Keletigui-et-ses-Tambourinis-Nadia,1,aac_ff320,kbd,9.1243,1020
043-03-Massive-Attack-Inertia-Creeps-Manic-Street-Pr,1,aac_ff320,kbd,17.7059,1020
044-02-Various-Artists-Ka-mea-mea,1,aac_ff320,kbd,12.7381,1020
045-08-DJ-Katapila-Trotro-instrumental,1,aac_ff320,kbd,11.5122,1020
046-04-Clelia-Felix-Shine-so-bright,1,aac_ff320,kbd,17.5476,1020
047-03-Lemma-Souad-Asla-Maachouk-Nbi,1,aac_ff320,kbd,16.0958,1020
048-08-Gabriel-Romero-La-Piragua,1,aac_ff320,kbd,12.869,1020
049-Nigeria-70-vol-1-Lagos-jump-09-Chief-Checker-Afr,1,aac_ff320,kbd,12.7665,1020
050-08-Boubacar-Traor-Pierrette,1,aac_ff320,kbd,14.3815,1020
051-07-Coldcut-x-On-U-Sound-Kajra-mohobbat-wala-feat,1,aac_ff320,kbd,13.1928,1020
052-06-Papa-Wemba-Efeka-mandundu,1,aac_ff320,kbd,13.503,1020
053-03-Jupiter-Okwess-Ofakombolo,1,aac_ff320,kbd,14.5,1020
054-10-George-Bruns-Two-dogs-and-a-cycle,1,aac_ff320,kbd,14.8876,1020
055-01-Godspeed-You-Black-Emperor-Undoing-a-luciferi,1,aac_ff320,kbd,17.5349,1020
056-14-Hlamalani,1,aac_ff320,kbd,16.2604,1020
057-02-Nass-El-Ghiwan-El-Mekkaoui-le-mecquois,1,aac_ff320,kbd,12.1325,1020
058-01-Piny-Runa-Woko,1,aac_ff320,kbd,15.1856,1020
059-01-Genesis-Gospel-Singers-Momma-mo-akoma-ntutu,1,aac_ff320,kbd,9.7529,1020
060-13-Naomi-The-Boys-Bad-loser,1,aac_ff320,kbd,23.9111,1020
061-07-Black-Truth-Rhythm-Band-Imo,1,aac_ff320,kbd,10.2712,1020
062-03-Alpha-Blondy-Jah-glory,1,aac_ff320,kbd,8.0714,1020
063-09-Rodolphe-Burger-Billy-the-kid,1,aac_ff320,kbd,14.113,1020
064-01-Blank-Jones-Feat-Mike-Francis-Someone-like-yo,1,aac_ff320,kbd,14.213,1020
065-05-Quizas-Quizas,1,aac_ff320,kbd,18.6932,1020
066-04-Etoile-de-Dakar-My-wa-wa,1,aac_ff320,kbd,11.8902,1020
067-03-The-Streets-Let-s-push-things-forward,1,aac_ff320,kbd,18.6279,1020
068-08-Eddie-Palmieri-Cal-Tjader-Bamboleate,1,aac_ff320,kbd,13.6941,1020
069-02-Eden-Ahbez-The-wanderer,1,aac_ff320,kbd,10.8193,1020
070-02-Guts-Good-morning,1,aac_ff320,kbd,11.561,1020
071-01-Jaipur-Kawa-Brass-Band-Piya-tu-ab-aaja,1,aac_ff320,kbd,11.4632,1020
072-05-Simo-Moumen-Samsara,1,aac_ff320,kbd,19.814,1020
073-10-Vanilla-Fudge-Eleanor-rigby,1,aac_ff320,kbd,8.9639,1020
074-09-Koki-Nakano-Lift,1,aac_ff320,kbd,17.3765,1020
075-03-Jordi-Savall-El-rey-de-francia-esmirna,1,aac_ff320,kbd,14.4318,1020
076-20-Fran-ois-Couperin-O-salutaris,1,aac_ff320,kbd,9.6914,1020
077-01-Jaga-Jazzist-All-i-know-is-tonight,1,aac_ff320,kbd,19.7262,1020
078-04-Kat-Onoma-La-chambre,1,aac_ff320,kbd,8.8982,1020
079-04-Gwen-McCrae-Let-s-straighten-it-out,1,aac_ff320,kbd,15.4405,1020
000-03-Balla-et-ses-Balladins-Moi-ca-ma-fout,1,aacmf_256,kbd,3.3735,1020
001-11-Gilbert-B-caud-Le-bain-de-minuit,1,aacmf_256,kbd,3.9882,1020
002-03-Hraach-Let-it-go,1,aacmf_256,kbd,1.2561,31
003-01-Thor-Dari-lullaby,1,aacmf_256,kbd,1.2791,969
004-01-Thiossane-Ablaye-Ndiaye-Aminata-ndiaye,1,aacmf_256,kbd,1.2386,11
005-17-Los-Seven-Del-Swing-Celoso,1,aacmf_256,kbd,2.8452,1020
006-09-Mahmoud-Ahmed-Tezeta,1,aacmf_256,kbd,4.4578,1020
007-07-Wax-Tailor-Positively-inclined-featuring-main,1,aacmf_256,kbd,3.8049,1020
008-06-The-Mebusas-Mr-bull-dog-original-45-version,1,aacmf_256,kbd,1.2093,526
009-03-Ilya-Beshevli-To-solitude,1,aacmf_256,kbd,3.9669,1020
010-06-Jon-Hassell-These-times,1,aacmf_256,kbd,5.4756,1020
011-07-Ensemble-National-des-Percussions-de-Guin-e-K,1,aacmf_256,kbd,1.2771,845
012-07-A-La-Carte-Brass-And-Percussion-Papa-was-a-ro,1,aacmf_256,kbd,1.2346,258
013-22-Roswell-Sacred-Harp-Quartet-Weeping-mary,1,aacmf_256,kbd,7.1294,1020
014-26-Dock-Walsh-Bathe-in-that-beautiful-pool,1,aacmf_256,kbd,2.625,1020
015-08-Jos-Gonz-lez-Vissel,1,aacmf_256,kbd,4.6108,1020
016-03-Memory-Tapes-Green-knight,1,aacmf_256,kbd,1.939,1020
017-13-Cafe-Del-Mar-Submariner,1,aacmf_256,kbd,1.2706,968
018-04-Bag-o-wire-Resovoir,1,aacmf_256,kbd,3.8084,1020
019-04-Kohi-Jadu,1,aacmf_256,kbd,8.9882,1020
020-06-Bola-Tigantabame,1,aacmf_256,kbd,1.3491,310
021-13-Colombiafrica-The-Mystic-Orchestra-Rey-de-roc,1,aacmf_256,kbd,1.2927,735
022-17-Michel-Legrand-It-s-good-to-be-alive-the-chas,1,aacmf_256,kbd,1.1379,161
023-01-Yusef-Lateef-Buddy-and-lou,1,aacmf_256,kbd,1.1685,84
024-15-Jordi-Savall-Concert-li-la-rougeville-gigue,1,aacmf_256,kbd,1.7,1020
025-07-Bolalar-Lola,1,aacmf_256,kbd,2.2209,1020
026-06-Oumou-Dioubat-Siyala,1,aacmf_256,kbd,1.2262,348
027-01-Dimlite-Kitty-Cradle-Fog,1,aacmf_256,kbd,1.2593,138
028-04-Lisu-Yue-phue-alcool-de-ma-s,1,aacmf_256,kbd,1.3253,56
029-05-Kuusow-Kurtunwaarey-Amin-Xaaji-Cusmaan-Cabdul,1,aacmf_256,kbd,1.2235,408
030-06-S-bastien-Tellier-Benny,1,aacmf_256,kbd,1.1953,211
031-07-Shkoon-Just-Emma-Id,1,aacmf_256,kbd,1.3827,571
032-05-2kilos-more-Cache-feu,1,aacmf_256,kbd,1.1361,72
033-01-Daylight-Rising,1,aacmf_256,kbd,3.7816,1020
034-09-Snow-Ghosts-Bowline,1,aacmf_256,kbd,1.2439,845
035-16-Slow-Air-In-Dropped-D,1,aacmf_256,kbd,3.0795,1020
036-08-Nicolas-Comment-Amaurose,1,aacmf_256,kbd,2.3851,1020
037-02-Super-Cayor-De-Dakar-Emboutaieillage,1,aacmf_256,kbd,1.2,551
038-11-Red-Hot-Chili-Peppers-This-velvet-glove,1,aacmf_256,kbd,2.6905,1020
039-13-Kat-Onoma-Change-blues,1,aacmf_256,kbd,1.3913,627
040-11-Xploding-Plastix-Far-flung-tonic,1,aacmf_256,kbd,2.3432,1020
041-07-Mondkopf-Summer-afternoon-on-the-carribean-se,1,aacmf_256,kbd,8.4337,1020
042-04-Keletigui-et-ses-Tambourinis-Nadia,1,aacmf_256,kbd,4.5576,1020
043-03-Massive-Attack-Inertia-Creeps-Manic-Street-Pr,1,aacmf_256,kbd,3.8824,1020
044-02-Various-Artists-Ka-mea-mea,1,aacmf_256,kbd,6.3713,1020
045-08-DJ-Katapila-Trotro-instrumental,1,aacmf_256,kbd,3.506,1020
046-04-Clelia-Felix-Shine-so-bright,1,aacmf_256,kbd,3.4556,1020
047-03-Lemma-Souad-Asla-Maachouk-Nbi,1,aacmf_256,kbd,3.3625,1020
048-08-Gabriel-Romero-La-Piragua,1,aacmf_256,kbd,4.0805,1020
049-Nigeria-70-vol-1-Lagos-jump-09-Chief-Checker-Afr,1,aacmf_256,kbd,3.4634,1020
050-08-Boubacar-Traor-Pierrette,1,aacmf_256,kbd,4.0116,1020
051-07-Coldcut-x-On-U-Sound-Kajra-mohobbat-wala-feat,1,aacmf_256,kbd,2.7143,1020
052-06-Papa-Wemba-Efeka-mandundu,1,aacmf_256,kbd,2.9586,1020
053-03-Jupiter-Okwess-Ofakombolo,1,aacmf_256,kbd,1.2485,785
054-10-George-Bruns-Two-dogs-and-a-cycle,1,aacmf_256,kbd,1.3455,863
055-01-Godspeed-You-Black-Emperor-Undoing-a-luciferi,1,aacmf_256,kbd,1.2934,690
056-14-Hlamalani,1,aacmf_256,kbd,4.7059,1020
057-02-Nass-El-Ghiwan-El-Mekkaoui-le-mecquois,1,aacmf_256,kbd,1.3253,384
058-01-Piny-Runa-Woko,1,aacmf_256,kbd,4.0809,1020
059-01-Genesis-Gospel-Singers-Momma-mo-akoma-ntutu,1,aacmf_256,kbd,1.3953,372
060-13-Naomi-The-Boys-Bad-loser,1,aacmf_256,kbd,1.25,580
061-07-Black-Truth-Rhythm-Band-Imo,1,aacmf_256,kbd,1.2588,23
062-03-Alpha-Blondy-Jah-glory,1,aacmf_256,kbd,1.3457,598
063-09-Rodolphe-Burger-Billy-the-kid,1,aacmf_256,kbd,4.7558,1020
064-01-Blank-Jones-Feat-Mike-Francis-Someone-like-yo,1,aacmf_256,kbd,6.8743,1020
065-05-Quizas-Quizas,1,aacmf_256,kbd,3.7674,1020
066-04-Etoile-de-Dakar-My-wa-wa,1,aacmf_256,kbd,3.0788,1020
067-03-The-Streets-Let-s-push-things-forward,1,aacmf_256,kbd,1.1628,707
068-08-Eddie-Palmieri-Cal-Tjader-Bamboleate,1,aacmf_256,kbd,1.2805,846
069-02-Eden-Ahbez-The-wanderer,1,aacmf_256,kbd,1.2235,424
070-02-Guts-Good-morning,1,aacmf_256,kbd,5.3537,1020
071-01-Jaipur-Kawa-Brass-Band-Piya-tu-ab-aaja,1,aacmf_256,kbd,7.299,1020
072-05-Simo-Moumen-Samsara,1,aacmf_256,kbd,4.9556,1020
073-10-Vanilla-Fudge-Eleanor-rigby,1,aacmf_256,kbd,1.1807,56
074-09-Koki-Nakano-Lift,1,aacmf_256,kbd,4.9143,1020
075-03-Jordi-Savall-El-rey-de-francia-esmirna,1,aacmf_256,kbd,3.7841,1020
076-20-Fran-ois-Couperin-O-salutaris,1,aacmf_256,kbd,3.6407,1020
077-01-Jaga-Jazzist-All-i-know-is-tonight,1,aacmf_256,kbd,3.1138,1020
078-04-Kat-Onoma-La-chambre,1,aacmf_256,kbd,3.5,1020
079-04-Gwen-McCrae-Let-s-straighten-it-out,1,aacmf_256,kbd,1.2381,701
000-03-Balla-et-ses-Balladins-Moi-ca-ma-fout,1,mp3_192,kbd,1.1886,657
001-11-Gilbert-B-caud-Le-bain-de-minuit,1,mp3_192,kbd,1.1882,133
002-03-Hraach-Let-it-go,1,mp3_192,kbd,1.1598,930
003-01-Thor-Dari-lullaby,1,mp3_192,kbd,1.2727,695
004-01-Thiossane-Ablaye-Ndiaye-Aminata-ndiaye,1,mp3_192,kbd,1.2065,289
005-17-Los-Seven-Del-Swing-Celoso,1,mp3_192,kbd,1.225,345
006-09-Mahmoud-Ahmed-Tezeta,1,mp3_192,kbd,1.1807,629
007-07-Wax-Tailor-Positively-inclined-featuring-main,1,mp3_192,kbd,1.3373,568
008-06-The-Mebusas-Mr-bull-dog-original-45-version,1,mp3_192,kbd,1.1905,10
009-03-Ilya-Beshevli-To-solitude,1,mp3_192,kbd,1.2418,329
010-06-Jon-Hassell-These-times,1,mp3_192,kbd,1.2096,148
011-07-Ensemble-National-des-Percussions-de-Guin-e-K,1,mp3_192,kbd,1.2235,105
012-07-A-La-Carte-Brass-And-Percussion-Papa-was-a-ro,1,mp3_192,kbd,1.1975,196
013-22-Roswell-Sacred-Harp-Quartet-Weeping-mary,1,mp3_192,kbd,1.2364,833
014-26-Dock-Walsh-Bathe-in-that-beautiful-pool,1,mp3_192,kbd,1.1975,950
015-08-Jos-Gonz-lez-Vissel,1,mp3_192,kbd,1.2593,526
016-03-Memory-Tapes-Green-knight,1,mp3_192,kbd,1.3133,663
017-13-Cafe-Del-Mar-Submariner,1,mp3_192,kbd,1.2515,944
018-04-Bag-o-wire-Resovoir,1,mp3_192,kbd,1.1905,502
019-04-Kohi-Jadu,1,mp3_192,kbd,1.186,991
020-06-Bola-Tigantabame,1,mp3_192,kbd,1.1771,282
021-13-Colombiafrica-The-Mystic-Orchestra-Rey-de-roc,1,mp3_192,kbd,1.191,646
022-17-Michel-Legrand-It-s-good-to-be-alive-the-chas,1,mp3_192,kbd,1.1839,1001
023-01-Yusef-Lateef-Buddy-and-lou,1,mp3_192,kbd,1.1771,799
024-15-Jordi-Savall-Concert-li-la-rougeville-gigue,1,mp3_192,kbd,1.2247,4
025-07-Bolalar-Lola,1,mp3_192,kbd,1.2771,149
026-06-Oumou-Dioubat-Siyala,1,mp3_192,kbd,1.3176,213
027-01-Dimlite-Kitty-Cradle-Fog,1,mp3_192,kbd,1.227,333
028-04-Lisu-Yue-phue-alcool-de-ma-s,1,mp3_192,kbd,1.3929,637
029-05-Kuusow-Kurtunwaarey-Amin-Xaaji-Cusmaan-Cabdul,1,mp3_192,kbd,1.2289,446
030-06-S-bastien-Tellier-Benny,1,mp3_192,kbd,1.2805,711
031-07-Shkoon-Just-Emma-Id,1,mp3_192,kbd,1.2281,454
032-05-2kilos-more-Cache-feu,1,mp3_192,kbd,1.2865,947
033-01-Daylight-Rising,1,mp3_192,kbd,1.1792,732
034-09-Snow-Ghosts-Bowline,1,mp3_192,kbd,1.2317,112
035-16-Slow-Air-In-Dropped-D,1,mp3_192,kbd,1.2514,760
036-08-Nicolas-Comment-Amaurose,1,mp3_192,kbd,1.2047,172
037-02-Super-Cayor-De-Dakar-Emboutaieillage,1,mp3_192,kbd,1.3333,295
038-11-Red-Hot-Chili-Peppers-This-velvet-glove,1,mp3_192,kbd,1.2674,304
039-13-Kat-Onoma-Change-blues,1,mp3_192,kbd,1.2262,345
040-11-Xploding-Plastix-Far-flung-tonic,1,mp3_192,kbd,1.1882,276
041-07-Mondkopf-Summer-afternoon-on-the-carribean-se,1,mp3_192,kbd,1.2364,103
042-04-Keletigui-et-ses-Tambourinis-Nadia,1,mp3_192,kbd,1.2781,586
043-03-Massive-Attack-Inertia-Creeps-Manic-Street-Pr,1,mp3_192,kbd,1.3059,431
044-02-Various-Artists-Ka-mea-mea,1,mp3_192,kbd,1.2203,901
045-08-DJ-Katapila-Trotro-instrumental,1,mp3_192,kbd,1.1628,169
046-04-Clelia-Felix-Shine-so-bright,1,mp3_192,kbd,1.2093,941
047-03-Lemma-Souad-Asla-Maachouk-Nbi,1,mp3_192,kbd,1.2455,767
048-08-Gabriel-Romero-La-Piragua,1,mp3_192,kbd,1.241,434
049-Nigeria-70-vol-1-Lagos-jump-09-Chief-Checker-Afr,1,mp3_192,kbd,1.2907,11
050-08-Boubacar-Traor-Pierrette,1,mp3_192,kbd,1.2874,495
051-07-Coldcut-x-On-U-Sound-Kajra-mohobbat-wala-feat,1,mp3_192,kbd,1.3533,856
052-06-Papa-Wemba-Efeka-mandundu,1,mp3_192,kbd,1.2209,892
053-03-Jupiter-Okwess-Ofakombolo,1,mp3_192,kbd,1.2381,417
054-10-George-Bruns-Two-dogs-and-a-cycle,1,mp3_192,kbd,1.2674,160
055-01-Godspeed-You-Black-Emperor-Undoing-a-luciferi,1,mp3_192,kbd,1.2671,362
056-14-Hlamalani,1,mp3_192,kbd,1.1667,681
057-02-Nass-El-Ghiwan-El-Mekkaoui-le-mecquois,1,mp3_192,kbd,1.297,805
058-01-Piny-Runa-Woko,1,mp3_192,kbd,1.4104,68
059-01-Genesis-Gospel-Singers-Momma-mo-akoma-ntutu,1,mp3_192,kbd,1.2771,269
060-13-Naomi-The-Boys-Bad-loser,1,mp3_192,kbd,1.2209,580
061-07-Black-Truth-Rhythm-Band-Imo,1,mp3_192,kbd,1.2529,207
062-03-Alpha-Blondy-Jah-glory,1,mp3_192,kbd,1.1905,886
063-09-Rodolphe-Burger-Billy-the-kid,1,mp3_192,kbd,1.2069,286
064-01-Blank-Jones-Feat-Mike-Francis-Someone-like-yo,1,mp3_192,kbd,1.2471,564
065-05-Quizas-Quizas,1,mp3_192,kbd,1.2093,568
066-04-Etoile-de-Dakar-My-wa-wa,1,mp3_192,kbd,1.1647,355
067-03-The-Streets-Let-s-push-things-forward,1,mp3_192,kbd,1.1744,716
068-08-Eddie-Palmieri-Cal-Tjader-Bamboleate,1,mp3_192,kbd,1.1667,1008
069-02-Eden-Ahbez-The-wanderer,1,mp3_192,kbd,1.2169,593
070-02-Guts-Good-morning,1,mp3_192,kbd,1.2169,369
071-01-Jaipur-Kawa-Brass-Band-Piya-tu-ab-aaja,1,mp3_192,kbd,1.3068,424
072-05-Simo-Moumen-Samsara,1,mp3_192,kbd,1.2874,525
073-10-Vanilla-Fudge-Eleanor-rigby,1,mp3_192,kbd,1.3494,464
074-09-Koki-Nakano-Lift,1,mp3_192,kbd,1.2674,802
075-03-Jordi-Savall-El-rey-de-francia-esmirna,1,mp3_192,kbd,1.2934,469
076-20-Fran-ois-Couperin-O-salutaris,1,mp3_192,kbd,1.2143,775
077-01-Jaga-Jazzist-All-i-know-is-tonight,1,mp3_192,kbd,1.2242,755
078-04-Kat-Onoma-La-chambre,1,mp3_192,kbd,1.2485,578
079-04-Gwen-McCrae-Let-s-straighten-it-out,1,mp3_192,kbd,1.2299,298
000-03-Balla-et-ses-Balladins-Moi-ca-ma-fout,1,mp3_320,kbd,1.2024,966
001-11-Gilbert-B-caud-Le-bain-de-minuit,1,mp3_320,kbd,1.1744,535
002-03-Hraach-Let-it-go,1,mp3_320,kbd,1.2317,485
003-01-Thor-Dari-lullaby,1,mp3_320,kbd,1.2326,735
004-01-Thiossane-Ablaye-Ndiaye-Aminata-ndiaye,1,mp3_320,kbd,1.314,76
005-17-Los-Seven-Del-Swing-Celoso,1,mp3_320,kbd,1.2387,17
006-09-Mahmoud-Ahmed-Tezeta,1,mp3_320,kbd,1.1902,516
007-07-Wax-Tailor-Positively-inclined-featuring-main,1,mp3_320,kbd,1.2716,349
008-06-The-Mebusas-Mr-bull-dog-original-45-version,1,mp3_320,kbd,1.1463,293
009-03-Ilya-Beshevli-To-solitude,1,mp3_320,kbd,1.1765,86
010-06-Jon-Hassell-These-times,1,mp3_320,kbd,1.1479,890
011-07-Ensemble-National-des-Percussions-de-Guin-e-K,1,mp3_320,kbd,1.375,281
012-07-A-La-Carte-Brass-And-Percussion-Papa-was-a-ro,1,mp3_320,kbd,1.227,346
013-22-Roswell-Sacred-Harp-Quartet-Weeping-mary,1,mp3_320,kbd,1.1548,179
014-26-Dock-Walsh-Bathe-in-that-beautiful-pool,1,mp3_320,kbd,1.2073,310
015-08-Jos-Gonz-lez-Vissel,1,mp3_320,kbd,1.2927,627
016-03-Memory-Tapes-Green-knight,1,mp3_320,kbd,1.2048,125
017-13-Cafe-Del-Mar-Submariner,1,mp3_320,kbd,1.2771,659
018-04-Bag-o-wire-Resovoir,1,mp3_320,kbd,1.1667,13
019-04-Kohi-Jadu,1,mp3_320,kbd,1.2892,721
020-06-Bola-Tigantabame,1,mp3_320,kbd,1.1279,310
021-13-Colombiafrica-The-Mystic-Orchestra-Rey-de-roc,1,mp3_320,kbd,1.2963,91
022-17-Michel-Legrand-It-s-good-to-be-alive-the-chas,1,mp3_320,kbd,1.3452,957
023-01-Yusef-Lateef-Buddy-and-lou,1,mp3_320,kbd,1.3218,111
024-15-Jordi-Savall-Concert-li-la-rougeville-gigue,1,mp3_320,kbd,1.2024,443
025-07-Bolalar-Lola,1,mp3_320,kbd,1.2024,149
026-06-Oumou-Dioubat-Siyala,1,mp3_320,kbd,1.2189,369
027-01-Dimlite-Kitty-Cradle-Fog,1,mp3_320,kbd,1.2317,401
028-04-Lisu-Yue-phue-alcool-de-ma-s,1,mp3_320,kbd,1.3494,515
029-05-Kuusow-Kurtunwaarey-Amin-Xaaji-Cusmaan-Cabdul,1,mp3_320,kbd,1.2442,280
030-06-S-bastien-Tellier-Benny,1,mp3_320,kbd,1.1807,256
031-07-Shkoon-Just-Emma-Id,1,mp3_320,kbd,1.2927,914
032-05-2kilos-more-Cache-feu,1,mp3_320,kbd,1.2824,264
033-01-Daylight-Rising,1,mp3_320,kbd,1.2045,198
034-09-Snow-Ghosts-Bowline,1,mp3_320,kbd,1.3205,80
035-16-Slow-Air-In-Dropped-D,1,mp3_320,kbd,1.2,339
036-08-Nicolas-Comment-Amaurose,1,mp3_320,kbd,1.2706,105
037-02-Super-Cayor-De-Dakar-Emboutaieillage,1,mp3_320,kbd,1.2982,105
038-11-Red-Hot-Chili-Peppers-This-velvet-glove,1,mp3_320,kbd,1.2308,351
039-13-Kat-Onoma-Change-blues,1,mp3_320,kbd,1.2024,445
040-11-Xploding-Plastix-Far-flung-tonic,1,mp3_320,kbd,1.2298,20
041-07-Mondkopf-Summer-afternoon-on-the-carribean-se,1,mp3_320,kbd,1.2335,70
042-04-Keletigui-et-ses-Tambourinis-Nadia,1,mp3_320,kbd,1.3012,410
043-03-Massive-Attack-Inertia-Creeps-Manic-Street-Pr,1,mp3_320,kbd,1.2575,854
044-02-Various-Artists-Ka-mea-mea,1,mp3_320,kbd,1.2561,883
045-08-DJ-Katapila-Trotro-instrumental,1,mp3_320,kbd,1.2073,835
046-04-Clelia-Felix-Shine-so-bright,1,mp3_320,kbd,1.2927,586
047-03-Lemma-Souad-Asla-Maachouk-Nbi,1,mp3_320,kbd,1.2426,475
048-08-Gabriel-Romero-La-Piragua,1,mp3_320,kbd,1.2169,403
049-Nigeria-70-vol-1-Lagos-jump-09-Chief-Checker-Afr,1,mp3_320,kbd,1.1667,127
050-08-Boubacar-Traor-Pierrette,1,mp3_320,kbd,1.3018,935
051-07-Coldcut-x-On-U-Sound-Kajra-mohobbat-wala-feat,1,mp3_320,kbd,1.3452,480
052-06-Papa-Wemba-Efeka-mandundu,1,mp3_320,kbd,1.2771,615
053-03-Jupiter-Okwess-Ofakombolo,1,mp3_320,kbd,1.2919,339
054-10-George-Bruns-Two-dogs-and-a-cycle,1,mp3_320,kbd,1.1412,501
055-01-Godspeed-You-Black-Emperor-Undoing-a-luciferi,1,mp3_320,kbd,1.3491,36
056-14-Hlamalani,1,mp3_320,kbd,1.1882,900
057-02-Nass-El-Ghiwan-El-Mekkaoui-le-mecquois,1,mp3_320,kbd,1.3537,294
058-01-Piny-Runa-Woko,1,mp3_320,kbd,1.2048,997
059-01-Genesis-Gospel-Singers-Momma-mo-akoma-ntutu,1,mp3_320,kbd,1.1529,50
060-13-Naomi-The-Boys-Bad-loser,1,mp3_320,kbd,1.2892,80
061-07-Black-Truth-Rhythm-Band-Imo,1,mp3_320,kbd,1.253,134
062-03-Alpha-Blondy-Jah-glory,1,mp3_320,kbd,1.3168,724
063-09-Rodolphe-Burger-Billy-the-kid,1,mp3_320,kbd,1.3091,791
064-01-Blank-Jones-Feat-Mike-Francis-Someone-like-yo,1,mp3_320,kbd,1.2471,609
065-05-Quizas-Quizas,1,mp3_320,kbd,1.193,959
066-04-Etoile-de-Dakar-My-wa-wa,1,mp3_320,kbd,1.1765,257
067-03-The-Streets-Let-s-push-things-forward,1,mp3_320,kbd,1.2638,30
068-08-Eddie-Palmieri-Cal-Tjader-Bamboleate,1,mp3_320,kbd,1.3415,692
069-02-Eden-Ahbez-The-wanderer,1,mp3_320,kbd,1.2,134
070-02-Guts-Good-morning,1,mp3_320,kbd,1.3415,894
071-01-Jaipur-Kawa-Brass-Band-Piya-tu-ab-aaja,1,mp3_320,kbd,1.1809,39
072-05-Simo-Moumen-Samsara,1,mp3_320,kbd,1.3099,888
073-10-Vanilla-Fudge-Eleanor-rigby,1,mp3_320,kbd,1.1807,310
074-09-Koki-Nakano-Lift,1,mp3_320,kbd,1.0971,143
075-03-Jordi-Savall-El-rey-de-francia-esmirna,1,mp3_320,kbd,1.2235,522
076-20-Fran-ois-Couperin-O-salutaris,1,mp3_320,kbd,1.227,315
077-01-Jaga-Jazzist-All-i-know-is-tonight,1,mp3_320,kbd,1.241,483
078-04-Kat-Onoma-La-chambre,1,mp3_320,kbd,1.2824,613
079-04-Gwen-McCrae-Let-s-straighten-it-out,1,mp3_320,kbd,1.2455,758
000-03-Balla-et-ses-Balladins-Moi-ca-ma-fout,1,mp3_V0,kbd,1.2771,425
001-11-Gilbert-B-caud-Le-bain-de-minuit,1,mp3_V0,kbd,1.2143,569
002-03-Hraach-Let-it-go,1,mp3_V0,kbd,1.1534,446
003-01-Thor-Dari-lullaby,1,mp3_V0,kbd,1.2907,432
004-01-Thiossane-Ablaye-Ndiaye-Aminata-ndiaye,1,mp3_V0,kbd,1.3523,946
005-17-Los-Seven-Del-Swing-Celoso,1,mp3_V0,kbd,1.2547,191
006-09-Mahmoud-Ahmed-Tezeta,1,mp3_V0,kbd,1.2195,371
007-07-Wax-Tailor-Positively-inclined-featuring-main,1,mp3_V0,kbd,1.2771,794
008-06-The-Mebusas-Mr-bull-dog-original-45-version,1,mp3_V0,kbd,1.2139,130
009-03-Ilya-Beshevli-To-solitude,1,mp3_V0,kbd,1.1864,556
010-06-Jon-Hassell-These-times,1,mp3_V0,kbd,1.2683,253
011-07-Ensemble-National-des-Percussions-de-Guin-e-K,1,mp3_V0,kbd,1.2169,640
012-07-A-La-Carte-Brass-And-Percussion-Papa-was-a-ro,1,mp3_V0,kbd,1.1779,666
013-22-Roswell-Sacred-Harp-Quartet-Weeping-mary,1,mp3_V0,kbd,1.2695,322
014-26-Dock-Walsh-Bathe-in-that-beautiful-pool,1,mp3_V0,kbd,1.1446,527
015-08-Jos-Gonz-lez-Vissel,1,mp3_V0,kbd,1.2317,151
016-03-Memory-Tapes-Green-knight,1,mp3_V0,kbd,1.2118,806
017-13-Cafe-Del-Mar-Submariner,1,mp3_V0,kbd,1.1628,826
018-04-Bag-o-wire-Resovoir,1,mp3_V0,kbd,1.3214,973
019-04-Kohi-Jadu,1,mp3_V0,kbd,1.3006,998
020-06-Bola-Tigantabame,1,mp3_V0,kbd,1.237,902
021-13-Colombiafrica-The-Mystic-Orchestra-Rey-de-roc,1,mp3_V0,kbd,1.2047,982
022-17-Michel-Legrand-It-s-good-to-be-alive-the-chas,1,mp3_V0,kbd,1.1429,700
023-01-Yusef-Lateef-Buddy-and-lou,1,mp3_V0,kbd,1.2118,108
024-15-Jordi-Savall-Concert-li-la-rougeville-gigue,1,mp3_V0,kbd,1.2386,897
025-07-Bolalar-Lola,1,mp3_V0,kbd,1.321,797
026-06-Oumou-Dioubat-Siyala,1,mp3_V0,kbd,1.1579,98
027-01-Dimlite-Kitty-Cradle-Fog,1,mp3_V0,kbd,1.4321,692
028-04-Lisu-Yue-phue-alcool-de-ma-s,1,mp3_V0,kbd,1.2093,999
029-05-Kuusow-Kurtunwaarey-Amin-Xaaji-Cusmaan-Cabdul,1,mp3_V0,kbd,1.2558,79
030-06-S-bastien-Tellier-Benny,1,mp3_V0,kbd,1.2619,946
031-07-Shkoon-Just-Emma-Id,1,mp3_V0,kbd,1.2147,1010
032-05-2kilos-more-Cache-feu,1,mp3_V0,kbd,1.1765,905
033-01-Daylight-Rising,1,mp3_V0,kbd,1.2189,102
034-09-Snow-Ghosts-Bowline,1,mp3_V0,kbd,1.2671,494
035-16-Slow-Air-In-Dropped-D,1,mp3_V0,kbd,1.2299,605
036-08-Nicolas-Comment-Amaurose,1,mp3_V0,kbd,1.3133,127
037-02-Super-Cayor-De-Dakar-Emboutaieillage,1,mp3_V0,kbd,1.1086,168
038-11-Red-Hot-Chili-Peppers-This-velvet-glove,1,mp3_V0,kbd,1.2326,176
039-13-Kat-Onoma-Change-blues,1,mp3_V0,kbd,1.3214,602
040-11-Xploding-Plastix-Far-flung-tonic,1,mp3_V0,kbd,1.3374,698
041-07-Mondkopf-Summer-afternoon-on-the-carribean-se,1,mp3_V0,kbd,1.321,52
042-04-Keletigui-et-ses-Tambourinis-Nadia,1,mp3_V0,kbd,1.2471,226
043-03-Massive-Attack-Inertia-Creeps-Manic-Street-Pr,1,mp3_V0,kbd,1.0843,794
044-02-Various-Artists-Ka-mea-mea,1,mp3_V0,kbd,1.2216,130
045-08-DJ-Katapila-Trotro-instrumental,1,mp3_V0,kbd,1.1905,934
046-04-Clelia-Felix-Shine-so-bright,1,mp3_V0,kbd,1.2606,21
047-03-Lemma-Souad-Asla-Maachouk-Nbi,1,mp3_V0,kbd,1.275,858
048-08-Gabriel-Romero-La-Piragua,1,mp3_V0,kbd,1.4217,44
049-Nigeria-70-vol-1-Lagos-jump-09-Chief-Checker-Afr,1,mp3_V0,kbd,1.2875,170
050-08-Boubacar-Traor-Pierrette,1,mp3_V0,kbd,1.1628,507
051-07-Coldcut-x-On-U-Sound-Kajra-mohobbat-wala-feat,1,mp3_V0,kbd,1.3091,418
052-06-Papa-Wemba-Efeka-mandundu,1,mp3_V0,kbd,1.4904,539
053-03-Jupiter-Okwess-Ofakombolo,1,mp3_V0,kbd,1.2625,333
054-10-George-Bruns-Two-dogs-and-a-cycle,1,mp3_V0,kbd,1.3012,838
055-01-Godspeed-You-Black-Emperor-Undoing-a-luciferi,1,mp3_V0,kbd,1.3133,356
056-14-Hlamalani,1,mp3_V0,kbd,1.2814,108
057-02-Nass-El-Ghiwan-El-Mekkaoui-le-mecquois,1,mp3_V0,kbd,1.4051,14
058-01-Piny-Runa-Woko,1,mp3_V0,kbd,1.1786,200
059-01-Genesis-Gospel-Singers-Momma-mo-akoma-ntutu,1,mp3_V0,kbd,1.2848,773
060-13-Naomi-The-Boys-Bad-loser,1,mp3_V0,kbd,1.2,976
061-07-Black-Truth-Rhythm-Band-Imo,1,mp3_V0,kbd,1.1667,834
062-03-Alpha-Blondy-Jah-glory,1,mp3_V0,kbd,1.1605,889
063-09-Rodolphe-Burger-Billy-the-kid,1,mp3_V0,kbd,1.25,647
064-01-Blank-Jones-Feat-Mike-Francis-Someone-like-yo,1,mp3_V0,kbd,1.2222,821
065-05-Quizas-Quizas,1,mp3_V0,kbd,1.2824,267
066-04-Etoile-de-Dakar-My-wa-wa,1,mp3_V0,kbd,1.1905,13
067-03-The-Streets-Let-s-push-things-forward,1,mp3_V0,kbd,1.3095,583
068-08-Eddie-Palmieri-Cal-Tjader-Bamboleate,1,mp3_V0,kbd,1.1905,719
069-02-Eden-Ahbez-The-wanderer,1,mp3_V0,kbd,1.25,217
070-02-Guts-Good-morning,1,mp3_V0,kbd,1.1548,271
071-01-Jaipur-Kawa-Brass-Band-Piya-tu-ab-aaja,1,mp3_V0,kbd,1.3222,464
072-05-Simo-Moumen-Samsara,1,mp3_V0,kbd,1.2164,237
073-10-Vanilla-Fudge-Eleanor-rigby,1,mp3_V0,kbd,1.3704,34
074-09-Koki-Nakano-Lift,1,mp3_V0,kbd,1.1628,523
075-03-Jordi-Savall-El-rey-de-francia-esmirna,1,mp3_V0,kbd,1.358,814
076-20-Fran-ois-Couperin-O-salutaris,1,mp3_V0,kbd,1.2805,333
077-01-Jaga-Jazzist-All-i-know-is-tonight,1,mp3_V0,kbd,1.4321,791
078-04-Kat-Onoma-La-chambre,1,mp3_V0,kbd,1.2547,793
079-04-Gwen-McCrae-Let-s-straighten-it-out,1,mp3_V0,kbd,1.2169,758
000-03-Balla-et-ses-Balladins-Moi-ca-ma-fout,1,opus_256,kbd,1.2667,49
001-11-Gilbert-B-caud-Le-bain-de-minuit,1,opus_256,kbd,1.2583,913
002-03-Hraach-Let-it-go,1,opus_256,kbd,1.24,967
003-01-Thor-Dari-lullaby,1,opus_256,kbd,1.3161,96
004-01-Thiossane-Ablaye-Ndiaye-Aminata-ndiaye,1,opus_256,kbd,1.1625,118
005-17-Los-Seven-Del-Swing-Celoso,1,opus_256,kbd,1.3026,0
006-09-Mahmoud-Ahmed-Tezeta,1,opus_256,kbd,1.2597,127
007-07-Wax-Tailor-Positively-inclined-featuring-main,1,opus_256,kbd,1.32,114
008-06-The-Mebusas-Mr-bull-dog-original-45-version,1,opus_256,kbd,1.2308,164
009-03-Ilya-Beshevli-To-solitude,1,opus_256,kbd,1.2346,958
010-06-Jon-Hassell-These-times,1,opus_256,kbd,1.2078,819
011-07-Ensemble-National-des-Percussions-de-Guin-e-K,1,opus_256,kbd,1.3103,363
012-07-A-La-Carte-Brass-And-Percussion-Papa-was-a-ro,1,opus_256,kbd,1.2237,592
013-22-Roswell-Sacred-Harp-Quartet-Weeping-mary,1,opus_256,kbd,1.3158,67
014-26-Dock-Walsh-Bathe-in-that-beautiful-pool,1,opus_256,kbd,1.3113,820
015-08-Jos-Gonz-lez-Vissel,1,opus_256,kbd,1.2258,530
016-03-Memory-Tapes-Green-knight,1,opus_256,kbd,1.1316,1023
017-13-Cafe-Del-Mar-Submariner,1,opus_256,kbd,1.2237,331
018-04-Bag-o-wire-Resovoir,1,opus_256,kbd,1.24,146
019-04-Kohi-Jadu,1,opus_256,kbd,1.2418,653
020-06-Bola-Tigantabame,1,opus_256,kbd,1.2739,255
021-13-Colombiafrica-The-Mystic-Orchestra-Rey-de-roc,1,opus_256,kbd,1.1812,449
022-17-Michel-Legrand-It-s-good-to-be-alive-the-chas,1,opus_256,kbd,1.3806,300
023-01-Yusef-Lateef-Buddy-and-lou,1,opus_256,kbd,1.2774,977
024-15-Jordi-Savall-Concert-li-la-rougeville-gigue,1,opus_256,kbd,1.1875,542
025-07-Bolalar-Lola,1,opus_256,kbd,1.2603,417
026-06-Oumou-Dioubat-Siyala,1,opus_256,kbd,1.3072,614
027-01-Dimlite-Kitty-Cradle-Fog,1,opus_256,kbd,1.1974,1015
028-04-Lisu-Yue-phue-alcool-de-ma-s,1,opus_256,kbd,1.2568,160
029-05-Kuusow-Kurtunwaarey-Amin-Xaaji-Cusmaan-Cabdul,1,opus_256,kbd,1.2632,184
030-06-S-bastien-Tellier-Benny,1,opus_256,kbd,1.396,93
031-07-Shkoon-Just-Emma-Id,1,opus_256,kbd,1.28,131
032-05-2kilos-more-Cache-feu,1,opus_256,kbd,1.2611,224
033-01-Daylight-Rising,1,opus_256,kbd,1.2692,873
034-09-Snow-Ghosts-Bowline,1,opus_256,kbd,1.245,190
035-16-Slow-Air-In-Dropped-D,1,opus_256,kbd,1.3006,30
036-08-Nicolas-Comment-Amaurose,1,opus_256,kbd,1.2533,546
037-02-Super-Cayor-De-Dakar-Emboutaieillage,1,opus_256,kbd,1.2102,494
038-11-Red-Hot-Chili-Peppers-This-velvet-glove,1,opus_256,kbd,1.2368,66
039-13-Kat-Onoma-Change-blues,1,opus_256,kbd,1.1711,1007
040-11-Xploding-Plastix-Far-flung-tonic,1,opus_256,kbd,1.2078,772
041-07-Mondkopf-Summer-afternoon-on-the-carribean-se,1,opus_256,kbd,1.2208,774
042-04-Keletigui-et-ses-Tambourinis-Nadia,1,opus_256,kbd,1.2692,671
043-03-Massive-Attack-Inertia-Creeps-Manic-Street-Pr,1,opus_256,kbd,1.1742,905
044-02-Various-Artists-Ka-mea-mea,1,opus_256,kbd,1.3377,127
045-08-DJ-Katapila-Trotro-instrumental,1,opus_256,kbd,1.2727,962
047-03-Lemma-Souad-Asla-Maachouk-Nbi,1,opus_256,kbd,1.3061,682
046-04-Clelia-Felix-Shine-so-bright,1,opus_256,kbd,1.3423,656
048-08-Gabriel-Romero-La-Piragua,1,opus_256,kbd,1.2603,269
049-Nigeria-70-vol-1-Lagos-jump-09-Chief-Checker-Afr,1,opus_256,kbd,1.1948,155
050-08-Boubacar-Traor-Pierrette,1,opus_256,kbd,1.2179,247
051-07-Coldcut-x-On-U-Sound-Kajra-mohobbat-wala-feat,1,opus_256,kbd,1.1558,1004
052-06-Papa-Wemba-Efeka-mandundu,1,opus_256,kbd,1.3108,734
053-03-Jupiter-Okwess-Ofakombolo,1,opus_256,kbd,1.2597,952
054-10-George-Bruns-Two-dogs-and-a-cycle,1,opus_256,kbd,1.2866,102
056-14-Hlamalani,1,opus_256,kbd,1.359,26
055-01-Godspeed-You-Black-Emperor-Undoing-a-luciferi,1,opus_256,kbd,1.2703,921
057-02-Nass-El-Ghiwan-El-Mekkaoui-le-mecquois,1,opus_256,kbd,1.2105,121
058-01-Piny-Runa-Woko,1,opus_256,kbd,1.4211,561
059-01-Genesis-Gospel-Singers-Momma-mo-akoma-ntutu,1,opus_256,kbd,1.3642,452
060-13-Naomi-The-Boys-Bad-loser,1,opus_256,kbd,1.1613,437
061-07-Black-Truth-Rhythm-Band-Imo,1,opus_256,kbd,1.2078,784
062-03-Alpha-Blondy-Jah-glory,1,opus_256,kbd,1.3067,151
063-09-Rodolphe-Burger-Billy-the-kid,1,opus_256,kbd,1.3775,163
064-01-Blank-Jones-Feat-Mike-Francis-Someone-like-yo,1,opus_256,kbd,1.2763,202
065-05-Quizas-Quizas,1,opus_256,kbd,1.3077,727
066-04-Etoile-de-Dakar-My-wa-wa,1,opus_256,kbd,1.3243,407
067-03-The-Streets-Let-s-push-things-forward,1,opus_256,kbd,1.3026,216
068-08-Eddie-Palmieri-Cal-Tjader-Bamboleate,1,opus_256,kbd,1.2632,342
069-02-Eden-Ahbez-The-wanderer,1,opus_256,kbd,1.2941,200
070-02-Guts-Good-morning,1,opus_256,kbd,1.4702,133
071-01-Jaipur-Kawa-Brass-Band-Piya-tu-ab-aaja,1,opus_256,kbd,1.2143,338
072-05-Simo-Moumen-Samsara,1,opus_256,kbd,1.3248,230
073-10-Vanilla-Fudge-Eleanor-rigby,1,opus_256,kbd,1.3378,5
074-09-Koki-Nakano-Lift,1,opus_256,kbd,1.3038,120
075-03-Jordi-Savall-El-rey-de-francia-esmirna,1,opus_256,kbd,1.1481,64
076-20-Fran-ois-Couperin-O-salutaris,1,opus_256,kbd,1.1538,209
077-01-Jaga-Jazzist-All-i-know-is-tonight,1,opus_256,kbd,1.3288,781
078-04-Kat-Onoma-La-chambre,1,opus_256,kbd,1.1867,877
079-04-Gwen-McCrae-Let-s-straighten-it-out,1,opus_256,kbd,1.2025,481
000-03-Balla-et-ses-Balladins-Moi-ca-ma-fout,1,vorbis_q8,kbd,1.9438,964
001-11-Gilbert-B-caud-Le-bain-de-minuit,1,vorbis_q8,kbd,1.5783,964
002-03-Hraach-Let-it-go,1,vorbis_q8,kbd,1.2235,502
003-01-Thor-Dari-lullaby,1,vorbis_q8,kbd,1.3029,850
004-01-Thiossane-Ablaye-Ndiaye-Aminata-ndiaye,1,vorbis_q8,kbd,1.1934,659
005-17-Los-Seven-Del-Swing-Celoso,1,vorbis_q8,kbd,1.3735,836
006-09-Mahmoud-Ahmed-Tezeta,1,vorbis_q8,kbd,2.5227,324
007-07-Wax-Tailor-Positively-inclined-featuring-main,1,vorbis_q8,kbd,1.5439,708
008-06-The-Mebusas-Mr-bull-dog-original-45-version,1,vorbis_q8,kbd,1.5581,196
009-03-Ilya-Beshevli-To-solitude,1,vorbis_q8,kbd,1.4205,324
010-06-Jon-Hassell-These-times,1,vorbis_q8,kbd,1.3373,580
011-07-Ensemble-National-des-Percussions-de-Guin-e-K,1,vorbis_q8,kbd,1.5886,324
012-07-A-La-Carte-Brass-And-Percussion-Papa-was-a-ro,1,vorbis_q8,kbd,1.2805,90
013-22-Roswell-Sacred-Harp-Quartet-Weeping-mary,1,vorbis_q8,kbd,4.375,452
014-26-Dock-Walsh-Bathe-in-that-beautiful-pool,1,vorbis_q8,kbd,2.2105,196
015-08-Jos-Gonz-lez-Vissel,1,vorbis_q8,kbd,1.2941,68
016-03-Memory-Tapes-Green-knight,1,vorbis_q8,kbd,1.4286,452
017-13-Cafe-Del-Mar-Submariner,1,vorbis_q8,kbd,1.4731,580
018-04-Bag-o-wire-Resovoir,1,vorbis_q8,kbd,2.5389,708
019-04-Kohi-Jadu,1,vorbis_q8,kbd,1.3596,452
020-06-Bola-Tigantabame,1,vorbis_q8,kbd,1.2737,964
021-13-Colombiafrica-The-Mystic-Orchestra-Rey-de-roc,1,vorbis_q8,kbd,1.3086,579
022-17-Michel-Legrand-It-s-good-to-be-alive-the-chas,1,vorbis_q8,kbd,2.5275,580
023-01-Yusef-Lateef-Buddy-and-lou,1,vorbis_q8,kbd,1.3408,964
024-15-Jordi-Savall-Concert-li-la-rougeville-gigue,1,vorbis_q8,kbd,3.5955,836
025-07-Bolalar-Lola,1,vorbis_q8,kbd,1.4512,196
026-06-Oumou-Dioubat-Siyala,1,vorbis_q8,kbd,1.4235,964
027-01-Dimlite-Kitty-Cradle-Fog,1,vorbis_q8,kbd,1.2381,547
028-04-Lisu-Yue-phue-alcool-de-ma-s,1,vorbis_q8,kbd,3.1932,452
029-05-Kuusow-Kurtunwaarey-Amin-Xaaji-Cusmaan-Cabdul,1,vorbis_q8,kbd,1.4171,708
030-06-S-bastien-Tellier-Benny,1,vorbis_q8,kbd,1.375,452
031-07-Shkoon-Just-Emma-Id,1,vorbis_q8,kbd,1.3043,37
032-05-2kilos-more-Cache-feu,1,vorbis_q8,kbd,1.7209,580
033-01-Daylight-Rising,1,vorbis_q8,kbd,1.2326,598
034-09-Snow-Ghosts-Bowline,1,vorbis_q8,kbd,1.988,580
035-16-Slow-Air-In-Dropped-D,1,vorbis_q8,kbd,1.8122,68
036-08-Nicolas-Comment-Amaurose,1,vorbis_q8,kbd,1.2619,104
037-02-Super-Cayor-De-Dakar-Emboutaieillage,1,vorbis_q8,kbd,1.2697,339
038-11-Red-Hot-Chili-Peppers-This-velvet-glove,1,vorbis_q8,kbd,1.7126,836
039-13-Kat-Onoma-Change-blues,1,vorbis_q8,kbd,1.7803,452
040-11-Xploding-Plastix-Far-flung-tonic,1,vorbis_q8,kbd,1.3571,452
041-07-Mondkopf-Summer-afternoon-on-the-carribean-se,1,vorbis_q8,kbd,1.2381,51
042-04-Keletigui-et-ses-Tambourinis-Nadia,1,vorbis_q8,kbd,2.8202,964
043-03-Massive-Attack-Inertia-Creeps-Manic-Street-Pr,1,vorbis_q8,kbd,1.6048,324
044-02-Various-Artists-Ka-mea-mea,1,vorbis_q8,kbd,1.5439,452
045-08-DJ-Katapila-Trotro-instrumental,1,vorbis_q8,kbd,1.4144,452
046-04-Clelia-Felix-Shine-so-bright,1,vorbis_q8,kbd,1.1724,88
047-03-Lemma-Souad-Asla-Maachouk-Nbi,1,vorbis_q8,kbd,1.3497,964
048-08-Gabriel-Romero-La-Piragua,1,vorbis_q8,kbd,1.3494,899
049-Nigeria-70-vol-1-Lagos-jump-09-Chief-Checker-Afr,1,vorbis_q8,kbd,1.3214,580
050-08-Boubacar-Traor-Pierrette,1,vorbis_q8,kbd,1.3651,836
051-07-Coldcut-x-On-U-Sound-Kajra-mohobbat-wala-feat,1,vorbis_q8,kbd,1.5455,964
052-06-Papa-Wemba-Efeka-mandundu,1,vorbis_q8,kbd,1.9643,68
053-03-Jupiter-Okwess-Ofakombolo,1,vorbis_q8,kbd,1.1628,400
054-10-George-Bruns-Two-dogs-and-a-cycle,1,vorbis_q8,kbd,2.1011,580
055-01-Godspeed-You-Black-Emperor-Undoing-a-luciferi,1,vorbis_q8,kbd,1.7059,452
056-14-Hlamalani,1,vorbis_q8,kbd,1.6575,196
057-02-Nass-El-Ghiwan-El-Mekkaoui-le-mecquois,1,vorbis_q8,kbd,1.25,953
058-01-Piny-Runa-Woko,1,vorbis_q8,kbd,1.3614,500
059-01-Genesis-Gospel-Singers-Momma-mo-akoma-ntutu,1,vorbis_q8,kbd,1.8286,708
060-13-Naomi-The-Boys-Bad-loser,1,vorbis_q8,kbd,1.1839,1007
061-07-Black-Truth-Rhythm-Band-Imo,1,vorbis_q8,kbd,1.4386,964
062-03-Alpha-Blondy-Jah-glory,1,vorbis_q8,kbd,1.2096,8
063-09-Rodolphe-Burger-Billy-the-kid,1,vorbis_q8,kbd,1.1445,497
064-01-Blank-Jones-Feat-Mike-Francis-Someone-like-yo,1,vorbis_q8,kbd,1.1445,708
065-05-Quizas-Quizas,1,vorbis_q8,kbd,1.36,163
066-04-Etoile-de-Dakar-My-wa-wa,1,vorbis_q8,kbd,1.2143,174
067-03-The-Streets-Let-s-push-things-forward,1,vorbis_q8,kbd,1.7024,324
068-08-Eddie-Palmieri-Cal-Tjader-Bamboleate,1,vorbis_q8,kbd,1.4302,196
069-02-Eden-Ahbez-The-wanderer,1,vorbis_q8,kbd,1.36,964
070-02-Guts-Good-morning,1,vorbis_q8,kbd,1.2381,577
071-01-Jaipur-Kawa-Brass-Band-Piya-tu-ab-aaja,1,vorbis_q8,kbd,1.2211,775
072-05-Simo-Moumen-Samsara,1,vorbis_q8,kbd,1.3143,196
073-10-Vanilla-Fudge-Eleanor-rigby,1,vorbis_q8,kbd,2.1264,708
074-09-Koki-Nakano-Lift,1,vorbis_q8,kbd,1.7011,452
075-03-Jordi-Savall-El-rey-de-francia-esmirna,1,vorbis_q8,kbd,1.4091,580
076-20-Fran-ois-Couperin-O-salutaris,1,vorbis_q8,kbd,1.8293,708
077-01-Jaga-Jazzist-All-i-know-is-tonight,1,vorbis_q8,kbd,1.3882,196
078-04-Kat-Onoma-La-chambre,1,vorbis_q8,kbd,1.75,196
079-04-Gwen-McCrae-Let-s-straighten-it-out,1,vorbis_q8,kbd,1.548,580
