track,sample_rate,cutoff,energy_ratio,cutoff_std,residual_floor_db,container_kbps
08 - Hermanos Gutiérrez -  Barrio hustle.flac,44100,21750.0,4.516e-07,0.0,nan,739
03 - Mama Sissoko -  Safiaton.flac,44100,22050.0,1.941e-04,0.0,nan,808
02 - Foussa Foussa.flac,48000,24000.0,2.271e-07,0.0,nan,871
10 - Arthur Russell -  That's uswild combination.flac,44100,19500.0,1.201e-06,311.8,-41.4,814
03 - R.Wan -  Maudit sort.flac,44100,22050.0,4.126e-05,0.0,nan,946
10- Machengoidi.flac,44100,22050.0,7.670e-06,0.0,nan,807
11 - Estrellas De Areito -  Que traigan el guanguanco.flac,44100,20250.0,6.282e-06,117.9,-37.4,964
17 - The Mountain Ramblers -  Cotton eyed joe.flac,44100,22050.0,4.750e-06,0.0,nan,828
00 - Marcos Valle -  11 - Ele E Ela.flac,44100,21750.0,3.887e-06,0.0,nan,793
Inspiration information vol. 1 - 01 - The Heliocentrics - Masengo.flac,44100,21000.0,8.682e-05,428.8,nan,825
06 - Chauncey M. Depew -  Speech on forefather's day.flac,44100,18750.0,1.013e-04,0.0,-35.1,596
09 - Port-Royal -  Hermitage pt. 1.flac,44100,22050.0,2.745e-07,0.0,nan,862
02 - Buckets of Rain.flac,44100,21500.0,9.794e-07,117.9,nan,668
05 - DJ Katapila -  Lalokat.flac,44100,16250.0,4.802e-08,0.0,nan,629
11 - Lyves -  Darkest hour.flac,44100,21500.0,6.080e-06,259.3,nan,763
04 - Hedzoleh Soundz -  Kaa ye oyai (don't be in a hurry).flac,44100,20750.0,2.860e-06,117.9,nan,935
13 - Johnson Family Singers -  Deliverance will come.flac,44100,22050.0,5.169e-07,0.0,nan,487
01 - Syli Authentic -  Andrée.flac,44100,22050.0,9.190e-08,0.0,nan,830
03 - Various Artists -  Boheoja.flac,44100,22050.0,2.347e-06,0.0,nan,908
01 - Ballaké Sissoko & Vincent Segal -  Chamber music.flac,44100,21500.0,3.607e-05,0.0,nan,719
16 - Robert le Magnifique -  Entrée  sortie.flac,44100,22050.0,7.291e-06,0.0,nan,616
08 - Apparat -  Repeat till overload.flac,44100,21250.0,4.095e-05,117.9,nan,949
11 - William Sheller -  Chanson lente.flac,44100,21000.0,1.020e-06,117.9,nan,593
04 - Moondog -  Marimba mondo 1 - the rain forest.flac,44100,22050.0,2.227e-07,0.0,nan,655
14 - Nouvelle Vague -  Sorry for Laughing [Bonus Track].flac,44100,21250.0,6.294e-06,235.7,nan,821
06 - Ste -  Née gangsta.flac,44100,21750.0,1.245e-04,141.4,nan,992
16 - Lakasha -  Sunny day.flac,44100,17250.0,9.863e-06,0.0,nan,801
21 - Unknown Artist -  Offering to the hungry ghosts.flac,44100,22050.0,1.399e-06,0.0,nan,754
03 - Mondkopf -  Électrées.flac,44100,22050.0,1.570e-04,0.0,nan,790
15 - Andy Williams -  Under paris skies.flac,44100,21750.0,1.718e-06,0.0,nan,629
14 - Popof -  People feel the music.flac,44100,21250.0,6.925e-06,0.0,nan,933
09 - Nikolaj Grandjean  -  Heroes and saints.flac,44100,20250.0,9.412e-05,471.4,-25.9,853
11 - Driss el Maloumi -  Ayour.flac,44100,22050.0,2.962e-06,0.0,nan,770
03 - La Grande Sophie -  Alors .flac,44100,21750.0,1.728e-05,141.4,nan,746
12 - Blind Willie McTell -  I got to cross the river of jordan.flac,44100,22050.0,3.384e-08,0.0,nan,437
10- Elube Chango.flac,44100,22050.0,1.114e-05,0.0,nan,886
12. Sekret.flac,44100,22050.0,2.494e-05,0.0,nan,766
07 - Michel Legrand -  Portnoy's complaint - a night in new york.flac,44100,21250.0,3.702e-05,0.0,nan,989
12 - Gianmaria Testa -  Manacore.flac,44100,21250.0,1.850e-06,377.1,nan,788
06 - Skúli Sverrisson -  Divena.flac,44100,22050.0,6.799e-07,0.0,nan,674
02 - Sylk 130 -  Romeo's fate (icube remix feat. mark bell).flac,44100,21750.0,2.372e-04,0.0,nan,984
05 - Moussu T e lei jovents -  Je n'ose pas vous le dire.flac,44100,20750.0,3.272e-05,0.0,nan,861
03 - Red Hot Chili Peppers -  Scar tissue.flac,44100,22050.0,8.686e-05,0.0,nan,975
03 - ali farka touré & toumani diabeté - naweye toro.flac,44100,22050.0,1.871e-06,0.0,nan,707
05 - Oumou Dioubate -  El hadj.flac,44100,21500.0,4.247e-05,117.9,nan,967
12 - Jordi Savall -  Tiento ix. quinto tono.flac,44100,20750.0,6.632e-08,471.4,nan,634
13 - Tico All Stars -  Cargas y descargas .flac,44100,22050.0,1.332e-06,0.0,nan,983
09 - L'Orchestre National 'A' du Mali -  Janfa.flac,44100,22050.0,3.453e-07,0.0,nan,412
02 - Yasseen Mohamed -  Ndege kaa ufikiri.flac,44100,22050.0,9.049e-08,0.0,nan,693
08 - Martyn -  Miniluv.flac,44100,19500.0,3.279e-06,540.1,-49.5,1068
04 - José González -  Heartbeats.flac,44100,22050.0,1.248e-07,0.0,nan,623
10 - Quantic -  Time is the enemy.flac,44100,22050.0,2.594e-07,0.0,nan,834
01 - Hari Ini.flac,44100,22050.0,3.973e-08,0.0,nan,411
08 - Tèwèldè Rèdda -  Memona (Erythrée).flac,44100,22050.0,2.892e-08,0.0,nan,723
15 - Lucho Bermudez Y Su Orquesta Sabanera -  Fiesta de negritos.flac,44100,19000.0,4.538e-07,235.7,-35.5,851
Nigeria 70 vol. 1 - Lagos jump - 01 - Sir Shina Peters & His International Stars - Yabis.flac,44100,21750.0,4.856e-05,0.0,nan,927
01 - Clara Moto -  Emory bortz.flac,44100,21250.0,8.942e-07,330.0,nan,661
15 - BO Game of thrones - Ramin Djawadi -  The assassin's dagger.flac,44100,22050.0,1.091e-06,0.0,nan,612
01 - Alpha Blondy -  Rasta poue.flac,44100,20750.0,3.351e-05,0.0,nan,845
06 - Crystal Castles -  Air war.flac,44100,21750.0,3.406e-07,141.4,nan,910
06 - Henri Dikongué -  We nde mba.flac,44100,21500.0,3.462e-05,0.0,nan,867
09 - Shan -  En progrès.flac,44100,22050.0,3.009e-07,0.0,nan,431
13 - Lagu Dalam Impian (Song in a Dream).flac,44100,20250.0,2.492e-07,738.2,-30.1,765
08 - Riham -  Erja ya habebi.flac,44100,22050.0,2.549e-05,0.0,nan,954
10 - Richard Pinhas -  Southbound.flac,44100,20750.0,4.998e-05,117.9,nan,1011
08 - The Elcados -  Chokoi & oreje.flac,44100,19000.0,2.016e-06,117.9,-62.9,874
11 - Piotr Tchaikovsky -  Act iii - no.21 spanish dance.flac,44100,22050.0,5.788e-05,0.0,nan,784
10 - Para One -  Lean on me.flac,44100,22050.0,8.640e-05,0.0,nan,921
10 - anonymous (knight home-recording disc) -  Beautiful mansions of gold.flac,44100,22050.0,7.877e-06,0.0,nan,464
08 - Ensemble National des Percussions de Guinée -  Mahsou.flac,44100,22050.0,3.445e-06,0.0,nan,708
Inspiration information vol. 1 - 12 - The Heliocentrics - Fire in the zoo.flac,44100,20250.0,5.310e-06,424.9,-32.8,887
27 - The Uhuru Dance Band -  Yahyia mu.flac,44100,18000.0,2.270e-06,117.9,nan,545
13 - Orquesta Reve -  Suave suave.flac,44100,21750.0,3.350e-06,141.4,nan,891
11 - Twinkle Brothers & The Trebunia Family Band -  Don't betray me.flac,44100,20000.0,7.365e-06,117.9,-51.8,928
07 - Henagar-Union Sacred Harp Convention -  Invocation.flac,44100,22050.0,2.019e-07,0.0,nan,827
06 - BKO Quintet -  Kononale.flac,44100,22050.0,1.829e-06,0.0,nan,821
"15 - Natal'ja Dem'janovna Vorbon, Raisa Maksimovna Talina -  Hand games.flac",44100,22050.0,1.611e-03,0.0,nan,597
02 - Toumani Diabate with Ballake Sissoko -  Salama.flac,44100,22050.0,1.972e-05,0.0,nan,649
01 - Ali Kuru -  Bir kapiyim simsiyah.flac,44100,22050.0,5.684e-07,0.0,nan,888
01 - Nitin Sawhney -  Homelands (joe claussell remix).flac,44100,21250.0,5.160e-06,0.0,nan,933
02 - Sébastien Tellier -  League chicanos.flac,44100,22050.0,3.444e-05,0.0,nan,935
07 - Penny Penny -  Milandu bhe.flac,44100,22050.0,9.519e-06,0.0,nan,1052
01 - Jordi Savall -  El moro de antequera (rhodes).flac,44100,22050.0,1.011e-07,0.0,nan,563
10 - Jean Yanne -  Homosexualis Discothecus.flac,44100,21000.0,9.715e-06,117.9,nan,880
01 - The Har You Percussion Group -  Welcome to the party.flac,44100,21000.0,7.845e-07,495.0,nan,840
01 - Tserendavaa & Tsogtgerel -  Mongol gerin magtaal.flac,44100,22050.0,3.753e-07,0.0,nan,717
15 - Jordi Savall -  Concert xli le retour (en pianelle).flac,44100,22050.0,5.077e-06,0.0,nan,653
02 - Sébastien Tellier -  La ritournelle (mr dan's mix).flac,44100,21250.0,8.087e-05,235.7,nan,1029
02 - Alemu Aga -  Medinanna zelesegna (medina and zelesegna) (about the futility of life).flac,44100,22050.0,3.774e-07,0.0,nan,661
"06 - Bruce Green, Tweedie Gibson, Clifton Green -  Up in the heaven shouting.flac",44100,21750.0,1.493e-06,141.4,nan,645
01 - Miriam Makeba -  Teya teya.flac,44100,21250.0,8.336e-08,204.1,nan,770
07 - E-Love -  Cause i love you no more (alster lounge chill out vocal mix).flac,44100,16000.0,2.000e-09,0.0,nan,830
Jungle run - 04 - Nubiyan Twist - Brothe.flac,44100,21000.0,3.376e-06,117.9,nan,882
13 - Arat Kilo & Mamani Keita -  Madala (Mali).flac,44100,21000.0,5.945e-06,495.0,nan,932
12 - Juaneco y su combo -  Vacilando con ayahuesca.flac,44100,18750.0,1.296e-06,0.0,-48.0,876
02 - Sahale -  Sapana.flac,44100,18750.0,3.586e-07,1555.6,-38.8,684
06 - Reverend R. C. Crenshaw & Congregation -  I'm goin' home on the mornin' train.flac,44100,22050.0,2.987e-06,0.0,nan,795
10 - Bamboma Ethnic Groups -  Yala ku yala.flac,44100,22050.0,8.635e-08,0.0,nan,673
10 - Family Atlantica -  Near the ocean.flac,44100,21000.0,1.922e-05,0.0,nan,894
04 - Jordi Savall -  Tiento ii. cuarto tono.flac,44100,22050.0,7.469e-08,0.0,nan,582
08 - Les Kings -  Oriza.flac,44100,21000.0,4.260e-08,117.9,nan,774
07 - Simplicity People -  Nowhere.flac,44100,22050.0,3.102e-07,0.0,nan,443
08 - Engine-EarZ Experiment & Kate Havnevik -  Blue moon (kinobe remix).flac,44100,20000.0,1.516e-05,0.0,-17.0,878
01 - Fadhl Shaker -  Ya ghayeb.flac,44100,22050.0,1.675e-04,0.0,nan,1012
01 - Wax Tailor -  Phonovisions.flac,44100,21250.0,9.381e-07,0.0,nan,844
01 Origin of the World.flac,44100,22050.0,1.213e-06,0.0,nan,697
09- Clasiqueando con Rubén.flac,44100,22050.0,1.382e-05,0.0,nan,941
07 - Davey Miller -  My pretty little indian napanee.flac,44100,19750.0,4.466e-08,957.7,-31.2,347
08 - Joe Hisaishi -  Angel bell.flac,44100,22050.0,2.195e-08,0.0,nan,611
12 - Olivier Frossard -  Dreamalaya.flac,44100,22050.0,9.096e-08,0.0,nan,741
15 - Queen -  Seven seas of rhye.flac,44100,19250.0,8.417e-07,353.6,-49.9,899
10 Asabi.flac,44100,19250.0,1.140e-06,707.1,-37.0,886
12 - Saramaccan Sound (Suriname) -  Ancestor call.flac,44100,22050.0,1.177e-04,0.0,nan,923
09 - YĪN YĪN -  Shiatsu for dinner.flac,44100,21250.0,2.254e-06,117.9,nan,761
02 - One Mind's Eye Feat. Elsieanne -  Shiva.flac,44100,20500.0,3.454e-06,204.1,-36.0,917
08 - No Artist -  Khotyn chimee.flac,44100,22050.0,7.882e-07,0.0,nan,544
02 - Katerine -  Mon coeur balance.flac,44100,21500.0,2.970e-04,117.9,nan,958
02 - Vanilla Fudge -  People get ready.flac,44100,21000.0,4.510e-07,0.0,nan,431
12 - Jean Vayat -  Anahata.flac,44100,22050.0,1.039e-04,0.0,nan,940
15 - Roger Molls -  Lost angels.flac,44100,22050.0,6.425e-09,0.0,nan,676
27 - Elder Effie Hall And Congregation -  Precious lord hold my hand.flac,44100,22050.0,4.783e-06,0.0,nan,542
01 - Air Afrique.flac,44100,22050.0,2.311e-08,0.0,nan,408
05 - Hermanos Gutiérrez -  El fantasma.flac,44100,21750.0,2.242e-07,141.4,nan,732
03 - Restaurant Track -  Tompkins square park.flac,44100,22050.0,1.022e-04,0.0,nan,902
30 - Ogava Khacuko -  A cappella song .flac,44100,22050.0,1.027e-05,0.0,nan,652
10 - Michel Legrand -  Monte cristo - plein d'oiseaux.flac,44100,21500.0,2.690e-05,117.9,nan,1098
04 - Rey & Kjavïk -  Noc.flac,44100,21000.0,2.864e-07,117.9,nan,814
01 - A. R. Rahman -  Mumbai theme tune.flac,44100,21000.0,1.842e-07,447.8,nan,759
01 - Amram Solar & Hot Oasis -  Aine.flac,44100,16500.0,1.784e-08,117.9,nan,725
14 - Angus & Julia Stone -  You're the one that i want.flac,44100,22050.0,1.689e-05,0.0,nan,664
22 - A. A. Gray And Seven Foot Dilly -  The old ark's a moving.flac,44100,22050.0,1.527e-05,0.0,nan,533
Ave Africa  The complete recordings 1973-1976 - 11 - Sunburst - How can i get to you.flac,44100,22050.0,1.263e-07,0.0,nan,550
11 - Los Warahuaco - El Pescador de Baru.flac,44100,19250.0,1.419e-06,117.9,-37.7,879
00 - Marcos Valle -  09 - Viagem.flac,44100,22050.0,1.106e-05,0.0,nan,836
03 - Nora En Pure -  Saltwater.flac,44100,20000.0,1.386e-04,117.9,-48.7,1027
10 - Pretty Penny.flac,44100,21000.0,8.771e-06,117.9,nan,793
02 - The Cinematic Orchestra -  Burn out.flac,44100,22050.0,6.970e-07,0.0,nan,811
09 - Kat Onoma -  Old trouble.flac,44100,20750.0,9.831e-07,0.0,nan,888
"02 - Sigur Rós -  Alföður orkar (with steindór andersen, hilmar örn hilmarsson and maría huld markan sigfúsdóttir).flac",44100,22050.0,5.568e-07,0.0,nan,623
02 - The Cinematic Orchestra -  Familiar ground.flac,44100,20000.0,1.633e-06,117.9,-26.7,747
"26 - W. Guy Bruce -  Shout, lulu.flac",44100,22050.0,6.088e-07,0.0,nan,860
06 - The Cinematic Orchestra -  Postlude.flac,44100,22050.0,6.065e-08,0.0,nan,565
21 - Various Artists -  Ndingo [2] (bushmen).flac,44100,21250.0,1.025e-04,0.0,nan,645
16 - Michel Legrand -  La piscine - générique début.flac,44100,21250.0,1.781e-06,117.9,nan,1063
11 - Robert le Magnifique -  Impasse d.flac,44100,21750.0,2.702e-05,141.4,nan,764
02. Oj Tak.flac,44100,22050.0,2.361e-05,0.0,nan,879
06 - Télépopmusik -  Last train to wherever.flac,44100,21500.0,6.070e-06,259.3,nan,824
06 - Michel Legrand -  La piscine - une enquête.flac,44100,21500.0,1.614e-06,259.3,nan,776
11 - Cultural Troupe from Nioguébougoula -  Sigui lé (it's the wild buffalo).flac,44100,21000.0,6.022e-07,235.7,nan,739
"03 - Les Ogres De Barback, Tryo -  Estelle.flac",44100,21500.0,4.407e-05,259.3,nan,952
07 - Mulatu Astatke -  Gubelye (my gubel).flac,44100,22050.0,1.975e-07,0.0,nan,817
14 - J. Ismail & 'D' Irama -  Lupakan aku.flac,44100,21500.0,2.073e-07,0.0,nan,927
13 - Aku Pergi (I Go).flac,44100,21750.0,4.934e-06,0.0,nan,457
08. Jaymanur Ajabek - Beautiful Kushtar.flac,44100,20500.0,9.099e-07,117.9,-46.6,731
19 - David Shrigley -  Don'ts.flac,44100,18750.0,1.407e-06,1412.4,-35.8,299
13 - Roger Molls -  Rusty springs (featuring crop circles 720).flac,44100,22050.0,1.574e-05,0.0,nan,941
06 - Koko Ateba -  Nelson mandela.flac,44100,20250.0,1.181e-06,0.0,-32.8,831
05 - Sim Sisamouth - Don't Let My Girlfriend Tickle Me.flac,44100,22050.0,6.480e-07,0.0,nan,867
03 - Korore Khetenteevič Kokore -  La flèche bariolée = the multicoloured arrow.flac,44100,20500.0,2.690e-06,0.0,-36.0,740
07 - Sébastien Tellier -  Pam! exit la folle.flac,44100,22050.0,1.026e-06,0.0,nan,693
08 - Prodigy -  Beyond the deathray.flac,44100,20750.0,6.354e-07,612.8,nan,990
01 - The Anambra Beats -  Ayamma.flac,44100,19750.0,7.274e-07,471.4,-48.7,812
12 - Robert le Magnifique -  The ring (uls).flac,44100,21500.0,2.730e-05,0.0,nan,818
08 - Kow Otani -  The opened way ~battle theme~.flac,44100,21750.0,9.869e-07,141.4,nan,896
07 - Fred Fisher -  Asa-sa.flac,44100,21250.0,2.590e-05,334.2,nan,910
24 - Ethnic Groups -  O yoyo.flac,44100,22050.0,1.267e-07,0.0,nan,622
03 - Kante Manfila -  Mobereya.flac,44100,20750.0,1.559e-06,117.9,nan,799
05 - Majid Soula -  Tameghra.flac,44100,21500.0,4.421e-06,0.0,nan,898
04 - Penjuru Menyatu (Unified Counters).flac,44100,21500.0,2.136e-07,259.3,nan,731
07 - Moondog -  Shakespeare city.flac,44100,22050.0,1.804e-07,0.0,nan,713
08 - Alias -  Place of no more choices.flac,44100,22050.0,5.917e-07,0.0,nan,439
11 - Waed Bouhassoun -  Passion sans plainte.flac,44100,21500.0,5.586e-07,259.3,nan,682
12 - Angus & Julia Stone -  I'm not yours.flac,44100,21750.0,1.724e-05,0.0,nan,856
13 - Cyril Morin -  Bumblebee (composed and performed by dadon).flac,44100,21750.0,6.130e-08,141.4,nan,806
04 - Modenine -  Green passport (feat. sage hasson).flac,44100,22050.0,1.421e-05,0.0,nan,873
06 - Talene Lampe Yi.flac,44100,21750.0,8.342e-06,0.0,nan,879
Jungle run - 09 - Nubiyan Twist - They talk.flac,44100,21250.0,4.589e-05,117.9,nan,961
13 - Mighty Sparrow -  Dancehall brawl.flac,44100,20500.0,2.145e-06,0.0,-39.0,872
06 - Le Système Crapoutchik -  L'horrible rêve.flac,44100,22050.0,9.153e-07,0.0,nan,947
04 - Estray & Raio  -  Chakya muna .flac,44100,22050.0,3.795e-05,0.0,nan,826
12 - Mamagubida - Tryo -  Les soldats de plomb.flac,44100,22050.0,4.475e-06,0.0,nan,878
05 - Ade Olumoko -  Eyo.flac,44100,18500.0,2.159e-06,424.9,nan,792
01 - BKO Quintet -  Ntana.flac,44100,20750.0,6.793e-07,612.8,nan,765
08 - Son House -  Death letter blues.flac,44100,22050.0,7.487e-06,0.0,nan,433
08- No me llores más.flac,44100,22050.0,1.666e-06,0.0,nan,849
15 - Michel Legrand -  Eva - finale.flac,44100,20750.0,6.790e-07,117.9,nan,701
10 - Angus & Julia Stone -  Hush.flac,44100,21750.0,6.390e-05,0.0,nan,866
26 - Vishnudass Shirali -  Tabla-taranga (raga adana).flac,44100,22050.0,8.224e-06,0.0,nan,427
16 - George Bruns -  It's the butler  headlines.flac,44100,22050.0,2.369e-06,0.0,nan,439
09 - Hermanos Gutiérrez -  Until we meet again.flac,44100,22050.0,1.822e-07,0.0,nan,691
06 - State Street Boys -  Sweet to mama.flac,44100,21000.0,1.912e-09,495.0,nan,311
09 - Issoire.flac,44100,21500.0,1.986e-05,0.0,nan,905
03 - Apparat -  Pressure.flac,44100,22050.0,1.826e-04,0.0,nan,910
08 - U.F.O. -  Loud minority.flac,44100,20750.0,6.854e-06,0.0,nan,968
10 - Saz'iso -  Bëje dru në përcëllime.flac,44100,21750.0,7.888e-06,0.0,nan,833
11 - Keur Moussa -  Banehu len i  1. allegro.flac,44100,22050.0,4.186e-07,0.0,nan,623
01 - Roger Molls -  The opening.flac,44100,20250.0,2.524e-05,117.9,-74.9,899
09 Number One De Dakar - Takoussane.flac,44100,22050.0,1.753e-06,0.0,nan,831
11 - Bob Marley -  Redemption song (band version) (bonus track).flac,44100,22050.0,1.413e-04,0.0,nan,925
04 - 2kilos &more -  Csp.flac,44100,22050.0,1.167e-06,0.0,nan,826
02 - William Sheller -  Chanson d'Automne.flac,44100,22050.0,3.408e-07,0.0,nan,665
06 - Landkapelle Paul & Heinz Kurt -  Bim meieli.flac,44100,21000.0,2.692e-07,117.9,nan,754
05 - Apparat -  Nato.flac,44100,22050.0,4.942e-04,0.0,nan,1008
05 Lemon Bara.flac,44100,21000.0,2.971e-05,0.0,nan,895
04 - Ignacio Maria Gomez -  Fotiniepa.flac,44100,22050.0,1.032e-06,0.0,nan,940
10 - Moodswings -  Redemption song.flac,44100,21250.0,4.928e-05,0.0,nan,861
1.02. Idenga.flac,44100,22050.0,1.134e-04,0.0,nan,937
14 - Ahmed bin Brek -  Hasidi.flac,44100,22050.0,1.743e-07,0.0,nan,676
12 - Thione Seck -  Mouhamadou bamba.flac,44100,21500.0,1.741e-05,0.0,nan,926
22 - Lihat Adikku (See My Little Sister).flac,44100,22050.0,1.245e-07,0.0,nan,428
11 - Charif Megarbane -  Hawalat.flac,44100,16750.0,8.115e-08,204.1,nan,826
04 - Sigur Rós -  Yfirborð.flac,44100,21000.0,4.722e-08,311.8,nan,707
05 - Dock Walsh -  We courted in the rain.flac,44100,17750.0,7.073e-09,2027.0,nan,344
07 - Charlotte Gainsbourg -  Little monsters.flac,44100,20750.0,8.841e-06,0.0,nan,811
02 - Joys of Drinking.flac,48000,24000.0,7.166e-06,0.0,nan,979
"17. Kurban, Pa Hat & Adengr - Ror Salei Muqam.flac",44100,20750.0,3.062e-05,117.9,nan,925
08 - Driss el Maloumi -  Awzan.flac,44100,22050.0,1.167e-07,0.0,nan,649
13 - Cuncordu e Tenore de Orosei -  Ballu a passu turturinu (tenore).flac,44100,22050.0,9.464e-07,0.0,nan,840
05 - Michel Legrand -  Adam et Eve.flac,44100,22050.0,5.557e-07,0.0,nan,1020
02 - Jordi Savall -  Anonimo (cancionero de la columbina) - villancico propiñán de melyor  .flac,44100,20500.0,2.265e-05,0.0,-44.4,841
13 - Piéces de luth du vieux Gaultier - Ennemond Gaultier -  Suite en f.ut. fa dièse mineur vi.rondeau.flac,44100,21500.0,2.394e-07,0.0,nan,609
03 - Sima Bina -  Khan djan.flac,44100,20750.0,1.038e-05,117.9,nan,739
04 - Raphaël Zachille -  Manzè mona.flac,44100,22050.0,1.957e-05,0.0,nan,561
09 - Midlake -  Am i going insane.flac,44100,21750.0,6.242e-05,141.4,nan,969
17 - Richard M. Sherman and Robert B. Sherman -  Interview with the sherman brothers.flac,44100,21250.0,5.908e-07,117.9,nan,545
04. Shift Z feat. Hiba el Mansouri - Ahwak.flac,44100,21750.0,8.440e-06,141.4,nan,696
02 - Gianmaria Testa -  Le traiettorie delle mongolfiere.flac,44100,21000.0,5.582e-05,0.0,nan,877
02 - John Jacob Niles -  John henry.flac,44100,22050.0,3.127e-06,0.0,nan,425
"04 - Roger Molls -  High speed chase (featuring ptates, scratches by mr cut).flac",44100,20500.0,4.080e-05,117.9,-45.5,927
03 - Philip Glass -  Candyman Suite - Helen's Theme.flac,44100,22050.0,2.724e-07,0.0,nan,612
15 - The Jesus & Mary Chain -  Just like honey.flac,44100,19845.0,0.000e+00,1039.4,-61.1,346
03 - Angel Tears -  Mystic desire.flac,44100,22050.0,1.102e-04,0.0,nan,1004
13 - Xploding Plastix -  Doubletalk gets through to you.flac,44100,21000.0,1.573e-06,447.8,nan,933
04 - Zinja Hlungwani -  Ntombi ya mugaza.flac,44100,22050.0,8.327e-05,0.0,nan,767
03 - Nawal Al Zoghbi -  El layali.flac,44100,22050.0,7.197e-05,0.0,nan,1010
08 - Kinobe -  Lotus eater.flac,44100,21750.0,5.171e-06,0.0,nan,820
03 - Faithless -  Insomnia.flac,44100,19750.0,4.046e-06,471.4,-54.5,955
08 - Bob Marley -  I shot the sheriff (dub).flac,44100,21250.0,2.260e-06,0.0,nan,696
09 Infinite Abstract.flac,44100,22050.0,5.104e-07,0.0,nan,530
01 - Joy -  Fragile space.flac,44100,21500.0,7.884e-06,0.0,nan,855
11 - Zaho de Sagazan -  Le dernier des voyages.flac,44100,21250.0,1.617e-05,0.0,nan,987
30 - Hugh Campbell -  Boxes full of memories.flac,44100,22050.0,3.424e-07,0.0,nan,727
03 - Robert le Magnifique -  Hamlet#1.flac,44100,22050.0,3.460e-05,0.0,nan,905
06 - Jordi Savall -  Concert xlii le raporté (dalain).flac,44100,22050.0,5.478e-06,0.0,nan,726
02 - Xploding Plastix -  Funnybones & lazylegs.flac,44100,21500.0,4.567e-05,117.9,nan,1069
12 - Roger Molls -  Ghost town.flac,44100,20250.0,3.052e-05,0.0,-69.9,934
18 - Moondog -  Shakespeare city.flac,44100,21000.0,2.669e-07,495.0,nan,724
06 - Tor -  Wonder dog.flac,44100,19500.0,1.468e-06,0.0,-50.9,969
"04 - Ketama, Toumani Diabate, Jose Soto -  Monte de los Suspiros.flac",44100,22050.0,4.276e-05,0.0,nan,748
05 - Confrérie Ali Amani -  Alifun qabla.flac,44100,21500.0,2.810e-06,117.9,nan,915
11 - Blues Run the Game.flac,44100,19750.0,7.143e-08,117.9,-35.9,652
02 - Goya Project -  Lamento (sunset rework).flac,44100,21750.0,1.823e-06,141.4,nan,897
16 - Mark Pritchard -  Mark pritchard.flac,44100,22050.0,3.428e-07,0.0,nan,625
04 - Crystal Castles -  Magic spells.flac,44100,22050.0,9.710e-08,0.0,nan,771
15 - Super Furry Animals -  Download.flac,44100,19500.0,3.926e-09,1202.1,-38.6,715
02 - Touareg de Fewet -  Chetma.flac,44100,18750.0,3.928e-05,0.0,-39.4,889
05 And Nina.flac,44100,22050.0,4.637e-07,0.0,nan,841
03 - Papillon (feat. Garden Gnome) -  Papillon (radio edit).flac,44100,21250.0,1.749e-04,117.9,nan,963
09 - Responded Love Song.flac,44100,20500.0,1.872e-06,117.9,-38.4,831
23 - Cat Stevens -  Peace train.flac,44100,20250.0,9.807e-06,0.0,-46.1,811
09 - Sigur Rós -  Von.flac,44100,21000.0,1.033e-07,495.0,nan,662
Omar Souleyman - 0109 - Kaset Hanzel (Drinking From The Glass Of Bitterness).flac,44100,19000.0,1.604e-06,117.9,-48.9,881
61 - Marga Sol -  Be mine.flac,44100,22050.0,3.286e-06,0.0,nan,848
05 - National Seven.flac,44100,19250.0,4.144e-08,0.0,-40.9,677
06 - Wolfgang Amadeus Mozart -  Laudate dominum (vesperare solennes de confessore).flac,44100,22050.0,6.082e-08,0.0,nan,585
10 - James 'Yank' Rachel and Shirley Griffith -  Peach orchard mama.flac,44100,22050.0,1.462e-07,0.0,nan,518
16 - Roger Molls -  The outro.flac,44100,22050.0,5.400e-06,0.0,nan,598
05 - Maisha -  Kamuacha mume wake.flac,44100,19750.0,2.060e-07,117.9,-34.7,818
05 - Lux -  Northern lights.flac,44100,21250.0,1.315e-04,0.0,nan,808
05 - Hamid Baroudi -  Tea in Marrakech.flac,44100,21750.0,1.247e-04,141.4,nan,963
11 - Ganga -  Carry you home (original mix).flac,44100,22050.0,7.508e-06,0.0,nan,987
02. Malikah feat. Zoog - Intikhabeit 2009 .flac,44100,21500.0,5.723e-06,117.9,nan,973
09 - 2kilos &more -  Second season.flac,44100,22050.0,8.571e-07,0.0,nan,739
05 - The Funkees -  Breakthrough.flac,44100,17000.0,1.368e-08,589.3,nan,528
07 - Orange Blossom -  Good bye kô.flac,44100,21000.0,1.025e-05,117.9,nan,765
13 - Swen G -  Morning light (coffee shop remix).flac,44100,21000.0,1.024e-06,0.0,nan,933
09 - African Jazz-Tabu Ley -  Pesa le tout.flac,44100,22050.0,9.682e-07,0.0,nan,610
17 - Charif Megarbane -  Jana.flac,44100,22050.0,2.644e-07,0.0,nan,758
01 - Moussu T e lei jovents -  Embarcatz!.flac,44100,22050.0,1.961e-04,0.0,nan,927
01 - Etoile de Dakar -  Tolou badou n'diaye.flac,44100,22050.0,8.478e-06,0.0,nan,833
07 - Manghoya foura - Dieneba Seck -  Djene dakan.flac,44100,21000.0,2.618e-06,117.9,nan,863
03 - Duoud -  Zanzibar.flac,44100,22050.0,6.388e-06,0.0,nan,891
11 - Jordi Savall -  Gallarda.flac,44100,20250.0,1.083e-05,117.9,-44.4,762
14 - Gidge -  Norrland.flac,44100,17250.0,1.837e-07,2262.7,nan,633
"05- Quizas, Quizas.flac",44100,22050.0,2.170e-06,0.0,nan,806
02 - Jam & Spoon -  Odysee to anyoona.flac,44100,21750.0,2.027e-06,0.0,nan,967
09 - Terranova -  Plastic stress.flac,44100,20750.0,2.549e-07,612.8,nan,763
12 - The Ballistic Brothers -  Uschi's groove.flac,44100,20000.0,7.208e-06,0.0,-46.3,821
03 - Buddha Sounds -  Everything you need (drum & dub).flac,44100,22050.0,8.729e-06,0.0,nan,1131
03 - Balthazar -  Red sand (feat. thanos giouletzis).flac,44100,21250.0,1.626e-04,0.0,nan,966
08 - Sudan Archives -  Wake up.flac,44100,18000.0,2.693e-06,1274.8,nan,847
13 - The Cinematic Orchestra -  Theme reprise.flac,44100,21750.0,1.960e-05,0.0,nan,860
09 - Cat Stevens -  Sitting.flac,44100,22050.0,1.369e-05,0.0,nan,818
13 - The Streets -  Who dares wins.flac,44100,22050.0,2.743e-06,0.0,nan,1034
14 - Oxmo Puccino -  Parallèles.flac,44100,22050.0,4.104e-05,0.0,nan,895
47 - Jacob Groening -  Love hangover (mira & chris schwarzwalder remix).flac,44100,15250.0,8.033e-09,408.2,nan,676
07 - The Ballistic Brothers -  Uschi's groove.flac,44100,20250.0,6.208e-06,589.3,-48.4,753
11 - Shirati Jazz -  Jaa.flac,44100,19250.0,8.934e-07,117.9,-41.6,491
07 - The Cinematic Orchestra -  Evolution (versao portuense).flac,44100,21750.0,4.114e-06,141.4,nan,837
19 - Ennemond Gaultier -  Suite en a.mi. la majeur v. sarabande.flac,44100,21500.0,2.993e-07,0.0,nan,571
05 - Kow Otani -  Resurrection.flac,44100,22050.0,1.599e-07,0.0,nan,680
11 - Robert le Magnifique -  Polonius.flac,44100,22050.0,1.009e-04,0.0,nan,762
12 - Yasseen Mohamed -  Ni wewe.flac,44100,22050.0,2.728e-07,0.0,nan,664
12 - The Last Poets -  Just because (vocal and percussion).flac,44100,20000.0,1.159e-06,235.7,-26.4,835
11 - Nina Demnimeevna Lorvinova -  Chant chamanique = shamanic song.flac,44100,20500.0,2.008e-06,0.0,-36.7,756
05 - Sven Libaek -  Conversations with hal.flac,44100,22050.0,1.035e-07,0.0,nan,634
03 - Gabor Szabo -  Django part 1.flac,96000,48000.0,2.127e-07,0.0,nan,1109
22 - Daniel Masson -  Morning fall.flac,44100,22050.0,1.191e-04,0.0,nan,845
06 - Snow Ghosts -  The Wreck.flac,44100,22050.0,6.378e-07,0.0,nan,902
10 - Los Amigos -  Lazara y georgina.flac,44100,20750.0,6.693e-07,0.0,nan,709
"15 - Danny Paisley, Ryan Paisley, T.J. Lundy -  The old swinging bridge.flac",44100,22050.0,4.584e-07,0.0,nan,795
15 Song In Lao Chai Village.flac,44100,22050.0,2.792e-06,0.0,nan,867
14 - Sven Libaek -  Beche de mer.flac,44100,22050.0,1.571e-08,0.0,nan,656
12 - Vida.flac,44100,21750.0,7.086e-06,141.4,nan,689
10 - iO -  Claire.flac,44100,22050.0,1.455e-04,0.0,nan,859
16 - Mr. Oizo -  C.h.i.v.e.r.s.flac,44100,21500.0,1.530e-05,0.0,nan,915
"17 - Tomaso Giovanni Albinoni -  Concerto à cinque for 2 oboes and strings in g major, op. 96 ii. adagio.flac",44100,22050.0,3.526e-07,0.0,nan,695
07 - Sven Libaek -  Quasars.flac,44100,21500.0,2.042e-06,0.0,nan,789
09 - Semua Gembira (All Happy).flac,44100,22050.0,1.732e-08,0.0,nan,408
11 - Télépopmusik -  Ambushed.flac,44100,21750.0,1.746e-06,0.0,nan,757
05 - Aly Keïta -  Ziglibithy.flac,44100,22050.0,3.130e-07,0.0,nan,764
07 - Guelewar Band of Banjul -  Warteef jiggeen.flac,44100,22050.0,4.577e-06,0.0,nan,948
01 - Moondog -  Up broadway.flac,44100,22050.0,8.777e-07,0.0,nan,474
13 - The Action 13 -  Active action.flac,44100,16750.0,3.078e-09,623.6,nan,484
08 - Dub Colossus -  Black rose.flac,44100,21250.0,1.148e-04,0.0,nan,925
02 - Oi Va Voi -  I know what you are.flac,44100,22050.0,7.436e-06,0.0,nan,852
06 - Beatless -  She's the devil.flac,44100,22050.0,2.358e-05,0.0,nan,981
02 - Yankele -  740 am.flac,44100,22050.0,5.966e-07,0.0,nan,690
01 - Pioneers -  Some having a bawl.flac,44100,22050.0,7.080e-07,0.0,nan,453
10 - Doris Monteiro com A.C. Jobim -  Se e por causa de adeus.flac,44100,22050.0,2.206e-09,0.0,nan,466
06 - Deeper & Pacific  feat. Daniela Ferraz -  Una passion perdida.flac,44100,21500.0,6.936e-05,117.9,nan,1040
06 - Vieux Kanté -  Nafolo.flac,44100,21750.0,2.372e-04,141.4,nan,935
04 - Toumani Diabate -  Kaounding cissko.flac,44100,22050.0,4.538e-05,0.0,nan,862
23 - ali baba.flac,44100,21750.0,4.499e-05,141.4,nan,473
06 - Gaye Su Akyol -  Şahmeran.flac,44100,19250.0,7.901e-06,0.0,-63.1,896
08 - Stendeck -  Sad lovers' song.flac,44100,22050.0,8.054e-09,0.0,nan,558
"15 - Ola Belle Reed, Burl Kilby -  I've always been a rambler.flac",44100,21500.0,2.087e-06,224.8,nan,814
08- Nangu Sobeh.flac,44100,22050.0,3.066e-06,0.0,nan,909
"07 - Ola Belle Reed, Burl Kilby, John Miller -  The ranger's command.flac",44100,21500.0,5.326e-06,117.9,nan,765
"Alefa Madagascar ! Salegy, soukous & soul from the red island 1974-1984 - 13 - Jeanot Rabeson Et Son Orchestre - Jazz sega.flac",44100,22050.0,2.881e-08,0.0,nan,682
05 - Mainer Band -  Glenn's chimes.flac,44100,22050.0,1.980e-06,0.0,nan,809
01 - Mirage Of Deep -  Forbidden perfume.flac,44100,22050.0,4.411e-05,0.0,nan,995
02 - Jay Mitchell & The Mitchellites -  I am the man for you baby.flac,44100,21000.0,1.039e-06,495.0,nan,877
01 - Sébastien Tellier -  Bye bye.flac,44100,20500.0,6.254e-08,117.9,-49.0,659
01 - YĪN YĪN -  The year of the rabbit.flac,44100,19750.0,6.437e-06,540.1,-44.2,865
18 - Sexteto Tabalá -  Dialogue cayetano blanco.flac,44100,21500.0,1.892e-07,0.0,nan,607
09 - The City of Prague Philharmonic Orchestra -  Manha de carnaval.flac,44100,20500.0,2.788e-06,632.9,1.0,786
10 - Henri Dikongué -  Ongele.flac,44100,21000.0,1.778e-05,0.0,nan,937
"03 - The Last Poets -  New york, new york (africanism version).flac",44100,20250.0,3.318e-06,117.9,-41.0,911
01 - Intro -  Welcome to buddha bar.flac,44100,16000.0,4.512e-07,0.0,nan,746
07. Kurban - Atoosh's Song.flac,44100,20500.0,4.570e-06,0.0,-46.8,867
10 - CARRIBEAN ISLANDS Conjunto Campesino Cuyaguateje -  Al vaiven de mi carreta.flac,44100,22050.0,3.143e-05,0.0,nan,967
12 - Fila Brazillia -  A zed and 2 l's.flac,44100,22050.0,7.999e-07,0.0,nan,776
17 - Uncle Bunt Stephens -  Sail away lady.flac,44100,22050.0,7.630e-08,0.0,nan,399
15 - Les aiglons de basse terre -  Chombo meringue.flac,44100,20000.0,5.914e-07,117.9,-44.3,902
13 - Mah Damba -  Sogoma.flac,44100,22050.0,5.736e-07,0.0,nan,822
15 - Coro Di Neoneli & Luigi Lai -  Anninnia.flac,44100,22050.0,2.110e-06,0.0,nan,935
09 - Reverend W. A. Donaldson -  Baptizing scene.flac,44100,22050.0,1.754e-06,0.0,nan,734
10 - Phil Woods -  Nica.flac,44100,22050.0,1.126e-05,0.0,nan,914
03 - Thievery Corporation -  Radio retaliation.flac,44100,22050.0,4.219e-05,0.0,nan,899
10 La côte.flac,44100,19250.0,1.127e-06,117.9,-44.0,825
04 - Hermanos Gutiérrez -  Abuelita.flac,44100,21750.0,7.417e-07,0.0,nan,775
11 - Les tambours de Brazza -  N 'sala (intro wele kou wa).flac,44100,22050.0,2.514e-04,0.0,nan,920
12 - Bush -  Letting the cables sleep (the n.o.w mix).flac,44100,21250.0,3.244e-06,0.0,nan,748
"17 - San Ignacio, Morita Vargas -  El desierto.flac",44100,16500.0,8.072e-08,117.9,nan,937
24 - rantiku.flac,44100,21750.0,1.804e-06,0.0,nan,448
12 - Nicolas Comment -  Vénus venue.flac,44100,21000.0,1.536e-06,495.0,nan,852
16 - The Ogyatanaa Show Band -  You monopolise me.flac,44100,15500.0,3.748e-08,353.6,nan,478
40 - Kow Otani -  Anger (bonus track).flac,44100,22050.0,6.124e-07,0.0,nan,786
08 - Jonas Rathsman -  No surprise.flac,44100,19500.0,2.100e-05,540.1,-48.0,975
13 - George Bruns -  Cat's love theme.flac,44100,22050.0,8.256e-07,0.0,nan,528
10 - Michel Legrand -  La flûte a six schtroumpfs - le duel des flûtes.flac,44100,21750.0,1.960e-05,141.4,nan,987
04 - Super Boiro Band -  Kha mu lan ma.flac,44100,22050.0,1.077e-07,0.0,nan,874
08 - Leftfield -  Swords.flac,44100,20250.0,2.704e-06,117.9,-44.4,801
14 - Bessie Jones -  Hambone.flac,44100,22050.0,4.157e-06,0.0,nan,717
03 - George Gibson -  Southern texas.flac,44100,22050.0,2.493e-07,0.0,nan,544
03 - Kayah & Bregovic -  To nieptak (not a bird) (non e un uccello).flac,44100,22050.0,1.854e-04,0.0,nan,822
07 - Dieneba Seck -  Anka maliba.flac,44100,21250.0,2.012e-05,117.9,nan,989
11 - Queen -  Now i'm here.flac,44100,20750.0,1.003e-06,0.0,nan,858
"03 - Sigur Rós -  Dvergmál (with steindór andersen, hilmar örn hilmarsson and maría huld markan sigfúsdóttir).flac",44100,22050.0,1.725e-06,0.0,nan,769
01 - Ahmed Malek & Flako -  Tape 22 track 02.flac,44100,22050.0,2.999e-07,0.0,nan,753
03 - 4 Mars -  Dhulka hooyo (motherland).flac,44100,22050.0,2.242e-09,0.0,nan,626
"08 - Jordi Savall -  Deus meus, deus meus, ut quid dereliquistime.flac",44100,21250.0,9.103e-06,0.0,nan,730
18 - Shirley Griffith -  Maggie campbell blues.flac,44100,22050.0,6.593e-08,0.0,nan,536
04 - Kana Blana.flac,44100,22050.0,7.126e-07,0.0,nan,488
09 - José González -  Hints.flac,44100,15250.0,8.377e-08,3205.6,nan,683
15 - Wedding Song.flac,44100,21250.0,8.080e-07,117.9,nan,765
13 - Elkin Marin -  Wallanwala.flac,44100,19750.0,1.786e-05,311.8,-36.7,962
12 - Vieux Farka Touré -  Touri.flac,44100,22050.0,1.596e-05,0.0,nan,974
05 - Joey Negro Presents The Sunburst Band -  Man of war (henrik schwarz remix).flac,44100,20000.0,6.967e-08,117.9,-43.5,837
05 - Camayenne Sofa -  Labhante.flac,44100,22050.0,8.489e-08,0.0,nan,750
05 - Marisa Anderson -  Clouds.flac,44100,22050.0,1.661e-07,0.0,nan,551
05 - Eddy Mitchell -  Chaque matin il se lève.flac,44100,22050.0,9.043e-05,0.0,nan,992
07 - Faithless -  North star.flac,44100,21000.0,3.328e-06,441.6,nan,794
15 - Isabelle Antena -  Le poisson des mers du sud.flac,44100,20500.0,5.898e-06,0.0,-46.5,799
04 - Mtendeni Maulid Ensemble -  Dua.flac,44100,21000.0,1.287e-05,495.0,nan,718
15 - Blind Willie Johnson -  The soul of a man.flac,44100,22050.0,3.986e-08,0.0,nan,398
11 - Shivu Taralagatti -  Râga rageshrî - jod.flac,44100,22050.0,3.620e-06,0.0,nan,796
05 - Ben Lukas Boysen -  Nox.flac,44100,21000.0,2.739e-07,117.9,nan,804
14 - Giorgos Papasideris & Geórgos Anestópoulos -  Tora to vrady vrady (now that evening has come).flac,44100,22050.0,4.668e-05,0.0,nan,507
23 - Fruko y sus tesos -  Luz en la inmensidad.flac,44100,16750.0,3.998e-09,235.7,nan,833
19 - Piero Umiliani -  Un incontro fatale.flac,44100,19750.0,2.468e-08,513.7,-32.3,658
01 - Guy Skornik -  L'île de Paques.flac,44100,22050.0,1.730e-05,0.0,nan,913
07 - Néry Catineau -  Les amants.flac,44100,19000.0,2.768e-07,825.0,-29.9,748
11 - Ensemble instrumental du Mali -  Malisajo.flac,44100,22050.0,5.083e-07,0.0,nan,610
03 - Koki Nakano -  Supposed to Be a Mistake.flac,44100,22050.0,5.820e-08,0.0,nan,584
10 - Yuliet Topaz -  A miracle.flac,44100,22050.0,7.659e-05,0.0,nan,1000
21 - Blind Alfred Reed & Orville Reed -  You'll miss me.flac,44100,22050.0,1.168e-07,0.0,nan,321
06 - The End of the News.flac,44100,22050.0,4.904e-09,0.0,nan,793
13 - Alice Gastaut & Adrien Antoine -  Je ne peux plus dire je t'aime.flac,44100,22050.0,7.912e-06,0.0,nan,728
12 - Dennis Cruz -  El sueño.flac,44100,20500.0,9.811e-05,117.9,-33.5,920
06 - Allain Bougrain Dubourg & Arno Elias -  Osmyo.flac,44100,22050.0,2.924e-05,0.0,nan,953
11 - Henri Dikongué -  Douala.flac,44100,21000.0,9.518e-07,117.9,nan,431
"03 - Jordi Savall -  Ghizeghem, hayne van - de tous biens plaine.flac",44100,22050.0,6.614e-08,0.0,nan,527
05 - Piero Umiliani -  Panoramica.flac,44100,21250.0,1.584e-08,334.2,nan,596
02 - Dj A -  Piano dream.flac,44100,21750.0,1.293e-04,0.0,nan,967
04 - Anastasios -  Illusion of dreams.flac,44100,21750.0,1.024e-05,141.4,nan,925
Inspiration information vol. 1 - 14 - The Heliocentrics - Anglo ethio suite.flac,44100,21000.0,1.698e-07,235.7,nan,862
19 - BO Oceans - Bruno Coulais -  Etranges créatures.flac,44100,21000.0,9.114e-08,117.9,nan,598
14 Karl Hector & The Malcouns - Transition _B_.flac,44100,22050.0,1.655e-05,0.0,nan,632
06 - Super Boiro Band -  Darinole.flac,44100,22050.0,9.028e-08,0.0,nan,439
05 - Gabor Szabo -  Out of the night.flac,44100,18250.0,1.235e-08,1791.3,nan,760
08 - Saz'iso -  Nënockë.flac,44100,21750.0,3.913e-06,0.0,nan,745
16 - Thione Seck -  Borom keur.flac,44100,22050.0,5.033e-08,0.0,nan,813
25 - Henagar-Union Sacred Harp Convention -  Corinth.flac,44100,22050.0,2.408e-07,0.0,nan,839
05 - Keith Hudson -  Fight your revolution.flac,44100,21500.0,9.432e-09,0.0,nan,683
09 - Roberto Sol -  So awesome.flac,44100,21500.0,1.520e-06,259.3,nan,948
09 - In Stormy Weather.flac,44100,19750.0,8.117e-08,424.9,-34.8,646
Jaiyede afro - 05 - The Heliocentrics - Jaiyede afro.flac,44100,22050.0,5.734e-06,0.0,nan,868
06 - Prodigy -  Wild frontier.flac,44100,20750.0,1.742e-04,117.9,nan,1073
08 - Louise Attaque -  Arrache-moi.flac,44100,22050.0,1.475e-06,0.0,nan,806
02 - Télépopmusik -  Stop running away.flac,44100,21500.0,4.042e-06,117.9,nan,828
03 - Gabor Szabo -  Serena.flac,44100,17000.0,5.638e-08,117.9,nan,858
06 - Fuman Freak -  Minor 9.flac,44100,21250.0,2.543e-06,0.0,nan,860
06 - Toumani Diabate -  Djourou kara nany.flac,44100,22050.0,8.594e-06,0.0,nan,662
11 - Brandy & Juan Pacifico -  Tonton (ft. ntululu).flac,44100,20000.0,1.177e-05,0.0,-63.7,1083
03 - Dim Vach -  In love with a mermaid.flac,44100,22050.0,6.483e-05,0.0,nan,959
03 - Michel Legrand -  Un jour tu verras.flac,44100,20500.0,7.816e-07,117.9,-32.0,708
08 - Henri Dikongué -  Françoise.flac,44100,21250.0,2.774e-05,0.0,nan,893
01 - Michael Viner's Incredible Bongo Band -  Apache.flac,44100,21750.0,6.832e-07,0.0,nan,902
02 - Equiknoxx Music -  The link.flac,44100,20500.0,1.635e-06,0.0,-38.4,813
01 - Mahwash -  Beshnaw az naï (Afghanistan).flac,44100,22050.0,1.847e-05,0.0,nan,776
10 - Guts -  Skunkfunk.flac,44100,22050.0,5.113e-06,0.0,nan,828
07 - Oxmo Puccino -  Toucher l'horizon.flac,44100,22050.0,2.574e-05,0.0,nan,924
05 - R.Wan -  Le papier d'arménie.flac,44100,22050.0,9.690e-05,0.0,nan,952
11 - Thievery Corporation -  Retaliation suite.flac,44100,20750.0,3.287e-05,563.2,nan,889
03 - Kyriakos Sfetsas -  40 steps.flac,44100,21500.0,1.176e-07,259.3,nan,783
02 - Oi Va Voi -  Yesterday's mistakes.flac,44100,22050.0,4.573e-05,0.0,nan,858
06 - Michel Legrand -  La Seine.flac,44100,21000.0,2.649e-06,117.9,nan,902
08 - Ronnie Ong -  Buttons and bows.flac,44100,21750.0,1.204e-06,141.4,nan,957
11 - Queen -  The miracle.flac,44100,20750.0,2.886e-05,117.9,nan,971
15 - Michel Legrand -  Have you met miss jones.flac,44100,20750.0,2.257e-05,0.0,nan,985
14 - Jean Philippe Rameau -  In convertendo (magnificat dominous facere nobiscum).flac,44100,22050.0,1.864e-07,0.0,nan,609
01 - Alice Sara Ott -  I. Preludio.flac,44100,22050.0,6.806e-09,0.0,nan,722
14 - Moondog -  Fleur de lis.flac,44100,22050.0,3.506e-07,0.0,nan,607
22 - Les Bushinengé -  Aleke.flac,44100,16000.0,3.859e-08,0.0,nan,875
04 - Ali Mkali -  Masikini macho yangu.flac,44100,22050.0,6.927e-08,0.0,nan,606
23 - Chet Baker -  Flic ou voyou.flac,44100,22050.0,8.614e-06,0.0,nan,907
07 - Jaipur Kawa Brass Band -  Mera dil hai dilruba.flac,44100,21500.0,1.094e-07,259.3,nan,831
01 - Jacques Dutronc -  Le responsable.flac,44100,20000.0,8.498e-06,117.9,-32.1,974
11 - heRajiKa tracks -  Meguri 巡り.flac,44100,22050.0,1.603e-07,0.0,nan,708
03 - Michel Legrand -  Prelude allegro ben ritmato e deciso.flac,44100,22050.0,4.575e-08,0.0,nan,799
04 - Reverend Edward Clayborn -  Then we'll need that true religion.flac,44100,22050.0,2.462e-05,0.0,nan,456
10 - Eric Fernandez -  Cada dia.flac,44100,22050.0,4.085e-05,0.0,nan,929
11 - Joe Gibbs & The Professionals -  Crucial attempt.flac,44100,21250.0,8.232e-06,117.9,nan,785
08 - Papa Wemba -  Bukawu dawa.flac,44100,22050.0,3.601e-05,0.0,nan,981
02 - Abdel Gadir Salim -  Umri ma bansa (Soudan).flac,44100,20750.0,2.679e-05,0.0,nan,862
05 - Bergembira (Have Fun).flac,44100,22050.0,1.114e-06,0.0,nan,444
17 - Crystal Castles -  Trash hologram.flac,44100,21500.0,2.031e-06,259.3,nan,733
04 - Tor -  Gaze the eyes.flac,44100,19500.0,9.070e-06,0.0,-48.9,958
02 - Nawal -  Al djalilu.flac,44100,22050.0,2.610e-05,0.0,nan,909
03- Buribalal.flac,44100,22050.0,1.288e-06,0.0,nan,787
10 - The Apagya Show Band -  Kwaku ananse.flac,44100,18750.0,1.021e-06,353.6,-40.1,582
06 - Ame Strong -  Tout est bleu (original âme strong s.a. remix).flac,44100,20250.0,5.363e-06,117.9,-40.8,938
17 - Michel Legrand -  Little boy lost (Sarah Vaughan).flac,44100,20750.0,1.725e-05,0.0,nan,980
08 - chava alberstein - hasheina hi metuka (sleep is sweet).flac,44100,22050.0,1.520e-06,0.0,nan,693
03 - Abel Korzeniowski -  Revolving door.flac,44100,21000.0,1.047e-07,0.0,nan,556
01 - Alias -  New to a few.flac,44100,22050.0,5.567e-05,0.0,nan,954
09 - Taos Amrouche -  Chant de danse (o mali).flac,44100,21750.0,4.214e-08,0.0,nan,561
17 - Unknown Artist -  The nation of prairies.flac,44100,22050.0,5.292e-06,0.0,nan,993
06 - Ozine -  El hub (featuring janis neslot-frossard).flac,44100,20500.0,9.279e-05,0.0,-47.5,987
04 - Ayub Ogada -  Otenga.flac,44100,21750.0,2.049e-07,141.4,nan,678
04 - Kat Onoma -  La chambre.flac,44100,21500.0,1.637e-06,259.3,nan,719
10 - Télépopmusik -  Trishika.flac,44100,21500.0,1.055e-05,224.8,nan,889
01 - Tilé.flac,44100,22050.0,1.217e-05,0.0,nan,969
05 - Heinrich Schütz -  Cosi morir debb'io.flac,44100,20750.0,1.817e-07,612.8,nan,563
22 - Michel Legrand -  1964.flac,44100,22050.0,2.880e-06,0.0,nan,1011
13 - Nouvelle Vedette Feat. Fleur Sanderson -  With you.flac,44100,16000.0,1.310e-08,0.0,nan,858
02 - Moondog -  Perpetual motion.flac,44100,22050.0,5.913e-07,0.0,nan,451
06 - Ennemond Gaultier -  Suite en d.la. ré mineur vi. courante.flac,44100,21250.0,4.374e-07,117.9,nan,617
07 - Giovanni Battista Pergolèse -  Staba mater (staba mater dolorosa).flac,44100,22050.0,5.270e-07,0.0,nan,596
04 - Alibert -  Vous avez l'éclat de la rose.flac,44100,20500.0,1.605e-08,117.9,-37.9,437
09 - Sheila -  La voiture.flac,44100,20750.0,2.113e-05,117.9,nan,973
09 - Thione Seck -  Mouhahibou (sacred text).flac,44100,21250.0,4.467e-06,0.0,nan,926
03 - Alice Sara Ott -  III. Paysage.flac,44100,22050.0,2.757e-08,0.0,nan,379
10 - Jordi Savall -  Paxarico tu te llamas.flac,44100,20750.0,2.374e-06,612.8,nan,644
01 - Sima Bina -  Allah mazâré ou le rêve du printemps.flac,44100,20750.0,5.239e-06,117.9,nan,881
"09 - Moussu T e lei jovents -  Quand je la vois, je fonds.flac",44100,22050.0,8.831e-05,0.0,nan,988
13 - Betty Sinclaire -  Why why why.flac,44100,18500.0,7.318e-07,117.9,nan,466
09 - Marisa Anderson -  Singing in many voices.flac,44100,22050.0,1.765e-07,0.0,nan,573
06 - Yelemba d'Abidjan -  Didadi.flac,44100,21000.0,2.627e-07,0.0,nan,728
14 - Michael Viner's Incredible Bongo Band -  Pipeline.flac,44100,21750.0,1.995e-07,141.4,nan,808
12 - Yann Tiersen -  Le vieux en veut encore.flac,44100,22050.0,2.763e-08,0.0,nan,614
03 - Mahlathini -  Sibuyile (we are back).flac,44100,20250.0,1.274e-05,117.9,-55.1,855
33 - Honny and the Bees Band -  Sisi mbon.flac,44100,18250.0,1.520e-07,424.9,nan,511
04 - Rodion G.A. -  Citadela.flac,44100,22050.0,7.775e-08,0.0,nan,810
04 - Jose Soland -  Beautiful fields.flac,44100,20000.0,9.399e-05,117.9,-58.0,923
05 - Hanny -  Tu me quieres pa bien.flac,44100,20750.0,3.688e-06,532.8,nan,933
02 - P. Tserendorj -  Eeven golyn ursgal.flac,44100,22050.0,3.737e-07,0.0,nan,577
02 - Richard Pinhas -  Ikebukuro  tout le monde descend !.flac,44100,22050.0,2.058e-06,0.0,nan,987
02 - heRajiKa tracks -  Hu-getsu 風月.flac,44100,21500.0,1.544e-06,117.9,nan,782
01 - The Streets -  Turn the page.flac,44100,21000.0,2.718e-06,495.0,nan,925
09 - Dub Colossus -  Neh yelginete.flac,44100,22050.0,2.708e-05,0.0,nan,868
12 - Asian Heart -  Compassionate buddha.flac,44100,22050.0,1.406e-04,0.0,nan,902
06 - Koru -  Closer.flac,44100,21750.0,2.116e-04,141.4,nan,920
09 - Roger Molls -  Mc's and blood stains (featuring wrath).flac,44100,20000.0,1.485e-05,117.9,-42.3,932
10 - Les tambours de Brazza -  Tarame.flac,44100,22050.0,2.023e-05,0.0,nan,1022
04 - Robert le Magnifique -  Bad'z pixel.flac,44100,21750.0,7.539e-06,141.4,nan,868
14 - Luke Howard -  The ends.flac,44100,22050.0,7.317e-07,0.0,nan,590
18 - Jordi Savall -  Foliada don alfonso.flac,44100,22050.0,1.677e-06,0.0,nan,781
02 - Blackboxx -  Emrld.flac,44100,19750.0,1.078e-05,117.9,-52.7,869
05 - Michel Legrand -  Chez Dubourg (les parapluies de Cherbourg).flac,44100,20750.0,1.544e-06,612.8,nan,823
12 - Family Atlantica -  Blue atlantic.flac,44100,22050.0,3.226e-07,0.0,nan,830
08 - Nicoletta -  Ou es‐tu passé mon saint‐germain‐des‐prés.flac,44100,20000.0,5.279e-06,471.4,-27.2,910
09 - Dolly Rathebe -  Kitty's blues.flac,44100,22050.0,1.370e-08,0.0,nan,556
02 - Jordi Savall -  Levantose el conde nino (salonica).flac,44100,22050.0,5.634e-07,0.0,nan,592
14 - Rorschack -  Marisol.flac,44100,21500.0,5.742e-06,259.3,nan,826
07 - BBC -  Ngozi.flac,44100,22050.0,7.657e-04,0.0,nan,976
14 - Arno Alyvan & Alain Damasio -  Soyez indulgents envers les rafales.flac,44100,22050.0,2.055e-05,0.0,nan,633
01 - Yombe Ethnic Groups -  Kambanu papa nkuanga.flac,44100,22050.0,2.847e-08,0.0,nan,583
04 - Wassim Younes -  Guftogoo.flac,44100,16750.0,3.443e-08,0.0,nan,677
05 - Waed Bouhassoun -  Asmahan.flac,44100,21750.0,5.811e-07,141.4,nan,615
01 - Georges Delerue -  Hymne à la liberté - interprété par Jessye Norman.flac,44100,22050.0,1.325e-07,0.0,nan,735
04 - Djelimady rumba.flac,44100,22050.0,4.171e-07,0.0,nan,761
"02 - Jordi Savall -  Pisador, diego - romance de abindarráez la mañana de san juan.flac",44100,18750.0,5.790e-07,540.1,-45.0,676
10 - Thione Seck -  Djirim (the orphan).flac,44100,21500.0,1.410e-04,0.0,nan,1002
12 - Biber -  Turta.flac,44100,22050.0,8.431e-05,0.0,nan,1048
11 - Sébastien Tellier -  Un narco en été.flac,44100,22050.0,2.285e-05,0.0,nan,775
07 - Bob Marley -  Road block (dub).flac,44100,21000.0,1.545e-06,117.9,nan,660
09 - Nick Lucas -  If you hadn't gone away.flac,44100,22050.0,6.404e-05,0.0,nan,481
02 - Parov Stelar -  Milla's dream.flac,44100,22050.0,4.436e-05,0.0,nan,1099
01 Kheng 1.flac,44100,22050.0,1.904e-06,0.0,nan,918
13 - Willie Hightower -  Ooh baby how i love you.flac,44100,22050.0,1.231e-05,0.0,nan,724
10 - Blind Benny Paris & Wife -  Hide me in the blood of jesus.flac,44100,22050.0,4.709e-08,0.0,nan,429
06 - Thu Zahina -  Est ce que olingi ngai.flac,44100,22050.0,2.395e-08,0.0,nan,724
07 - Tonganyana Orelio Kowano -  Eliza buya.flac,44100,22050.0,4.389e-07,0.0,nan,685
76 - DJ Volkan Uca -  Santorini.flac,44100,19250.0,4.883e-07,0.0,-54.0,881
05 - The new law -  Constellations.flac,44100,21000.0,3.393e-06,204.1,nan,962
02 - Trafik -  Perfume suite (main album mix).flac,44100,20750.0,2.472e-05,204.1,nan,815
11 - Nicolas Comment -  La chambre de Sexie.flac,44100,18500.0,4.975e-07,1080.1,nan,714
05 - Moondog -  Fujiyama 1 (instr.).flac,44100,21000.0,1.305e-07,495.0,nan,561
02 - Zawaj El Yamam.flac,44100,21250.0,6.786e-06,377.1,nan,768
07 - Al'Tarba -  Good morning rain.flac,44100,22050.0,5.096e-08,0.0,nan,803
"22 - François Couperin -  Agnus dei. plain-chant de l’agnus dei, en basse et en taille alternativement.flac",44100,22050.0,1.712e-08,0.0,nan,649
02 - Last Minister -  Feel free.flac,44100,22050.0,1.741e-04,0.0,nan,908
03 - Alan Lomax -  Son house  walking blues.flac,44100,22050.0,2.432e-06,0.0,nan,479
08 - Port-Royal -  Balding generation (losing hair as we lose hope).flac,44100,21500.0,6.428e-06,259.3,nan,996
10 - Prum Manh - Two Wives are Twice the Problem.flac,44100,22050.0,1.396e-08,0.0,nan,742
15 - Patrick Bylebyl & Olivier Frossard -  Overcloud.flac,44100,22050.0,7.297e-06,0.0,nan,765
11 - Java -  Danser.flac,44100,20750.0,6.426e-05,117.9,nan,902
16 - François Couperin -  Alleluia.flac,44100,22050.0,2.311e-08,0.0,nan,522
10 - Snow Ghosts -  Drought.flac,44100,21750.0,5.493e-05,141.4,nan,979
24 - André Brasseur -  Atlantide.flac,44100,18000.0,2.100e-07,1693.3,nan,973
01 - I.D -  Phunky phone.flac,44100,22050.0,1.776e-05,0.0,nan,843
09 - heRajiKa tracks -  Memory lane 記憶.flac,44100,22050.0,2.149e-04,0.0,nan,893
17 - Silly Tune -  Cyberdream (radio edit).flac,44100,21000.0,2.375e-05,0.0,nan,887
06 - Jaga Jazzist -  Low battery.flac,44100,21500.0,2.088e-07,117.9,nan,759
"16 - Jordi Savall -  Encina, juan del - (cancionero de palacio) - romance ¿qu'es de ti, desconsolado .flac",44100,20750.0,4.921e-07,0.0,nan,643
09 - Georges Delerue -  La mort de Gabrielle.flac,44100,22050.0,4.189e-07,0.0,nan,557
12 - Arizona Dranes -  Crucifixion.flac,44100,22050.0,3.821e-08,0.0,nan,387
10 - Los mirlos -  Muchachita del oriente.flac,44100,20250.0,2.406e-07,204.1,-42.9,883
04 - Plaid -  Hawkmoth.flac,44100,22050.0,5.476e-04,0.0,nan,810
09 - Sigur Rós -  Fall.flac,44100,20000.0,6.129e-08,424.9,-33.7,592
01 - Oumou Dioubaté -  Bimolou.flac,44100,20750.0,4.696e-04,0.0,nan,952
17 - Zane and Hugh Campbell -  Stolen love.flac,44100,22050.0,1.129e-06,0.0,nan,828
07 - Marie Davidson & L'Œil Nu -  Renegade breakdown.flac,44100,20000.0,4.088e-05,311.8,-62.1,1060
15 - Nu Yurican Soul -  The nervous track.flac,44100,21250.0,2.974e-05,117.9,nan,844
05 - The Joe Cuba Sextet -  Madness pt 1.flac,44100,22050.0,1.363e-06,0.0,nan,939
10 - Prodigy -  Roadblox.flac,44100,20750.0,3.837e-07,563.2,nan,1031
14 - Pensees -  She (cdm edit).flac,44100,21000.0,3.251e-08,495.0,nan,574
12 - N. Naranbadrakh -  Arvan tavny sar.flac,44100,16000.0,2.070e-07,2852.0,nan,812
02 - Money be no sand - Charles Iwegbue & His Archibogs -  Hold me tight baby.flac,44100,22050.0,3.954e-07,0.0,nan,362
14 - BO Microcosmos - Bruno Coulais -  La fin du rêve.flac,44100,21000.0,4.916e-07,495.0,nan,663
08 - Stelvio Cipriani -  Libidine - seq. 6.flac,44100,19750.0,2.587e-06,117.9,-55.4,764
07 - Para One -  Love ave.flac,44100,22050.0,5.133e-05,0.0,nan,899
07 - Sigur Rós -  Gold.flac,44100,21000.0,3.472e-07,0.0,nan,785
04 - The new law -  Voyage.flac,44100,21500.0,2.542e-04,0.0,nan,948
01 - Jo Manji -  Beyond the sunset.flac,44100,22050.0,1.971e-05,0.0,nan,769
"07 - The good, the bad & the queen -  The bunting song.flac",44100,21750.0,3.308e-06,141.4,nan,860
03 - Moussu T e lei jovents -  Je t'aime.flac,44100,20750.0,9.556e-05,0.0,nan,952
19 - Piéces de luth du vieux Gaultier - Ennemond Gaultier -  Suite en a.mi. la majeur v. sarabande.flac,44100,21500.0,2.993e-07,0.0,nan,573
05 - Joe Gibbs & The Professionals -  Lime key rock.flac,44100,20750.0,1.740e-06,0.0,nan,791
"04 - Jordi Savall -  Dinos, madre del donsel (villancico).flac",44100,22050.0,8.521e-07,0.0,nan,647
07 - Flo Morrissey & Matthew E. White -  Everybody loves the sunshine.flac,44100,21250.0,6.680e-06,334.2,nan,865
03 - Confrérie Ali Amani -  Wadhwifa wa Shadhuli.flac,44100,21750.0,4.831e-06,0.0,nan,824
"01 - Bo Carter -  Baby, how can it be.flac",44100,22050.0,9.170e-09,0.0,nan,260
86 - Roni Iron -  As erxosoun gia ligo.flac,44100,19250.0,3.545e-06,235.7,-41.7,814
04 - Ali Kuru -  Imkansiz kal.flac,44100,22050.0,1.942e-07,0.0,nan,872
09 - Where Your Mark Remains.flac,44100,21000.0,1.421e-06,441.6,nan,750
04 - Girma Bèyènè & Akalé Wubé -  Enkèn yèlélèbesh.flac,44100,22050.0,1.734e-05,0.0,nan,913
04 - Jordi Savall -  Concert viii la conférence (ballet).flac,44100,22050.0,1.791e-06,0.0,nan,702
Ave Africa  The complete recordings 1973-1976 - 02 - Sunburst - Ukuti ukuti.flac,44100,22050.0,2.370e-07,0.0,nan,736
11 - Moussu T e lei jovents -  Si j'allais en prison....flac,44100,22050.0,1.104e-04,0.0,nan,1024
12 - François Couperin -  Gloria 'qui tollis' (tierce en taille).flac,44100,22050.0,1.619e-08,0.0,nan,512
13 - Wax Tailor -  Like an hourglass.flac,44100,21250.0,1.891e-06,0.0,nan,833
05 - Calvary Bells Supreme Christian Singers -  Atamfo na maye no dienben.flac,44100,22050.0,2.487e-05,0.0,nan,906
02 - Baba Sissoko -  Oscarine.flac,44100,21500.0,1.248e-06,117.9,nan,612
08 - George Bruns -  Nice melody.flac,44100,22050.0,8.744e-07,0.0,nan,520
06 - Meridian Brothers -  Soy el pinchadiscos del amor.flac,44100,22050.0,7.917e-09,0.0,nan,709
03 - Ben Onono -  Tatouage bleu (avec chet).flac,44100,20750.0,5.622e-05,0.0,nan,816
21 - Michel Legrand -  Musique inédite pour le cercle rouge - bossa de la nuit.flac,44100,20750.0,1.010e-06,0.0,nan,741
10- El hombre que yo ame (The man I love).flac,44100,22050.0,9.088e-07,0.0,nan,807
02 - Lio -  Sage comme une image.flac,44100,22050.0,1.048e-04,0.0,nan,986
07 - Sugar House Feat. Marieke Meijer -  Desire.flac,44100,21500.0,9.194e-05,117.9,nan,983
01 - Jordi Savall -  Milanes - dexa aljava.flac,44100,19250.0,7.199e-07,589.3,-33.1,637
02 - Gabor Szabo -  Magic mystic faces.flac,96000,48000.0,2.121e-06,0.0,nan,1402
25 - Michel Legrand -  Perfidia.flac,44100,17750.0,2.893e-07,1585.5,nan,961
"08 - Jordi Savall -  Ii. gloria in gloria dei patris. allegro, ma non troppo e ben marcato.flac",44100,22050.0,6.503e-07,0.0,nan,834
08 - Les tambours de Brazza -  Mama ngoudi.flac,44100,22050.0,1.416e-04,0.0,nan,1056
08 - Eden Ahbez -  Market place.flac,44100,22050.0,3.879e-06,0.0,nan,835
10 - Biriya (Rythmes du Mandingue).flac,44100,21000.0,1.800e-04,0.0,nan,982
09 - Rellys -  L'amour est à tout le monde.flac,44100,22050.0,2.352e-09,0.0,nan,268
11 - 4 Mars -  Abaal (gratitude).flac,44100,22050.0,6.221e-07,0.0,nan,857
14 - Buzy -  Dyslexique.flac,44100,22050.0,5.889e-05,0.0,nan,1024
07 - Phoenix -  Too young.flac,44100,21500.0,2.143e-04,0.0,nan,990
04 - Kohi Jadu.flac,44100,22050.0,5.555e-07,0.0,nan,782
03 - Moussu T e lei jovents -  Artemis.flac,44100,22050.0,4.741e-05,0.0,nan,939
12 - Lions 2000 Stringband & Bob Brozman -  Karanas leva.flac,44100,22050.0,1.226e-05,0.0,nan,1016
08 - Charles -  Mother father sister brother.flac,44100,20000.0,9.063e-06,204.1,-53.7,885
04 - Waed Bouhassoun -  Ilahi saba tesbih.flac,44100,21750.0,5.468e-07,141.4,nan,576
Ave Africa  The complete recordings 1973-1976 - 17 - Sunburst - Kosa langu mpenzi.flac,44100,22050.0,6.164e-08,0.0,nan,564
03 - Frank Penn -  Gimme some skin.flac,44100,22050.0,1.809e-06,0.0,nan,857
21 - La banda de la boquilla -  La rochela.flac,44100,19500.0,1.289e-07,0.0,-52.1,857
05 - Sébastien Tellier -  La ritournelle.flac,44100,21750.0,2.817e-05,141.4,nan,890
13 - Deacon Tommy Tookes and Congregation -  The lord is risen.flac,44100,22050.0,6.953e-07,0.0,nan,868
10 - Djiki.flac,44100,21000.0,2.176e-06,235.7,nan,753
04 - Jaga Jazzist -  Suomi finland.flac,44100,19500.0,5.056e-07,353.6,-3.7,819
02 - Family Atlantica -  Enjera.flac,44100,22050.0,8.500e-06,0.0,nan,1004
14 - Jade Or -  Opium.flac,44100,21750.0,7.946e-06,141.4,nan,850
"18 - Michel Legrand -  His eyes, her eyes.flac",44100,21000.0,5.941e-06,117.9,nan,938
05 - Soulalchemy -  Party time.flac,44100,22050.0,5.780e-05,0.0,nan,908
04- Mariposita de primavera.flac,44100,22050.0,1.101e-05,0.0,nan,739
09 - Rey & Kjavïk -  Habasa.flac,44100,19000.0,1.812e-06,408.2,-50.2,757
15 - Estil C. Ball -  The poor wayfaring stranger.flac,44100,22050.0,9.199e-07,0.0,nan,751
11 - Tor -  Hemp.flac,44100,19500.0,1.002e-05,0.0,-50.4,1000
15 - Gharbi Sadok & Georges Garzia -  Lala tibki.flac,44100,22050.0,2.276e-06,0.0,nan,890
09 - Kow Otani -  The end of the battle.flac,44100,22050.0,8.013e-08,0.0,nan,673
12 - Bag-o-wire -  Creeper.flac,44100,21750.0,2.726e-06,0.0,nan,452
08 - Juguya.flac,44100,22050.0,4.201e-05,0.0,nan,966
19 - Broadway Bell Hops -  Wimmin aaah.flac,44100,22050.0,3.967e-10,0.0,nan,287
04 - BO 2001  A space odyssey - Johann Strauss -  An der schönen blauen donau (excerpt).flac,44100,20250.0,7.995e-08,753.1,-19.3,627
02 - The Action 13 -  More bread to the people.flac,44100,19500.0,4.631e-06,1202.1,-43.2,510
"08 - Waed Bouhassoun -  Al chrougui, al hejaïni.flac",44100,21500.0,5.594e-07,259.3,nan,648
07 - Everybody Loves The Sunshine.flac,44100,21750.0,7.874e-05,141.4,nan,861
05 - Kehendak (Will).flac,44100,22050.0,3.943e-06,0.0,nan,810
13 - Mother McCollum -  Jesus is my air-o-plane.flac,44100,22050.0,8.412e-06,0.0,nan,507
09 - Ver Viads -  Crazy ivan.flac,44100,21000.0,7.861e-05,117.9,nan,941
"07 - Baïlo Barry, Alhadji Tanbin -  Yâdou.flac",44100,22050.0,8.635e-07,0.0,nan,525
05 - Tikalama.flac,44100,22050.0,2.097e-06,0.0,nan,725
01 - Deep & Wide -  Seven seas.flac,44100,22050.0,7.167e-07,0.0,nan,677
28 - Dr. K. Gyasi & His Noble Kings -  Noble kings (yako aba).flac,44100,15500.0,4.451e-09,772.8,nan,780
08 - Aly Keïta -  Lanaya.flac,44100,22050.0,4.512e-07,0.0,nan,681
04 - The Semi Colon -  Isi agboncha.flac,44100,18750.0,5.706e-07,0.0,-62.4,833
06 - Biz -  Falling (sun airplay mix).flac,44100,21750.0,1.889e-05,141.4,nan,899
04 - Mahmoud Ahmed -  Eyèw demamu.flac,44100,22050.0,8.984e-08,0.0,nan,772
04 - Ahmed Malek -  Bossa.flac,44100,17250.0,1.191e-07,0.0,nan,800
05 - Ez3kiel -  Phantom land.flac,44100,22050.0,5.136e-05,0.0,nan,816
28 - Liberdade -  Otra vida.flac,44100,17500.0,9.340e-08,117.9,nan,753
20 - Los Bestiales -  Yolanda.flac,44100,20750.0,7.922e-05,0.0,nan,958
03 - Gelka Feat. Phoenix Pearle -  Being you.flac,44100,20250.0,3.778e-05,204.1,-41.4,834
02 - Girma Bèyènè & Akalé Wubé -  Ené nègn bay manèsh.flac,44100,22050.0,4.678e-05,0.0,nan,908
15 - Lontjeng Jang Kentijl.flac,44100,22050.0,1.950e-07,0.0,nan,416
11 - Rudhaman -  Balafon.flac,44100,19250.0,1.510e-05,117.9,-36.8,908
02 - Memory Tapes -  Bicycle.flac,44100,22050.0,1.403e-05,0.0,nan,914
12 - A band of buriers -  Revue.flac,44100,22050.0,2.046e-05,0.0,nan,731
11 - Park Kwi-Hŭi -  Honamga; gayageum-byeongchang.flac,44100,22050.0,1.266e-06,0.0,nan,779
11 - Ernest V. Stoneman's Dixie Mountaineers -  There's a light lit up in galilee.flac,44100,22050.0,9.708e-09,0.0,nan,415
10 - Arno Alyvan & Alain Damasio -  Alticcio.flac,44100,22050.0,5.165e-07,0.0,nan,757
03 - Various Artists -  Ty ba hanh.flac,44100,22050.0,7.000e-06,0.0,nan,601
01 - AFRICAN ISLANDS Baco -  Bwana.flac,44100,21250.0,2.234e-05,235.7,nan,954
01- siempre con swing (intro).flac,44100,22050.0,7.882e-04,0.0,nan,759
02 - Queen -  Another one bites the dust.flac,44100,20750.0,5.613e-05,117.9,nan,873
Omar Souleyman - 0103 - Lansob Sherek (I Will Make A Trap).flac,44100,22050.0,4.945e-04,0.0,nan,900
39 - Kow Otani -  Marshlands (bonus track).flac,44100,22050.0,1.776e-06,0.0,nan,723
07 - Sigur Rós -  Untitled #7 (dauðalagið).flac,44100,22050.0,8.114e-07,0.0,nan,794
12 - Npo It Npo It Janeel Goor.flac,44100,22050.0,2.598e-05,0.0,nan,868
02 - Mah Damba -  Koulan kouman.flac,44100,20500.0,8.423e-06,117.9,-42.3,857
11 - Masasu Band -  Uwaume wa bufuba.flac,44100,22050.0,1.685e-07,0.0,nan,815
10 - Trumpet Thing -  Far away.flac,44100,21500.0,2.019e-05,117.9,nan,913
03 - Amanaska -  Fracture.flac,44100,22050.0,8.011e-06,0.0,nan,935
26 - Kerja Kami (Our Work).flac,44100,22050.0,1.406e-06,0.0,nan,465
08 - Boubacar Traoré  -  Narena.flac,44100,20500.0,8.469e-07,235.7,-23.7,765
07 - Elfenberg -  Gilgamesh (timboletti remix).flac,44100,19500.0,3.352e-06,540.1,-60.0,791
03 - Gaye Su Akyol -  Laziko.flac,44100,19250.0,1.736e-06,0.0,-60.5,926
"12 - Michel Legrand -  Paris, je t'aime.flac",44100,20500.0,2.580e-05,235.7,-49.5,1226
03 - Carlos Ramos -  Torre de belem (the tower of belem).flac,44100,22050.0,2.207e-05,0.0,nan,457
07 - Bob Marley -  Pimper's paradise.flac,44100,22050.0,2.966e-04,0.0,nan,1064
02 - Angus & Julia Stone -  Black crow.flac,44100,21500.0,6.002e-05,117.9,nan,940
14 - Stefano Saletti & Piccola Banda Ikona -  Tagama.flac,44100,20500.0,2.366e-05,117.9,-38.8,979
"05 - Lemma, Souad Asla -  A Lalla Y'a Lalla.flac",44100,21250.0,1.878e-04,0.0,nan,979
06 - Jane Birkin -  Vie mort et resurrection d' un amour passion.flac,44100,19500.0,6.867e-06,117.9,-2.7,628
03 - Keleya.flac,44100,22050.0,8.593e-08,0.0,nan,456
15 - Bamboma Ethnic Groups -  To accompany the chief on a trip.flac,44100,22050.0,1.268e-07,0.0,nan,687
"03 - Ketama, Toumani Diabate, Danny Thompson -  Caramelo.flac",44100,22050.0,6.622e-05,0.0,nan,798
15 - Michel Legrand -  Chanson de Solange.flac,44100,21000.0,1.944e-05,0.0,nan,1059
10 - Musa Eroglu & Arif Sag -  Mêhriben.flac,44100,22050.0,7.108e-06,0.0,nan,844
07 - Penguin Cafe -  Solaris.flac,44100,21750.0,3.036e-06,0.0,nan,764
05 - BKO Quintet -  Djelike.flac,44100,21250.0,1.054e-05,0.0,nan,806
01 - Henri Dikongué -  Ndutu.flac,44100,20750.0,1.096e-06,117.9,nan,685
01 - Oumar Konaté -  Addoh.flac,44100,22050.0,1.410e-04,0.0,nan,798
05 - Mandalay -  Beautiful (7' canny mix).flac,44100,20750.0,1.037e-04,235.7,nan,900
05 - J.T. Adams -  Red river blues.flac,44100,22050.0,3.732e-07,0.0,nan,567
12 - Seven Gallon Jug Band -  Wipe 'em off.flac,44100,22050.0,1.651e-05,0.0,nan,461
09 - Ablaye Cissoko -  Sakhadougou.flac,44100,20250.0,3.870e-08,848.5,-6.9,643
14 - Piero Umiliani -  Pelle di luna.flac,44100,22050.0,2.605e-08,0.0,nan,584
10 - Jaga Jazzist -  Cinematic.flac,44100,21750.0,2.173e-07,141.4,nan,616
15 - Georgio -  Infini.flac,44100,20750.0,8.378e-06,235.7,nan,945
13 - Bliss -  Long life to you my friend (christophe goze remix).flac,44100,22050.0,3.549e-04,0.0,nan,991
01 - Sébastien Tellier -  La ballade du georges.flac,44100,22050.0,2.153e-05,0.0,nan,862
03 - Sam Sever -  What's that sound.flac,44100,21250.0,1.692e-07,117.9,nan,733
02 - Pressure Drop -  Writing on the wall.flac,44100,19750.0,3.007e-06,849.8,-34.2,828
05 - Moby -  Next is the e.flac,44100,22050.0,3.736e-04,0.0,nan,1025
04 - Jordi Savall -  Hodie mecum eris in paradiso.flac,44100,21250.0,9.439e-06,0.0,nan,590
06 - Moussu T e lei jovents -  Les 40 heures.flac,44100,20750.0,1.342e-05,0.0,nan,932
06 - Glender -  Echoes.flac,44100,22050.0,1.329e-05,0.0,nan,967
03 - Mayra Andrade -  Seu.flac,44100,21750.0,9.073e-07,141.4,nan,752
01 - Papa Wemba -  Mére supérieure.flac,44100,22050.0,7.809e-08,0.0,nan,765
23 - Michel Legrand -  Ciné qui chante (Trois places pour le 26) (Yves Montand).flac,44100,20500.0,7.479e-05,0.0,-44.1,996
04 - Valentin Huedo & Atfunk -  Until the sun goes down.flac,44100,21750.0,2.163e-05,141.4,nan,868
10 - Robert le Magnifique -  Hamlet#3 - le théâtre est l'endroit où je prendrai la conscience du roi.flac,44100,22050.0,3.302e-06,0.0,nan,687
07 - Oumar Konaté -  Ma cherie.flac,44100,22050.0,9.080e-05,0.0,nan,862
19 - Nico -  Strip tease.flac,44100,22050.0,6.128e-06,0.0,nan,932
07 - Star Band -  Simbonbon.flac,44100,22050.0,9.993e-08,0.0,nan,425
11 - Lento -  Stop.flac,44100,22050.0,1.563e-04,0.0,nan,958
12 - Conjunto Casino -  Mambo gallego.flac,44100,22050.0,9.590e-07,0.0,nan,849
03 - Ska-P -  Como me pongo.flac,44100,22050.0,3.752e-05,0.0,nan,987
06 - Fluida Ft. Ahmed Sosso -  First nations drums.flac,44100,21000.0,3.532e-06,117.9,nan,939
05. Khurmo Shirinova - Paidot Kardam (Found a Sweetheart).flac,44100,20750.0,6.141e-07,117.9,nan,795
12 - Michel Legrand -  Eva - the wedding.flac,44100,21000.0,3.660e-07,0.0,nan,838
110 - Paji -  Six o clock.flac,44100,16500.0,1.322e-06,0.0,nan,825
05 - Diabou Seck -  Fall amadou abdoulaye.flac,44100,22050.0,2.190e-07,0.0,nan,684
11 - Joe King Kologbo & His Black Sound -  Another man's thing.flac,44100,20500.0,1.243e-05,424.9,-44.1,949
08 - Camayenne Sofa -  Tara.flac,44100,22050.0,1.232e-07,0.0,nan,379
20 - Unknown Artist -  Beautiful lhassa.flac,44100,22050.0,5.738e-06,0.0,nan,959
12 - Degiheugi -  Loneliness is... always around.flac,44100,18000.0,4.719e-08,0.0,nan,800
11 - Music On Canvas feat. Tabitha -  Upside down.flac,44100,22050.0,3.580e-05,0.0,nan,897
14 - William Sheller -  Petit comme un caillou.flac,44100,19500.0,1.533e-06,707.1,-17.1,600
18 - Bob Marley -  Lively up yourself.flac,44100,22050.0,8.962e-06,0.0,nan,991
11 - Pravana -  Uluwatu (amanaska remix).flac,44100,22050.0,7.378e-06,0.0,nan,873
09 - Bedouin -  Straight to the heart.flac,44100,15250.0,5.804e-10,311.8,nan,840
01 - Jordi Savall -  Canticum in honorem beatae virginis mariae h. 400.flac,44100,22050.0,4.302e-07,0.0,nan,600
12 - Crystal Castles -  Love and caring.flac,44100,20750.0,2.176e-05,117.9,nan,888
09. Alin.flac,44100,21500.0,1.349e-05,0.0,nan,779
11 - Sixtoo -  Transient control.flac,44100,21250.0,2.392e-05,0.0,nan,841
01 - Ratnabali -  Breeze (baul dimension and murphy remix).flac,44100,22050.0,1.549e-05,0.0,nan,921
02 - Bahramji & Mahmoos Schriker -  Lonely city (radio edit).flac,44100,19750.0,2.827e-06,117.9,-45.5,875
20 - Paddy Steer -  Loufoque.flac,44100,21500.0,4.156e-05,0.0,nan,930
06 - Melodians Steel Orchestra - Cracklin' Rose.flac,44100,22050.0,2.734e-05,0.0,nan,829
13 - Angus & Julia Stone -  Crash + burn.flac,44100,22050.0,1.205e-06,0.0,nan,861
11 - Amr Diab -  Weghlawtac.flac,44100,21500.0,8.985e-05,259.3,nan,980
10 - Henri Dikongué -  Missodi.flac,44100,20750.0,5.221e-06,117.9,nan,744
05 - Skúli Sverrisson -  Móðir.flac,44100,22050.0,4.090e-07,0.0,nan,740
10 - Michel Legrand -  Nuages.flac,44100,22050.0,1.568e-06,0.0,nan,898
14 - Moondog -  Organ rounds.flac,44100,22050.0,1.934e-06,0.0,nan,512
11 - Angus & Julia Stone -  Mango tree.flac,44100,21000.0,1.532e-05,0.0,nan,756
01 - Armen Miran -  Precious story.flac,44100,16750.0,1.913e-08,0.0,nan,847
"08 - Yehudi Menhuin, Camera Lysy Gstaad -  L'hiver des 4 saisons.flac",44100,22050.0,3.036e-06,0.0,nan,726
12 - Victor Uwaifo -  Ebibi (ekassa 28).flac,44100,21000.0,2.879e-05,235.7,nan,908
11 - Jordi Savall -  Concert xli le retour (en menuet).flac,44100,22050.0,4.855e-06,0.0,nan,688
23 - Jordi Savall -  V. agnus dei agnus dei. adagio.flac,44100,22050.0,2.322e-07,0.0,nan,545
03 - Pivi & les Balladins -  Samba.flac,44100,22050.0,2.915e-06,0.0,nan,502
06 Paulo Moura E Os Batutas - Ainda Me Recordo.flac,44100,21500.0,9.964e-07,259.3,nan,825
08 - Etoile de Dakar -  Sama guenth-gui.flac,44100,22050.0,3.126e-07,0.0,nan,822
"Alefa Madagascar ! Salegy, soukous & soul from the red island 1974-1984 - 15 - Michaël - Razana tsy ho meloko.flac",44100,22050.0,2.872e-07,0.0,nan,719
13 - Jean Philippe Rameau -  In convertendo (tunc repletum est gaudio facere vobiscum).flac,44100,22050.0,5.282e-07,0.0,nan,714
13 - African Jazz & Nico -  Kayi kayi.flac,44100,22050.0,2.080e-07,0.0,nan,765
09 - Carolina Buddies -  He went in like a lion (but came out like a lamb).flac,44100,22050.0,2.631e-09,0.0,nan,272
"01 - Tomaso Giovanni Albinoni -  Concerto à cinque for oboe and strings in b-flat major, op. 911 i. allegro.flac",44100,22050.0,1.459e-06,0.0,nan,763
14 - Newt Tolman -  Pigtown fling.flac,44100,22050.0,7.772e-07,0.0,nan,603
11 - Patrizia Bulgari E Il Cenacolo Mediterraneo -  Le parole d'amor.flac,44100,21500.0,8.296e-05,224.8,nan,1035
"01 - Ketama, Toumani Diabate, Danny Thompson -  Jarabi.flac",44100,21250.0,1.294e-05,204.1,nan,766
01 - Zero 7 -  I have seen.flac,44100,21500.0,2.717e-05,117.9,nan,913
"10 - Piéces de luth du vieux Gaultier - Ennemond Gaultier -  Suite en f.ut. fa dièse mineur iii. courantes (a, b, c).flac",44100,21500.0,3.184e-07,0.0,nan,598
05 - Nicos -  Passione.flac,44100,22050.0,1.082e-05,0.0,nan,969
08 - Dorjee -  Mantra chanting (p&c remix).flac,44100,21500.0,1.461e-04,224.8,nan,981
02 - Rosa Lux -  Min klub forst feat. alberte & josefine winding.flac,44100,20250.0,9.585e-06,540.1,-29.1,902
06 - Orange Blossom -  Maria.flac,44100,21000.0,9.024e-06,0.0,nan,966
"11 - Confrérie Ali Amani -  Sabena, 2.flac",44100,22050.0,3.969e-08,0.0,nan,353
04 - Angus & Julia Stone -  Take you away.flac,44100,21250.0,5.273e-06,377.1,nan,855
03 - Hybrid Sound System -  Sarangui.flac,44100,21250.0,5.115e-05,0.0,nan,764
01 - Viggo Feat. Anuska -  Childhood.flac,44100,21750.0,5.384e-05,0.0,nan,830
19 - K Ress -  Emmène moi (radio edit).flac,44100,20750.0,3.134e-05,0.0,nan,925
17 - Piéces de luth du vieux Gaultier - Ennemond Gaultier -  Suite en a.mi. la majeur iii. la pleureuse & double.flac,44100,21500.0,1.847e-07,0.0,nan,594
14 - Booka Shade & Jan Blomqvist -  Blaze.flac,44100,20500.0,2.390e-05,117.9,-59.3,1113
11 - Scorn -  Falling (autechre fr 13 remix).flac,44100,21500.0,2.036e-05,259.3,nan,1077
14 - Piéces de luth du vieux Gaultier - Ennemond Gaultier -  Suite en f.ut. fa dièse mineur vii. la chèvre.flac,44100,21250.0,2.251e-07,117.9,nan,610
"09 - Pep Llado -  Two rivers, one world.flac",44100,22050.0,7.860e-07,0.0,nan,815
