idx,kind,codec,src_bucket,verdict11,verdict12
0,authentic,authentic,<4k,AUTHENTIC,AUTHENTIC
0,transcode,mp3_128,<4k,AUTHENTIC,AUTHENTIC
0,transcode,mp3_320,<4k,AUTHENTIC,AUTHENTIC
0,transcode,mp3_v0,<4k,AUTHENTIC,AUTHENTIC
1,authentic,authentic,<4k,AUTHENTIC,AUTHENTIC
1,transcode,mp3_128,<4k,FAKE_CERTAIN,FAKE_CERTAIN
1,transcode,mp3_320,<4k,FAKE_CERTAIN,FAKE_CERTAIN
1,transcode,mp3_v0,<4k,AUTHENTIC,AUTHENTIC
4,authentic,authentic,<4k,AUTHENTIC,AUTHENTIC
4,transcode,mp3_128,<4k,WARNING,WARNING
4,transcode,mp3_320,<4k,AUTHENTIC,AUTHENTIC
4,transcode,mp3_v0,<4k,WARNING,WARNING
5,authentic,authentic,<4k,AUTHENTIC,AUTHENTIC
5,transcode,mp3_128,<4k,WARNING,WARNING
5,transcode,mp3_320,<4k,AUTHENTIC,AUTHENTIC
5,transcode,mp3_v0,<4k,AUTHENTIC,AUTHENTIC
6,authentic,authentic,<4k,AUTHENTIC,AUTHENTIC
6,transcode,mp3_128,<4k,AUTHENTIC,AUTHENTIC
6,transcode,mp3_320,<4k,AUTHENTIC,AUTHENTIC
6,transcode,mp3_v0,<4k,AUTHENTIC,AUTHENTIC
7,authentic,authentic,<4k,AUTHENTIC,AUTHENTIC
7,transcode,mp3_128,<4k,WARNING,WARNING
7,transcode,mp3_320,<4k,AUTHENTIC,AUTHENTIC
7,transcode,mp3_v0,<4k,AUTHENTIC,AUTHENTIC
8,authentic,authentic,<4k,AUTHENTIC,AUTHENTIC
8,transcode,mp3_128,<4k,FAKE_CERTAIN,FAKE_CERTAIN
8,transcode,mp3_320,<4k,AUTHENTIC,AUTHENTIC
8,transcode,mp3_v0,<4k,AUTHENTIC,AUTHENTIC
9,authentic,authentic,<4k,AUTHENTIC,AUTHENTIC
9,transcode,mp3_128,<4k,WARNING,WARNING
9,transcode,mp3_320,<4k,AUTHENTIC,AUTHENTIC
9,transcode,mp3_v0,<4k,AUTHENTIC,AUTHENTIC
10,authentic,authentic,<4k,AUTHENTIC,AUTHENTIC
10,transcode,mp3_128,<4k,FAKE_CERTAIN,FAKE_CERTAIN
10,transcode,mp3_320,<4k,AUTHENTIC,AUTHENTIC
10,transcode,mp3_v0,<4k,AUTHENTIC,AUTHENTIC
11,authentic,authentic,<4k,AUTHENTIC,AUTHENTIC
11,transcode,mp3_128,<4k,AUTHENTIC,AUTHENTIC
11,transcode,mp3_320,<4k,AUTHENTIC,AUTHENTIC
11,transcode,mp3_v0,<4k,AUTHENTIC,AUTHENTIC
11,transcode,aac_256,<4k,AUTHENTIC,AUTHENTIC
2,authentic,authentic,<4k,AUTHENTIC,AUTHENTIC
2,transcode,mp3_128,<4k,WARNING,WARNING
2,transcode,mp3_320,<4k,AUTHENTIC,AUTHENTIC
2,transcode,mp3_v0,<4k,AUTHENTIC,AUTHENTIC
3,authentic,authentic,<4k,AUTHENTIC,AUTHENTIC
3,transcode,mp3_128,<4k,FAKE_CERTAIN,FAKE_CERTAIN
3,transcode,mp3_320,<4k,AUTHENTIC,AUTHENTIC
3,transcode,mp3_v0,<4k,FAKE_CERTAIN,FAKE_CERTAIN
12,authentic,authentic,<4k,AUTHENTIC,AUTHENTIC
12,transcode,mp3_128,<4k,AUTHENTIC,AUTHENTIC
12,transcode,mp3_320,<4k,AUTHENTIC,AUTHENTIC
12,transcode,mp3_v0,<4k,AUTHENTIC,AUTHENTIC
13,authentic,authentic,<4k,AUTHENTIC,AUTHENTIC
13,transcode,mp3_128,<4k,WARNING,WARNING
13,transcode,mp3_320,<4k,AUTHENTIC,AUTHENTIC
13,transcode,mp3_v0,<4k,AUTHENTIC,AUTHENTIC
18,authentic,authentic,<4k,AUTHENTIC,AUTHENTIC
18,transcode,mp3_128,<4k,AUTHENTIC,AUTHENTIC
18,transcode,mp3_320,<4k,AUTHENTIC,AUTHENTIC
18,transcode,mp3_v0,<4k,AUTHENTIC,AUTHENTIC
19,authentic,authentic,<4k,AUTHENTIC,AUTHENTIC
19,transcode,mp3_128,<4k,FAKE_CERTAIN,FAKE_CERTAIN
19,transcode,mp3_320,<4k,AUTHENTIC,AUTHENTIC
19,transcode,mp3_v0,<4k,AUTHENTIC,AUTHENTIC
16,authentic,authentic,<4k,AUTHENTIC,AUTHENTIC
16,transcode,mp3_128,<4k,FAKE_CERTAIN,FAKE_CERTAIN
16,transcode,mp3_320,<4k,AUTHENTIC,AUTHENTIC
16,transcode,mp3_v0,<4k,AUTHENTIC,AUTHENTIC
17,authentic,authentic,<4k,AUTHENTIC,AUTHENTIC
17,transcode,mp3_128,<4k,FAKE_CERTAIN,FAKE_CERTAIN
17,transcode,mp3_320,<4k,AUTHENTIC,AUTHENTIC
17,transcode,mp3_v0,<4k,AUTHENTIC,AUTHENTIC
20,authentic,authentic,<4k,AUTHENTIC,AUTHENTIC
20,transcode,mp3_128,<4k,FAKE_CERTAIN,FAKE_CERTAIN
20,transcode,mp3_320,<4k,AUTHENTIC,AUTHENTIC
20,transcode,mp3_v0,<4k,AUTHENTIC,AUTHENTIC
21,authentic,authentic,<4k,AUTHENTIC,AUTHENTIC
21,transcode,mp3_128,<4k,FAKE_CERTAIN,FAKE_CERTAIN
21,transcode,mp3_320,<4k,AUTHENTIC,AUTHENTIC
21,transcode,mp3_v0,<4k,AUTHENTIC,AUTHENTIC
22,authentic,authentic,<4k,AUTHENTIC,AUTHENTIC
22,transcode,mp3_128,<4k,FAKE_CERTAIN,FAKE_CERTAIN
22,transcode,mp3_320,<4k,AUTHENTIC,AUTHENTIC
22,transcode,mp3_v0,<4k,AUTHENTIC,AUTHENTIC
23,authentic,authentic,<4k,AUTHENTIC,AUTHENTIC
23,transcode,mp3_128,<4k,WARNING,WARNING
23,transcode,mp3_320,<4k,FAKE_CERTAIN,FAKE_CERTAIN
23,transcode,mp3_v0,<4k,AUTHENTIC,AUTHENTIC
14,authentic,authentic,<4k,AUTHENTIC,AUTHENTIC
14,transcode,mp3_128,<4k,WARNING,WARNING
14,transcode,mp3_320,<4k,FAKE_CERTAIN,FAKE_CERTAIN
14,transcode,mp3_v0,<4k,AUTHENTIC,AUTHENTIC
15,authentic,authentic,<4k,AUTHENTIC,AUTHENTIC
15,transcode,mp3_128,<4k,AUTHENTIC,AUTHENTIC
15,transcode,mp3_320,<4k,AUTHENTIC,AUTHENTIC
15,transcode,mp3_v0,<4k,AUTHENTIC,AUTHENTIC
24,authentic,authentic,4-7k,AUTHENTIC,AUTHENTIC
24,transcode,mp3_128,4-7k,WARNING,WARNING
24,transcode,mp3_320,4-7k,AUTHENTIC,AUTHENTIC
24,transcode,mp3_v0,4-7k,AUTHENTIC,AUTHENTIC
25,authentic,authentic,4-7k,AUTHENTIC,AUTHENTIC
25,transcode,mp3_128,4-7k,WARNING,SUSPICIOUS
25,transcode,mp3_320,4-7k,FAKE_CERTAIN,FAKE_CERTAIN
25,transcode,mp3_v0,4-7k,FAKE_CERTAIN,FAKE_CERTAIN
26,authentic,authentic,4-7k,AUTHENTIC,AUTHENTIC
26,transcode,mp3_128,4-7k,FAKE_CERTAIN,FAKE_CERTAIN
26,transcode,mp3_320,4-7k,AUTHENTIC,AUTHENTIC
26,transcode,mp3_v0,4-7k,AUTHENTIC,AUTHENTIC
27,authentic,authentic,4-7k,AUTHENTIC,AUTHENTIC
27,transcode,mp3_128,4-7k,FAKE_CERTAIN,FAKE_CERTAIN
27,transcode,mp3_320,4-7k,AUTHENTIC,AUTHENTIC
27,transcode,mp3_v0,4-7k,AUTHENTIC,AUTHENTIC
27,transcode,aac_256,4-7k,AUTHENTIC,AUTHENTIC
28,authentic,authentic,4-7k,WARNING,WARNING
28,transcode,mp3_128,4-7k,WARNING,WARNING
28,transcode,mp3_320,4-7k,WARNING,WARNING
28,transcode,mp3_v0,4-7k,WARNING,WARNING
29,authentic,authentic,4-7k,AUTHENTIC,AUTHENTIC
29,transcode,mp3_128,4-7k,WARNING,WARNING
29,transcode,mp3_320,4-7k,AUTHENTIC,AUTHENTIC
29,transcode,mp3_v0,4-7k,AUTHENTIC,AUTHENTIC
36,authentic,authentic,4-7k,AUTHENTIC,AUTHENTIC
36,transcode,mp3_128,4-7k,FAKE_CERTAIN,FAKE_CERTAIN
36,transcode,mp3_320,4-7k,AUTHENTIC,AUTHENTIC
36,transcode,mp3_v0,4-7k,AUTHENTIC,AUTHENTIC
37,authentic,authentic,4-7k,AUTHENTIC,AUTHENTIC
37,transcode,mp3_128,4-7k,FAKE_CERTAIN,FAKE_CERTAIN
37,transcode,mp3_320,4-7k,AUTHENTIC,AUTHENTIC
37,transcode,mp3_v0,4-7k,AUTHENTIC,AUTHENTIC
34,authentic,authentic,4-7k,AUTHENTIC,AUTHENTIC
34,transcode,mp3_128,4-7k,WARNING,SUSPICIOUS
34,transcode,mp3_320,4-7k,AUTHENTIC,AUTHENTIC
34,transcode,mp3_v0,4-7k,AUTHENTIC,AUTHENTIC
34,transcode,aac_256,4-7k,AUTHENTIC,AUTHENTIC
35,authentic,authentic,4-7k,AUTHENTIC,AUTHENTIC
35,transcode,mp3_128,4-7k,WARNING,WARNING
35,transcode,mp3_320,4-7k,FAKE_CERTAIN,FAKE_CERTAIN
35,transcode,mp3_v0,4-7k,AUTHENTIC,AUTHENTIC
30,authentic,authentic,4-7k,AUTHENTIC,AUTHENTIC
30,transcode,mp3_128,4-7k,WARNING,WARNING
30,transcode,mp3_320,4-7k,AUTHENTIC,AUTHENTIC
30,transcode,mp3_v0,4-7k,AUTHENTIC,AUTHENTIC
31,authentic,authentic,4-7k,AUTHENTIC,AUTHENTIC
31,transcode,mp3_128,4-7k,WARNING,SUSPICIOUS
31,transcode,mp3_320,4-7k,AUTHENTIC,AUTHENTIC
31,transcode,mp3_v0,4-7k,AUTHENTIC,AUTHENTIC
32,authentic,authentic,4-7k,AUTHENTIC,AUTHENTIC
32,transcode,mp3_128,4-7k,FAKE_CERTAIN,FAKE_CERTAIN
32,transcode,mp3_320,4-7k,AUTHENTIC,AUTHENTIC
32,transcode,mp3_v0,4-7k,AUTHENTIC,AUTHENTIC
33,authentic,authentic,4-7k,AUTHENTIC,AUTHENTIC
33,transcode,mp3_128,4-7k,WARNING,WARNING
33,transcode,mp3_320,4-7k,AUTHENTIC,AUTHENTIC
33,transcode,mp3_v0,4-7k,AUTHENTIC,AUTHENTIC
38,authentic,authentic,4-7k,AUTHENTIC,AUTHENTIC
38,transcode,mp3_128,4-7k,FAKE_CERTAIN,FAKE_CERTAIN
38,transcode,mp3_320,4-7k,AUTHENTIC,AUTHENTIC
38,transcode,mp3_v0,4-7k,AUTHENTIC,AUTHENTIC
39,authentic,authentic,4-7k,AUTHENTIC,AUTHENTIC
39,transcode,mp3_128,4-7k,FAKE_CERTAIN,FAKE_CERTAIN
39,transcode,mp3_320,4-7k,AUTHENTIC,AUTHENTIC
39,transcode,mp3_v0,4-7k,AUTHENTIC,AUTHENTIC
40,authentic,authentic,4-7k,AUTHENTIC,AUTHENTIC
40,transcode,mp3_128,4-7k,WARNING,WARNING
40,transcode,mp3_320,4-7k,AUTHENTIC,AUTHENTIC
40,transcode,mp3_v0,4-7k,AUTHENTIC,AUTHENTIC
41,authentic,authentic,4-7k,AUTHENTIC,AUTHENTIC
41,transcode,mp3_128,4-7k,WARNING,WARNING
41,transcode,mp3_320,4-7k,FAKE_CERTAIN,FAKE_CERTAIN
41,transcode,mp3_v0,4-7k,AUTHENTIC,AUTHENTIC
44,authentic,authentic,4-7k,AUTHENTIC,AUTHENTIC
44,transcode,mp3_128,4-7k,WARNING,WARNING
44,transcode,mp3_320,4-7k,AUTHENTIC,AUTHENTIC
44,transcode,mp3_v0,4-7k,AUTHENTIC,AUTHENTIC
45,authentic,authentic,4-7k,AUTHENTIC,AUTHENTIC
45,transcode,mp3_128,4-7k,AUTHENTIC,WARNING
45,transcode,mp3_320,4-7k,AUTHENTIC,AUTHENTIC
45,transcode,mp3_v0,4-7k,AUTHENTIC,AUTHENTIC
46,authentic,authentic,4-7k,AUTHENTIC,AUTHENTIC
46,transcode,mp3_128,4-7k,FAKE_CERTAIN,FAKE_CERTAIN
46,transcode,mp3_320,4-7k,AUTHENTIC,AUTHENTIC
46,transcode,mp3_v0,4-7k,AUTHENTIC,AUTHENTIC
47,authentic,authentic,4-7k,AUTHENTIC,AUTHENTIC
47,transcode,mp3_128,4-7k,FAKE_CERTAIN,FAKE_CERTAIN
47,transcode,mp3_320,4-7k,AUTHENTIC,AUTHENTIC
47,transcode,mp3_v0,4-7k,AUTHENTIC,AUTHENTIC
50,authentic,authentic,7-10k,AUTHENTIC,AUTHENTIC
50,transcode,mp3_128,7-10k,FAKE_CERTAIN,FAKE_CERTAIN
50,transcode,mp3_320,7-10k,FAKE_CERTAIN,FAKE_CERTAIN
50,transcode,mp3_v0,7-10k,AUTHENTIC,AUTHENTIC
51,authentic,authentic,7-10k,AUTHENTIC,AUTHENTIC
51,transcode,mp3_128,7-10k,WARNING,WARNING
51,transcode,mp3_320,7-10k,AUTHENTIC,AUTHENTIC
51,transcode,mp3_v0,7-10k,AUTHENTIC,AUTHENTIC
48,authentic,authentic,7-10k,AUTHENTIC,AUTHENTIC
48,transcode,mp3_128,7-10k,WARNING,SUSPICIOUS
48,transcode,mp3_320,7-10k,AUTHENTIC,AUTHENTIC
48,transcode,mp3_v0,7-10k,AUTHENTIC,AUTHENTIC
49,authentic,authentic,7-10k,AUTHENTIC,AUTHENTIC
49,transcode,mp3_128,7-10k,WARNING,SUSPICIOUS
49,transcode,mp3_320,7-10k,AUTHENTIC,AUTHENTIC
49,transcode,mp3_v0,7-10k,AUTHENTIC,AUTHENTIC
54,authentic,authentic,7-10k,AUTHENTIC,AUTHENTIC
54,transcode,mp3_128,7-10k,WARNING,SUSPICIOUS
54,transcode,mp3_320,7-10k,AUTHENTIC,WARNING
54,transcode,mp3_v0,7-10k,AUTHENTIC,WARNING
55,authentic,authentic,7-10k,AUTHENTIC,AUTHENTIC
55,transcode,mp3_128,7-10k,WARNING,WARNING
55,transcode,mp3_320,7-10k,FAKE_CERTAIN,FAKE_CERTAIN
55,transcode,mp3_v0,7-10k,AUTHENTIC,AUTHENTIC
42,authentic,authentic,4-7k,AUTHENTIC,AUTHENTIC
42,transcode,mp3_128,4-7k,WARNING,WARNING
42,transcode,mp3_320,4-7k,AUTHENTIC,AUTHENTIC
42,transcode,mp3_v0,4-7k,AUTHENTIC,AUTHENTIC
43,authentic,authentic,4-7k,AUTHENTIC,AUTHENTIC
43,transcode,mp3_128,4-7k,FAKE_CERTAIN,FAKE_CERTAIN
43,transcode,mp3_320,4-7k,AUTHENTIC,AUTHENTIC
43,transcode,mp3_v0,4-7k,AUTHENTIC,AUTHENTIC
58,authentic,authentic,7-10k,AUTHENTIC,AUTHENTIC
58,transcode,mp3_128,7-10k,WARNING,SUSPICIOUS
58,transcode,mp3_320,7-10k,FAKE_CERTAIN,FAKE_CERTAIN
58,transcode,mp3_v0,7-10k,AUTHENTIC,AUTHENTIC
59,authentic,authentic,7-10k,AUTHENTIC,AUTHENTIC
59,transcode,mp3_128,7-10k,WARNING,SUSPICIOUS
59,transcode,mp3_320,7-10k,AUTHENTIC,AUTHENTIC
59,transcode,mp3_v0,7-10k,AUTHENTIC,AUTHENTIC
52,authentic,authentic,7-10k,AUTHENTIC,AUTHENTIC
52,transcode,mp3_128,7-10k,WARNING,SUSPICIOUS
52,transcode,mp3_320,7-10k,FAKE_CERTAIN,FAKE_CERTAIN
52,transcode,mp3_v0,7-10k,AUTHENTIC,AUTHENTIC
53,authentic,authentic,7-10k,AUTHENTIC,AUTHENTIC
53,transcode,mp3_128,7-10k,AUTHENTIC,WARNING
53,transcode,mp3_320,7-10k,FAKE_CERTAIN,FAKE_CERTAIN
53,transcode,mp3_v0,7-10k,AUTHENTIC,AUTHENTIC
56,authentic,authentic,7-10k,AUTHENTIC,AUTHENTIC
56,transcode,mp3_128,7-10k,WARNING,SUSPICIOUS
56,transcode,mp3_320,7-10k,FAKE_CERTAIN,FAKE_CERTAIN
56,transcode,mp3_v0,7-10k,AUTHENTIC,AUTHENTIC
57,authentic,authentic,7-10k,AUTHENTIC,AUTHENTIC
57,transcode,mp3_128,7-10k,WARNING,SUSPICIOUS
57,transcode,mp3_320,7-10k,AUTHENTIC,AUTHENTIC
57,transcode,mp3_v0,7-10k,AUTHENTIC,AUTHENTIC
62,authentic,authentic,7-10k,AUTHENTIC,AUTHENTIC
62,transcode,mp3_128,7-10k,WARNING,SUSPICIOUS
62,transcode,mp3_320,7-10k,AUTHENTIC,AUTHENTIC
62,transcode,mp3_v0,7-10k,AUTHENTIC,AUTHENTIC
63,authentic,authentic,7-10k,AUTHENTIC,AUTHENTIC
63,transcode,mp3_128,7-10k,WARNING,WARNING
63,transcode,mp3_320,7-10k,AUTHENTIC,AUTHENTIC
63,transcode,mp3_v0,7-10k,AUTHENTIC,AUTHENTIC
68,authentic,authentic,7-10k,AUTHENTIC,AUTHENTIC
68,transcode,mp3_128,7-10k,FAKE_CERTAIN,FAKE_CERTAIN
68,transcode,mp3_320,7-10k,FAKE_CERTAIN,FAKE_CERTAIN
68,transcode,mp3_v0,7-10k,AUTHENTIC,AUTHENTIC
69,authentic,authentic,7-10k,AUTHENTIC,AUTHENTIC
69,transcode,mp3_128,7-10k,FAKE_CERTAIN,FAKE_CERTAIN
69,transcode,mp3_320,7-10k,FAKE_CERTAIN,FAKE_CERTAIN
69,transcode,mp3_v0,7-10k,AUTHENTIC,AUTHENTIC
64,authentic,authentic,7-10k,AUTHENTIC,AUTHENTIC
64,transcode,mp3_128,7-10k,WARNING,SUSPICIOUS
64,transcode,mp3_320,7-10k,AUTHENTIC,AUTHENTIC
64,transcode,mp3_v0,7-10k,AUTHENTIC,AUTHENTIC
65,authentic,authentic,7-10k,AUTHENTIC,AUTHENTIC
65,transcode,mp3_128,7-10k,WARNING,FAKE_CERTAIN
65,transcode,mp3_320,7-10k,AUTHENTIC,AUTHENTIC
65,transcode,mp3_v0,7-10k,AUTHENTIC,AUTHENTIC
60,authentic,authentic,7-10k,AUTHENTIC,AUTHENTIC
60,transcode,mp3_128,7-10k,WARNING,SUSPICIOUS
60,transcode,mp3_320,7-10k,AUTHENTIC,AUTHENTIC
60,transcode,mp3_v0,7-10k,AUTHENTIC,AUTHENTIC
61,authentic,authentic,7-10k,FAKE_CERTAIN,FAKE_CERTAIN
61,transcode,mp3_128,7-10k,WARNING,SUSPICIOUS
61,transcode,mp3_320,7-10k,AUTHENTIC,AUTHENTIC
61,transcode,mp3_v0,7-10k,AUTHENTIC,AUTHENTIC
72,authentic,authentic,10-14k,AUTHENTIC,AUTHENTIC
72,transcode,mp3_128,10-14k,WARNING,SUSPICIOUS
72,transcode,mp3_320,10-14k,FAKE_CERTAIN,FAKE_CERTAIN
72,transcode,mp3_v0,10-14k,AUTHENTIC,AUTHENTIC
73,authentic,authentic,10-14k,AUTHENTIC,AUTHENTIC
73,transcode,mp3_128,10-14k,WARNING,SUSPICIOUS
73,transcode,mp3_320,10-14k,AUTHENTIC,AUTHENTIC
73,transcode,mp3_v0,10-14k,FAKE_CERTAIN,FAKE_CERTAIN
70,authentic,authentic,7-10k,AUTHENTIC,AUTHENTIC
70,transcode,mp3_128,7-10k,WARNING,SUSPICIOUS
70,transcode,mp3_320,7-10k,AUTHENTIC,AUTHENTIC
70,transcode,mp3_v0,7-10k,AUTHENTIC,AUTHENTIC
71,authentic,authentic,7-10k,AUTHENTIC,AUTHENTIC
71,transcode,mp3_128,7-10k,WARNING,SUSPICIOUS
71,transcode,mp3_320,7-10k,AUTHENTIC,AUTHENTIC
71,transcode,mp3_v0,7-10k,AUTHENTIC,AUTHENTIC
74,authentic,authentic,10-14k,AUTHENTIC,AUTHENTIC
74,transcode,mp3_128,10-14k,AUTHENTIC,WARNING
74,transcode,mp3_320,10-14k,AUTHENTIC,AUTHENTIC
74,transcode,mp3_v0,10-14k,AUTHENTIC,AUTHENTIC
75,authentic,authentic,10-14k,AUTHENTIC,AUTHENTIC
75,transcode,mp3_128,10-14k,WARNING,SUSPICIOUS
75,transcode,mp3_320,10-14k,FAKE_CERTAIN,FAKE_CERTAIN
75,transcode,mp3_v0,10-14k,AUTHENTIC,AUTHENTIC
66,authentic,authentic,7-10k,AUTHENTIC,AUTHENTIC
66,transcode,mp3_128,7-10k,WARNING,SUSPICIOUS
66,transcode,mp3_320,7-10k,AUTHENTIC,AUTHENTIC
66,transcode,mp3_v0,7-10k,AUTHENTIC,AUTHENTIC
67,authentic,authentic,7-10k,FAKE_CERTAIN,FAKE_CERTAIN
67,transcode,mp3_128,7-10k,FAKE_CERTAIN,FAKE_CERTAIN
67,transcode,mp3_320,7-10k,FAKE_CERTAIN,FAKE_CERTAIN
67,transcode,mp3_v0,7-10k,FAKE_CERTAIN,FAKE_CERTAIN
80,authentic,authentic,10-14k,AUTHENTIC,AUTHENTIC
80,transcode,mp3_128,10-14k,WARNING,SUSPICIOUS
80,transcode,mp3_320,10-14k,AUTHENTIC,AUTHENTIC
80,transcode,mp3_v0,10-14k,AUTHENTIC,AUTHENTIC
81,authentic,authentic,10-14k,AUTHENTIC,AUTHENTIC
81,transcode,mp3_128,10-14k,WARNING,SUSPICIOUS
81,transcode,mp3_320,10-14k,AUTHENTIC,AUTHENTIC
81,transcode,mp3_v0,10-14k,AUTHENTIC,AUTHENTIC
82,authentic,authentic,10-14k,AUTHENTIC,AUTHENTIC
82,transcode,mp3_128,10-14k,AUTHENTIC,WARNING
82,transcode,mp3_320,10-14k,AUTHENTIC,AUTHENTIC
82,transcode,mp3_v0,10-14k,AUTHENTIC,AUTHENTIC
83,authentic,authentic,10-14k,AUTHENTIC,AUTHENTIC
83,transcode,mp3_128,10-14k,WARNING,SUSPICIOUS
83,transcode,mp3_320,10-14k,FAKE_CERTAIN,FAKE_CERTAIN
83,transcode,mp3_v0,10-14k,AUTHENTIC,AUTHENTIC
76,authentic,authentic,10-14k,AUTHENTIC,AUTHENTIC
76,transcode,mp3_128,10-14k,WARNING,SUSPICIOUS
76,transcode,mp3_320,10-14k,FAKE_CERTAIN,FAKE_CERTAIN
76,transcode,mp3_v0,10-14k,AUTHENTIC,AUTHENTIC
76,transcode,aac_256,10-14k,AUTHENTIC,AUTHENTIC
77,authentic,authentic,10-14k,AUTHENTIC,AUTHENTIC
77,transcode,mp3_128,10-14k,WARNING,SUSPICIOUS
77,transcode,mp3_320,10-14k,AUTHENTIC,AUTHENTIC
77,transcode,mp3_v0,10-14k,AUTHENTIC,AUTHENTIC
84,authentic,authentic,10-14k,AUTHENTIC,AUTHENTIC
84,transcode,mp3_128,10-14k,WARNING,SUSPICIOUS
84,transcode,mp3_320,10-14k,AUTHENTIC,AUTHENTIC
84,transcode,mp3_v0,10-14k,AUTHENTIC,AUTHENTIC
85,authentic,authentic,10-14k,AUTHENTIC,AUTHENTIC
85,transcode,mp3_128,10-14k,WARNING,SUSPICIOUS
85,transcode,mp3_320,10-14k,AUTHENTIC,AUTHENTIC
85,transcode,mp3_v0,10-14k,AUTHENTIC,AUTHENTIC
86,authentic,authentic,10-14k,AUTHENTIC,AUTHENTIC
86,transcode,mp3_128,10-14k,WARNING,SUSPICIOUS
86,transcode,mp3_320,10-14k,AUTHENTIC,WARNING
86,transcode,mp3_v0,10-14k,WARNING,SUSPICIOUS
87,authentic,authentic,10-14k,AUTHENTIC,AUTHENTIC
87,transcode,mp3_128,10-14k,WARNING,SUSPICIOUS
87,transcode,mp3_320,10-14k,FAKE_CERTAIN,FAKE_CERTAIN
87,transcode,mp3_v0,10-14k,AUTHENTIC,AUTHENTIC
78,authentic,authentic,10-14k,AUTHENTIC,WARNING
78,transcode,mp3_128,10-14k,WARNING,SUSPICIOUS
78,transcode,mp3_320,10-14k,WARNING,SUSPICIOUS
78,transcode,mp3_v0,10-14k,AUTHENTIC,WARNING
79,authentic,authentic,10-14k,AUTHENTIC,AUTHENTIC
79,transcode,mp3_128,10-14k,FAKE_CERTAIN,FAKE_CERTAIN
79,transcode,mp3_320,10-14k,AUTHENTIC,AUTHENTIC
79,transcode,mp3_v0,10-14k,AUTHENTIC,AUTHENTIC
92,authentic,authentic,10-14k,AUTHENTIC,AUTHENTIC
92,transcode,mp3_128,10-14k,WARNING,SUSPICIOUS
92,transcode,mp3_320,10-14k,FAKE_CERTAIN,FAKE_CERTAIN
92,transcode,mp3_v0,10-14k,AUTHENTIC,AUTHENTIC
93,authentic,authentic,10-14k,AUTHENTIC,AUTHENTIC
93,transcode,mp3_128,10-14k,AUTHENTIC,WARNING
93,transcode,mp3_320,10-14k,FAKE_CERTAIN,FAKE_CERTAIN
93,transcode,mp3_v0,10-14k,AUTHENTIC,AUTHENTIC
90,authentic,authentic,10-14k,AUTHENTIC,AUTHENTIC
90,transcode,mp3_128,10-14k,WARNING,SUSPICIOUS
90,transcode,mp3_320,10-14k,FAKE_CERTAIN,FAKE_CERTAIN
90,transcode,mp3_v0,10-14k,AUTHENTIC,AUTHENTIC
91,authentic,authentic,10-14k,FAKE_CERTAIN,FAKE_CERTAIN
91,transcode,mp3_128,10-14k,WARNING,SUSPICIOUS
91,transcode,mp3_320,10-14k,FAKE_CERTAIN,FAKE_CERTAIN
91,transcode,mp3_v0,10-14k,FAKE_CERTAIN,FAKE_CERTAIN
94,authentic,authentic,10-14k,AUTHENTIC,AUTHENTIC
94,transcode,mp3_128,10-14k,WARNING,SUSPICIOUS
94,transcode,mp3_320,10-14k,FAKE_CERTAIN,FAKE_CERTAIN
94,transcode,mp3_v0,10-14k,AUTHENTIC,AUTHENTIC
95,authentic,authentic,10-14k,AUTHENTIC,AUTHENTIC
95,transcode,mp3_128,10-14k,WARNING,SUSPICIOUS
95,transcode,mp3_320,10-14k,FAKE_CERTAIN,FAKE_CERTAIN
95,transcode,mp3_v0,10-14k,AUTHENTIC,AUTHENTIC
100,authentic,authentic,>=14k,AUTHENTIC,AUTHENTIC
100,transcode,mp3_128,>=14k,FAKE_CERTAIN,FAKE_CERTAIN
100,transcode,mp3_320,>=14k,FAKE_CERTAIN,FAKE_CERTAIN
100,transcode,mp3_v0,>=14k,AUTHENTIC,AUTHENTIC
101,authentic,authentic,>=14k,AUTHENTIC,AUTHENTIC
101,transcode,mp3_128,>=14k,WARNING,SUSPICIOUS
101,transcode,mp3_320,>=14k,AUTHENTIC,AUTHENTIC
101,transcode,mp3_v0,>=14k,AUTHENTIC,AUTHENTIC
88,authentic,authentic,10-14k,AUTHENTIC,AUTHENTIC
88,transcode,mp3_128,10-14k,WARNING,SUSPICIOUS
88,transcode,mp3_320,10-14k,FAKE_CERTAIN,FAKE_CERTAIN
88,transcode,mp3_v0,10-14k,AUTHENTIC,AUTHENTIC
89,authentic,authentic,10-14k,AUTHENTIC,AUTHENTIC
89,transcode,mp3_128,10-14k,WARNING,SUSPICIOUS
89,transcode,mp3_320,10-14k,AUTHENTIC,AUTHENTIC
89,transcode,mp3_v0,10-14k,AUTHENTIC,AUTHENTIC
98,authentic,authentic,>=14k,AUTHENTIC,AUTHENTIC
98,transcode,mp3_128,>=14k,WARNING,SUSPICIOUS
98,transcode,mp3_320,>=14k,FAKE_CERTAIN,FAKE_CERTAIN
98,transcode,mp3_v0,>=14k,AUTHENTIC,AUTHENTIC
99,authentic,authentic,>=14k,AUTHENTIC,AUTHENTIC
99,transcode,mp3_128,>=14k,WARNING,SUSPICIOUS
99,transcode,mp3_320,>=14k,AUTHENTIC,AUTHENTIC
99,transcode,mp3_v0,>=14k,AUTHENTIC,AUTHENTIC
102,authentic,authentic,>=14k,AUTHENTIC,AUTHENTIC
102,transcode,mp3_128,>=14k,WARNING,SUSPICIOUS
102,transcode,mp3_320,>=14k,AUTHENTIC,AUTHENTIC
102,transcode,mp3_v0,>=14k,AUTHENTIC,AUTHENTIC
103,authentic,authentic,>=14k,AUTHENTIC,AUTHENTIC
103,transcode,mp3_128,>=14k,FAKE_CERTAIN,FAKE_CERTAIN
103,transcode,mp3_320,>=14k,FAKE_CERTAIN,FAKE_CERTAIN
103,transcode,mp3_v0,>=14k,AUTHENTIC,AUTHENTIC
104,authentic,authentic,>=14k,AUTHENTIC,AUTHENTIC
104,transcode,mp3_128,>=14k,WARNING,SUSPICIOUS
104,transcode,mp3_320,>=14k,FAKE_CERTAIN,FAKE_CERTAIN
104,transcode,mp3_v0,>=14k,AUTHENTIC,AUTHENTIC
105,authentic,authentic,>=14k,AUTHENTIC,AUTHENTIC
105,transcode,mp3_128,>=14k,WARNING,SUSPICIOUS
105,transcode,mp3_320,>=14k,AUTHENTIC,AUTHENTIC
105,transcode,mp3_v0,>=14k,AUTHENTIC,AUTHENTIC
96,authentic,authentic,>=14k,WARNING,WARNING
96,transcode,mp3_128,>=14k,WARNING,SUSPICIOUS
96,transcode,mp3_320,>=14k,WARNING,SUSPICIOUS
96,transcode,mp3_v0,>=14k,AUTHENTIC,WARNING
97,authentic,authentic,>=14k,AUTHENTIC,AUTHENTIC
97,transcode,mp3_128,>=14k,WARNING,SUSPICIOUS
97,transcode,mp3_320,>=14k,AUTHENTIC,AUTHENTIC
97,transcode,mp3_v0,>=14k,AUTHENTIC,AUTHENTIC
108,authentic,authentic,>=14k,AUTHENTIC,AUTHENTIC
108,transcode,mp3_128,>=14k,AUTHENTIC,WARNING
108,transcode,mp3_320,>=14k,FAKE_CERTAIN,FAKE_CERTAIN
108,transcode,mp3_v0,>=14k,AUTHENTIC,AUTHENTIC
109,authentic,authentic,>=14k,AUTHENTIC,AUTHENTIC
109,transcode,mp3_128,>=14k,WARNING,WARNING
109,transcode,mp3_320,>=14k,AUTHENTIC,AUTHENTIC
109,transcode,mp3_v0,>=14k,AUTHENTIC,AUTHENTIC
114,authentic,authentic,>=14k,AUTHENTIC,AUTHENTIC
114,transcode,mp3_128,>=14k,WARNING,SUSPICIOUS
114,transcode,mp3_320,>=14k,FAKE_CERTAIN,FAKE_CERTAIN
114,transcode,mp3_v0,>=14k,AUTHENTIC,AUTHENTIC
115,authentic,authentic,>=14k,AUTHENTIC,AUTHENTIC
115,transcode,mp3_128,>=14k,FAKE_CERTAIN,FAKE_CERTAIN
115,transcode,mp3_320,>=14k,FAKE_CERTAIN,FAKE_CERTAIN
115,transcode,mp3_v0,>=14k,AUTHENTIC,AUTHENTIC
112,authentic,authentic,>=14k,AUTHENTIC,AUTHENTIC
112,transcode,mp3_128,>=14k,WARNING,SUSPICIOUS
112,transcode,mp3_320,>=14k,AUTHENTIC,AUTHENTIC
112,transcode,mp3_v0,>=14k,AUTHENTIC,AUTHENTIC
113,authentic,authentic,>=14k,AUTHENTIC,AUTHENTIC
113,transcode,mp3_128,>=14k,WARNING,SUSPICIOUS
113,transcode,mp3_320,>=14k,AUTHENTIC,AUTHENTIC
113,transcode,mp3_v0,>=14k,AUTHENTIC,AUTHENTIC
106,authentic,authentic,>=14k,AUTHENTIC,AUTHENTIC
106,transcode,mp3_128,>=14k,AUTHENTIC,WARNING
106,transcode,mp3_320,>=14k,FAKE_CERTAIN,FAKE_CERTAIN
106,transcode,mp3_v0,>=14k,AUTHENTIC,AUTHENTIC
107,authentic,authentic,>=14k,AUTHENTIC,AUTHENTIC
107,transcode,mp3_128,>=14k,WARNING,SUSPICIOUS
107,transcode,mp3_320,>=14k,FAKE_CERTAIN,FAKE_CERTAIN
107,transcode,mp3_v0,>=14k,AUTHENTIC,AUTHENTIC
116,authentic,authentic,>=14k,AUTHENTIC,AUTHENTIC
116,transcode,mp3_128,>=14k,WARNING,SUSPICIOUS
116,transcode,mp3_320,>=14k,FAKE_CERTAIN,FAKE_CERTAIN
116,transcode,mp3_v0,>=14k,AUTHENTIC,AUTHENTIC
117,authentic,authentic,>=14k,AUTHENTIC,AUTHENTIC
117,transcode,mp3_128,>=14k,AUTHENTIC,WARNING
117,transcode,mp3_320,>=14k,FAKE_CERTAIN,FAKE_CERTAIN
117,transcode,mp3_v0,>=14k,AUTHENTIC,AUTHENTIC
110,authentic,authentic,>=14k,AUTHENTIC,AUTHENTIC
110,transcode,mp3_128,>=14k,WARNING,SUSPICIOUS
110,transcode,mp3_320,>=14k,AUTHENTIC,AUTHENTIC
110,transcode,mp3_v0,>=14k,AUTHENTIC,AUTHENTIC
111,authentic,authentic,>=14k,AUTHENTIC,AUTHENTIC
111,transcode,mp3_128,>=14k,WARNING,SUSPICIOUS
111,transcode,mp3_320,>=14k,AUTHENTIC,AUTHENTIC
111,transcode,mp3_v0,>=14k,AUTHENTIC,AUTHENTIC
118,authentic,authentic,>=14k,AUTHENTIC,AUTHENTIC
118,transcode,mp3_128,>=14k,WARNING,SUSPICIOUS
118,transcode,mp3_320,>=14k,AUTHENTIC,AUTHENTIC
118,transcode,mp3_v0,>=14k,AUTHENTIC,AUTHENTIC
119,authentic,authentic,>=14k,AUTHENTIC,AUTHENTIC
119,transcode,mp3_128,>=14k,WARNING,SUSPICIOUS
119,transcode,mp3_320,>=14k,AUTHENTIC,AUTHENTIC
119,transcode,mp3_v0,>=14k,AUTHENTIC,AUTHENTIC
