arm,file,max_run,mean_run,max_run_rel,stereo_ratio,mono_gated
genuine,000-03-Balla-et-ses-Balladins-Moi-ca-ma-fout.flac,nan,nan,nan,0.0000,True
genuine,001-11-Gilbert-B-caud-Le-bain-de-minuit.flac,0.0000,0.0000,1.0000,0.7582,False
genuine,002-03-Hraach-Let-it-go.flac,5.0000,1.7417,1.0000,0.2815,False
genuine,003-01-Thor-Dari-lullaby.flac,1.0000,0.0000,0.0000,0.2999,False
genuine,004-01-Thiossane-Ablaye-Ndiaye-Aminata-ndiaye.flac,1.0000,0.0000,0.0000,0.6786,False
genuine,005-17-Los-Seven-Del-Swing-Celoso.flac,1.0000,1.0000,0.0000,0.0837,False
genuine,006-09-Mahmoud-Ahmed-Tezeta.flac,nan,nan,nan,0.0000,True
genuine,007-07-Wax-Tailor-Positively-inclined-featuring-main.flac,3.0000,1.0000,2.0000,0.2774,False
genuine,008-06-The-Mebusas-Mr-bull-dog-original-45-version.flac,22.0000,3.1833,3.0000,0.3187,False
genuine,009-03-Ilya-Beshevli-To-solitude.flac,2.0000,1.0000,0.0000,1.3320,False
genuine,010-06-Jon-Hassell-These-times.flac,0.0000,0.0000,0.0000,3.0095,False
genuine,011-07-Ensemble-National-des-Percussions-de-Guin-e-K.flac,2.0000,1.0000,0.0000,1.1624,False
genuine,012-07-A-La-Carte-Brass-And-Percussion-Papa-was-a-ro.flac,5.0000,1.5000,3.0000,0.6908,False
genuine,013-22-Roswell-Sacred-Harp-Quartet-Weeping-mary.flac,0.0000,0.0000,1.0000,0.0001,False
genuine,014-26-Dock-Walsh-Bathe-in-that-beautiful-pool.flac,nan,nan,nan,0.0000,True
genuine,015-08-Jos-Gonz-lez-Vissel.flac,0.0000,0.0000,0.0000,0.1369,False
genuine,016-03-Memory-Tapes-Green-knight.flac,5.5000,1.0833,0.0000,1.0853,False
genuine,017-13-Cafe-Del-Mar-Submariner.flac,0.0000,0.0000,0.0000,0.4786,False
genuine,018-04-Bag-o-wire-Resovoir.flac,nan,nan,nan,0.0000,True
genuine,019-04-Kohi-Jadu.flac,1.0000,0.0000,0.0000,0.6354,False
genuine,020-06-Bola-Tigantabame.flac,1.0000,1.0000,1.0000,0.0542,False
genuine,021-13-Colombiafrica-The-Mystic-Orchestra-Rey-de-roc.flac,1.0000,7.4500,10.0000,0.6823,False
genuine,022-17-Michel-Legrand-It-s-good-to-be-alive-the-chas.flac,0.0000,0.0000,0.0000,0.1423,False
genuine,023-01-Yusef-Lateef-Buddy-and-lou.flac,5.0000,2.1250,2.0000,0.9384,False
genuine,024-15-Jordi-Savall-Concert-li-la-rougeville-gigue.flac,1.0000,0.0000,0.0000,3.1753,False
genuine,025-07-Bolalar-Lola.flac,1.0000,2.0000,1.0000,0.2525,False
genuine,026-06-Oumou-Dioubat-Siyala.flac,2.0000,1.0000,1.0000,0.3027,False
genuine,027-01-Dimlite-Kitty-Cradle-Fog.flac,0.0000,0.0000,0.0000,0.2985,False
genuine,028-04-Lisu-Yue-phue-alcool-de-ma-s.flac,1.0000,1.0000,0.0000,0.0181,False
genuine,029-05-Kuusow-Kurtunwaarey-Amin-Xaaji-Cusmaan-Cabdul.flac,0.0000,0.0000,0.0000,0.6726,False
genuine,030-06-S-bastien-Tellier-Benny.flac,0.0000,0.0000,0.0000,0.4607,False
genuine,031-07-Shkoon-Just-Emma-Id.flac,4.0000,1.0000,0.0000,0.8202,False
genuine,032-05-2kilos-more-Cache-feu.flac,1.0000,0.0000,0.0000,0.3329,False
genuine,033-01-Daylight-Rising.flac,1.0000,0.0000,0.0000,0.1759,False
genuine,034-09-Snow-Ghosts-Bowline.flac,0.0000,0.0000,0.0000,0.3255,False
genuine,035-16-Slow-Air-In-Dropped-D.flac,3.0000,1.6154,0.0000,0.2942,False
genuine,036-08-Nicolas-Comment-Amaurose.flac,1.0000,0.0000,0.0000,0.0776,False
genuine,037-02-Super-Cayor-De-Dakar-Emboutaieillage.flac,1.0000,0.0000,0.0000,0.0294,False
genuine,038-11-Red-Hot-Chili-Peppers-This-velvet-glove.flac,0.0000,0.0000,0.0000,0.1139,False
genuine,039-13-Kat-Onoma-Change-blues.flac,1.0000,0.0000,0.0000,0.2864,False
mp3_320,000-03-Balla-et-ses-Balladins-Moi-ca-ma-fout.flac,nan,nan,nan,0.0000,True
mp3_320,001-11-Gilbert-B-caud-Le-bain-de-minuit.flac,1.0000,15.2286,1.0000,0.7587,False
mp3_320,002-03-Hraach-Let-it-go.flac,3.0000,12.7857,3.0000,0.2817,False
mp3_320,003-01-Thor-Dari-lullaby.flac,5.0000,5.4821,3.0000,0.3001,False
mp3_320,004-01-Thiossane-Ablaye-Ndiaye-Aminata-ndiaye.flac,2.0000,7.0417,14.0000,0.6790,False
mp3_320,005-17-Los-Seven-Del-Swing-Celoso.flac,26.0000,7.6253,4.0000,0.0839,False
mp3_320,006-09-Mahmoud-Ahmed-Tezeta.flac,nan,nan,nan,0.0000,True
mp3_320,007-07-Wax-Tailor-Positively-inclined-featuring-main.flac,1.0000,4.7279,14.0000,0.2778,False
mp3_320,008-06-The-Mebusas-Mr-bull-dog-original-45-version.flac,1.0000,15.7321,3.5000,0.3192,False
mp3_320,009-03-Ilya-Beshevli-To-solitude.flac,2.0000,6.4145,1.0000,1.3319,False
mp3_320,010-06-Jon-Hassell-These-times.flac,9.0000,1.2500,2.0000,3.0095,False
mp3_320,011-07-Ensemble-National-des-Percussions-de-Guin-e-K.flac,22.5000,2.2273,0.0000,1.1638,False
mp3_320,012-07-A-La-Carte-Brass-And-Percussion-Papa-was-a-ro.flac,2.5000,13.8730,24.0000,0.6912,False
mp3_320,013-22-Roswell-Sacred-Harp-Quartet-Weeping-mary.flac,0.0000,14.4500,1.0000,0.0000,False
mp3_320,014-26-Dock-Walsh-Bathe-in-that-beautiful-pool.flac,nan,nan,nan,0.0000,True
mp3_320,015-08-Jos-Gonz-lez-Vissel.flac,4.0000,4.1429,2.0000,0.1369,False
mp3_320,016-03-Memory-Tapes-Green-knight.flac,7.5000,10.6750,1.0000,1.0856,False
mp3_320,017-13-Cafe-Del-Mar-Submariner.flac,1.0000,13.2083,27.0000,0.4789,False
mp3_320,018-04-Bag-o-wire-Resovoir.flac,nan,nan,nan,0.0000,True
mp3_320,019-04-Kohi-Jadu.flac,1.0000,15.5000,3.0000,0.6355,False
mp3_320,020-06-Bola-Tigantabame.flac,17.0000,11.2639,37.0000,0.0547,False
mp3_320,021-13-Colombiafrica-The-Mystic-Orchestra-Rey-de-roc.flac,1.0000,15.0000,17.0000,0.6828,False
mp3_320,022-17-Michel-Legrand-It-s-good-to-be-alive-the-chas.flac,4.0000,3.3550,4.0000,0.1424,False
mp3_320,023-01-Yusef-Lateef-Buddy-and-lou.flac,1.0000,6.9444,6.0000,0.9385,False
mp3_320,024-15-Jordi-Savall-Concert-li-la-rougeville-gigue.flac,18.0000,1.7222,1.0000,3.1756,False
mp3_320,025-07-Bolalar-Lola.flac,30.0000,14.0000,46.0000,0.2533,False
mp3_320,026-06-Oumou-Dioubat-Siyala.flac,23.0000,11.7333,9.0000,0.3038,False
mp3_320,027-01-Dimlite-Kitty-Cradle-Fog.flac,1.0000,11.8167,1.0000,0.2987,False
mp3_320,028-04-Lisu-Yue-phue-alcool-de-ma-s.flac,1.0000,1.8571,0.0000,0.0181,False
mp3_320,029-05-Kuusow-Kurtunwaarey-Amin-Xaaji-Cusmaan-Cabdul.flac,32.5000,13.1000,4.0000,0.6725,False
mp3_320,030-06-S-bastien-Tellier-Benny.flac,4.0000,10.3542,36.0000,0.4612,False
mp3_320,031-07-Shkoon-Just-Emma-Id.flac,4.0000,10.0000,1.0000,0.8205,False
mp3_320,032-05-2kilos-more-Cache-feu.flac,35.5000,7.2929,1.0000,0.3329,False
mp3_320,033-01-Daylight-Rising.flac,41.0000,8.2431,6.0000,0.1761,False
mp3_320,034-09-Snow-Ghosts-Bowline.flac,1.0000,12.3810,1.0000,0.3258,False
mp3_320,035-16-Slow-Air-In-Dropped-D.flac,7.0000,2.4491,0.0000,0.2942,False
mp3_320,036-08-Nicolas-Comment-Amaurose.flac,2.0000,8.5000,5.0000,0.0777,False
mp3_320,037-02-Super-Cayor-De-Dakar-Emboutaieillage.flac,4.0000,10.5000,1.0000,0.0294,False
mp3_320,038-11-Red-Hot-Chili-Peppers-This-velvet-glove.flac,0.0000,0.0000,1.0000,0.1146,False
mp3_320,039-13-Kat-Onoma-Change-blues.flac,66.0000,4.0000,2.0000,0.2866,False
mp3_V0,000-03-Balla-et-ses-Balladins-Moi-ca-ma-fout.flac,nan,nan,nan,0.0000,True
mp3_V0,001-11-Gilbert-B-caud-Le-bain-de-minuit.flac,2.0000,14.1000,3.5000,0.7602,False
mp3_V0,002-03-Hraach-Let-it-go.flac,6.0000,12.5189,2.0000,0.2819,False
mp3_V0,003-01-Thor-Dari-lullaby.flac,2.0000,2.9894,2.0000,0.3003,False
mp3_V0,004-01-Thiossane-Ablaye-Ndiaye-Aminata-ndiaye.flac,2.0000,3.0495,9.0000,0.6790,False
mp3_V0,005-17-Los-Seven-Del-Swing-Celoso.flac,22.5000,14.9412,6.0000,0.0838,False
mp3_V0,006-09-Mahmoud-Ahmed-Tezeta.flac,nan,nan,nan,0.0000,True
mp3_V0,007-07-Wax-Tailor-Positively-inclined-featuring-main.flac,1.0000,4.1230,34.5000,0.2782,False
mp3_V0,008-06-The-Mebusas-Mr-bull-dog-original-45-version.flac,1.0000,23.3068,5.0000,0.3199,False
mp3_V0,009-03-Ilya-Beshevli-To-solitude.flac,43.0000,3.7500,0.0000,1.3321,False
mp3_V0,010-06-Jon-Hassell-These-times.flac,12.0000,1.2895,0.0000,3.0092,False
mp3_V0,011-07-Ensemble-National-des-Percussions-de-Guin-e-K.flac,3.0000,1.0000,0.0000,1.1632,False
mp3_V0,012-07-A-La-Carte-Brass-And-Percussion-Papa-was-a-ro.flac,2.0000,11.0000,32.0000,0.6917,False
mp3_V0,013-22-Roswell-Sacred-Harp-Quartet-Weeping-mary.flac,0.0000,3.0000,2.0000,0.0001,False
mp3_V0,014-26-Dock-Walsh-Bathe-in-that-beautiful-pool.flac,nan,nan,nan,0.0000,True
mp3_V0,015-08-Jos-Gonz-lez-Vissel.flac,5.0000,4.2892,1.0000,0.1370,False
mp3_V0,016-03-Memory-Tapes-Green-knight.flac,4.0000,6.0516,1.0000,1.0855,False
mp3_V0,017-13-Cafe-Del-Mar-Submariner.flac,2.0000,2.3333,8.0000,0.4791,False
mp3_V0,018-04-Bag-o-wire-Resovoir.flac,nan,nan,nan,0.0000,True
mp3_V0,019-04-Kohi-Jadu.flac,12.0000,10.7634,2.0000,0.6358,False
mp3_V0,020-06-Bola-Tigantabame.flac,19.0000,11.0000,23.0000,0.0550,False
mp3_V0,021-13-Colombiafrica-The-Mystic-Orchestra-Rey-de-roc.flac,1.0000,8.7981,15.0000,0.6826,False
mp3_V0,022-17-Michel-Legrand-It-s-good-to-be-alive-the-chas.flac,4.0000,3.3645,4.0000,0.1423,False
mp3_V0,023-01-Yusef-Lateef-Buddy-and-lou.flac,6.0000,3.8986,4.0000,0.9390,False
mp3_V0,024-15-Jordi-Savall-Concert-li-la-rougeville-gigue.flac,2.0000,1.0000,0.0000,3.1748,False
mp3_V0,025-07-Bolalar-Lola.flac,12.0000,6.7500,12.0000,0.2535,False
mp3_V0,026-06-Oumou-Dioubat-Siyala.flac,24.0000,11.0000,8.0000,0.3041,False
mp3_V0,027-01-Dimlite-Kitty-Cradle-Fog.flac,0.0000,0.0000,0.0000,0.2988,False
mp3_V0,028-04-Lisu-Yue-phue-alcool-de-ma-s.flac,1.0000,1.7127,0.0000,0.0181,False
mp3_V0,029-05-Kuusow-Kurtunwaarey-Amin-Xaaji-Cusmaan-Cabdul.flac,90.0000,21.2083,2.0000,0.6730,False
mp3_V0,030-06-S-bastien-Tellier-Benny.flac,6.0000,5.7164,26.5000,0.4614,False
mp3_V0,031-07-Shkoon-Just-Emma-Id.flac,3.5000,7.7500,1.0000,0.8203,False
mp3_V0,032-05-2kilos-more-Cache-feu.flac,10.0000,1.6202,1.0000,0.3330,False
mp3_V0,033-01-Daylight-Rising.flac,34.0000,4.4500,6.0000,0.1762,False
mp3_V0,034-09-Snow-Ghosts-Bowline.flac,2.0000,5.8000,2.0000,0.3259,False
mp3_V0,035-16-Slow-Air-In-Dropped-D.flac,9.0000,2.5885,0.0000,0.2945,False
mp3_V0,036-08-Nicolas-Comment-Amaurose.flac,5.5000,4.3125,3.0000,0.0780,False
mp3_V0,037-02-Super-Cayor-De-Dakar-Emboutaieillage.flac,5.0000,1.5714,0.0000,0.0294,False
mp3_V0,038-11-Red-Hot-Chili-Peppers-This-velvet-glove.flac,0.0000,0.0000,0.0000,0.1144,False
mp3_V0,039-13-Kat-Onoma-Change-blues.flac,92.5000,2.9753,1.0000,0.2868,False
aacmf_256,000-03-Balla-et-ses-Balladins-Moi-ca-ma-fout.flac,nan,nan,nan,0.0000,True
aacmf_256,001-11-Gilbert-B-caud-Le-bain-de-minuit.flac,0.0000,29.0417,0.0000,0.7540,False
aacmf_256,002-03-Hraach-Let-it-go.flac,3.0000,9.1123,2.0000,0.2809,False
aacmf_256,003-01-Thor-Dari-lullaby.flac,2.0000,5.8394,1.0000,0.2994,False
aacmf_256,004-01-Thiossane-Ablaye-Ndiaye-Aminata-ndiaye.flac,4.0000,4.2801,7.0000,0.6770,False
aacmf_256,005-17-Los-Seven-Del-Swing-Celoso.flac,23.0000,21.2111,4.0000,0.0831,False
aacmf_256,006-09-Mahmoud-Ahmed-Tezeta.flac,nan,nan,nan,0.0000,True
aacmf_256,007-07-Wax-Tailor-Positively-inclined-featuring-main.flac,0.0000,14.0667,11.0000,0.2762,False
aacmf_256,008-06-The-Mebusas-Mr-bull-dog-original-45-version.flac,1.0000,32.3429,3.0000,0.3175,False
aacmf_256,009-03-Ilya-Beshevli-To-solitude.flac,3.0000,1.0000,0.0000,1.3325,False
aacmf_256,010-06-Jon-Hassell-These-times.flac,9.5000,1.2273,1.0000,3.0089,False
aacmf_256,011-07-Ensemble-National-des-Percussions-de-Guin-e-K.flac,4.0000,1.0000,0.0000,1.1558,False
aacmf_256,012-07-A-La-Carte-Brass-And-Percussion-Papa-was-a-ro.flac,3.0000,12.2762,13.0000,0.6879,False
aacmf_256,013-22-Roswell-Sacred-Harp-Quartet-Weeping-mary.flac,0.0000,0.0000,3.0000,0.0001,False
aacmf_256,014-26-Dock-Walsh-Bathe-in-that-beautiful-pool.flac,nan,nan,nan,0.0000,True
aacmf_256,015-08-Jos-Gonz-lez-Vissel.flac,0.0000,0.0000,0.0000,0.1358,False
aacmf_256,016-03-Memory-Tapes-Green-knight.flac,3.0000,7.8824,1.0000,1.0856,False
aacmf_256,017-13-Cafe-Del-Mar-Submariner.flac,3.5000,4.2033,17.0000,0.4777,False
aacmf_256,018-04-Bag-o-wire-Resovoir.flac,nan,nan,nan,0.0000,True
aacmf_256,019-04-Kohi-Jadu.flac,9.0000,3.6667,3.0000,0.6339,False
aacmf_256,020-06-Bola-Tigantabame.flac,15.0000,13.3063,27.0000,0.0537,False
aacmf_256,021-13-Colombiafrica-The-Mystic-Orchestra-Rey-de-roc.flac,4.0000,16.3810,8.0000,0.6754,False
aacmf_256,022-17-Michel-Legrand-It-s-good-to-be-alive-the-chas.flac,4.5000,3.5201,4.0000,0.1418,False
aacmf_256,023-01-Yusef-Lateef-Buddy-and-lou.flac,6.0000,6.0392,4.0000,0.9381,False
aacmf_256,024-15-Jordi-Savall-Concert-li-la-rougeville-gigue.flac,1.0000,0.0000,0.0000,3.1773,False
aacmf_256,025-07-Bolalar-Lola.flac,69.0000,14.2500,33.0000,0.2504,False
aacmf_256,026-06-Oumou-Dioubat-Siyala.flac,25.0000,8.7071,4.0000,0.3009,False
aacmf_256,027-01-Dimlite-Kitty-Cradle-Fog.flac,2.0000,3.0000,50.5000,0.2985,False
aacmf_256,028-04-Lisu-Yue-phue-alcool-de-ma-s.flac,1.0000,1.7321,0.0000,0.0179,False
aacmf_256,029-05-Kuusow-Kurtunwaarey-Amin-Xaaji-Cusmaan-Cabdul.flac,55.0000,16.9444,4.0000,0.6707,False
aacmf_256,030-06-S-bastien-Tellier-Benny.flac,6.0000,11.1528,7.0000,0.4589,False
aacmf_256,031-07-Shkoon-Just-Emma-Id.flac,5.0000,3.4000,1.0000,0.8179,False
aacmf_256,032-05-2kilos-more-Cache-feu.flac,1.0000,0.0000,0.0000,0.3314,False
aacmf_256,033-01-Daylight-Rising.flac,54.5000,10.5382,4.0000,0.1751,False
aacmf_256,034-09-Snow-Ghosts-Bowline.flac,0.5000,8.1455,11.0000,0.3235,False
aacmf_256,035-16-Slow-Air-In-Dropped-D.flac,9.0000,2.3871,0.0000,0.2935,False
aacmf_256,036-08-Nicolas-Comment-Amaurose.flac,4.5000,5.4891,2.0000,0.0770,False
aacmf_256,037-02-Super-Cayor-De-Dakar-Emboutaieillage.flac,5.0000,1.2183,0.0000,0.0288,False
aacmf_256,038-11-Red-Hot-Chili-Peppers-This-velvet-glove.flac,0.0000,0.0000,1.0000,0.1132,False
aacmf_256,039-13-Kat-Onoma-Change-blues.flac,108.5000,5.4603,1.0000,0.2857,False
opus_256,000-03-Balla-et-ses-Balladins-Moi-ca-ma-fout.flac,nan,nan,nan,0.0000,True
opus_256,001-11-Gilbert-B-caud-Le-bain-de-minuit.flac,1.0000,25.3333,1.0000,0.7569,False
opus_256,002-03-Hraach-Let-it-go.flac,1.0000,19.1667,2.0000,0.2821,False
opus_256,003-01-Thor-Dari-lullaby.flac,1.0000,17.5635,2.0000,0.2995,False
opus_256,004-01-Thiossane-Ablaye-Ndiaye-Aminata-ndiaye.flac,1.0000,17.0000,10.0000,0.6793,False
opus_256,005-17-Los-Seven-Del-Swing-Celoso.flac,22.0000,19.1339,5.0000,0.0831,False
opus_256,006-09-Mahmoud-Ahmed-Tezeta.flac,nan,nan,nan,0.0000,True
opus_256,007-07-Wax-Tailor-Positively-inclined-featuring-main.flac,1.0000,11.5357,9.0000,0.2747,False
opus_256,008-06-The-Mebusas-Mr-bull-dog-original-45-version.flac,1.0000,21.3750,4.0000,0.3174,False
opus_256,009-03-Ilya-Beshevli-To-solitude.flac,2.0000,8.3750,1.0000,1.3321,False
opus_256,010-06-Jon-Hassell-These-times.flac,10.0000,1.2601,1.0000,3.0097,False
opus_256,011-07-Ensemble-National-des-Percussions-de-Guin-e-K.flac,65.5000,2.1622,0.0000,1.1638,False
opus_256,012-07-A-La-Carte-Brass-And-Percussion-Papa-was-a-ro.flac,1.0000,22.2083,13.0000,0.6917,False
opus_256,013-22-Roswell-Sacred-Harp-Quartet-Weeping-mary.flac,0.0000,17.5982,0.0000,0.0000,False
opus_256,014-26-Dock-Walsh-Bathe-in-that-beautiful-pool.flac,nan,nan,nan,0.0000,True
opus_256,015-08-Jos-Gonz-lez-Vissel.flac,5.0000,4.4226,2.0000,0.1365,False
opus_256,016-03-Memory-Tapes-Green-knight.flac,4.0000,10.7460,1.0000,1.0845,False
opus_256,017-13-Cafe-Del-Mar-Submariner.flac,1.0000,20.1667,15.0000,0.4790,False
opus_256,018-04-Bag-o-wire-Resovoir.flac,nan,nan,nan,0.0000,True
opus_256,019-04-Kohi-Jadu.flac,1.0000,23.8333,3.0000,0.6346,False
opus_256,020-06-Bola-Tigantabame.flac,21.0000,14.1833,11.0000,0.0530,False
opus_256,021-13-Colombiafrica-The-Mystic-Orchestra-Rey-de-roc.flac,1.0000,22.5000,15.0000,0.6816,False
opus_256,022-17-Michel-Legrand-It-s-good-to-be-alive-the-chas.flac,5.0000,3.3793,4.0000,0.1416,False
opus_256,023-01-Yusef-Lateef-Buddy-and-lou.flac,1.0000,8.3750,5.0000,0.9409,False
opus_256,024-15-Jordi-Savall-Concert-li-la-rougeville-gigue.flac,23.5000,1.7165,1.0000,3.1780,False
opus_256,025-07-Bolalar-Lola.flac,59.0000,19.6190,35.0000,0.2521,False
opus_256,026-06-Oumou-Dioubat-Siyala.flac,29.5000,17.1181,5.0000,0.3015,False
opus_256,027-01-Dimlite-Kitty-Cradle-Fog.flac,1.0000,13.9167,44.5000,0.2982,False
opus_256,028-04-Lisu-Yue-phue-alcool-de-ma-s.flac,1.0000,1.8966,0.0000,0.0183,False
opus_256,029-05-Kuusow-Kurtunwaarey-Amin-Xaaji-Cusmaan-Cabdul.flac,67.0000,20.7738,4.0000,0.6712,False
opus_256,030-06-S-bastien-Tellier-Benny.flac,1.0000,21.4000,17.5000,0.4599,False
opus_256,031-07-Shkoon-Just-Emma-Id.flac,3.0000,15.5278,1.0000,0.8238,False
opus_256,032-05-2kilos-more-Cache-feu.flac,55.0000,19.8333,1.0000,0.3322,False
opus_256,033-01-Daylight-Rising.flac,56.0000,18.7750,6.0000,0.1752,False
opus_256,034-09-Snow-Ghosts-Bowline.flac,1.0000,19.7738,10.5000,0.3239,False
opus_256,035-16-Slow-Air-In-Dropped-D.flac,8.0000,2.7825,0.0000,0.2934,False
opus_256,036-08-Nicolas-Comment-Amaurose.flac,1.0000,18.5357,4.0000,0.0771,False
opus_256,037-02-Super-Cayor-De-Dakar-Emboutaieillage.flac,5.0000,15.4018,1.0000,0.0289,False
opus_256,038-11-Red-Hot-Chili-Peppers-This-velvet-glove.flac,0.0000,0.0000,0.0000,0.1124,False
opus_256,039-13-Kat-Onoma-Change-blues.flac,62.0000,20.6905,3.0000,0.2842,False
aac_ff320,000-03-Balla-et-ses-Balladins-Moi-ca-ma-fout.flac,nan,nan,nan,0.0000,True
aac_ff320,001-11-Gilbert-B-caud-Le-bain-de-minuit.flac,1.0000,1.5000,2.0000,0.7516,False
aac_ff320,002-03-Hraach-Let-it-go.flac,7.5000,2.0690,1.0000,0.2814,False
aac_ff320,003-01-Thor-Dari-lullaby.flac,11.0000,1.6458,2.5000,0.2993,False
aac_ff320,004-01-Thiossane-Ablaye-Ndiaye-Aminata-ndiaye.flac,1.0000,1.6125,3.0000,0.6733,False
aac_ff320,005-17-Los-Seven-Del-Swing-Celoso.flac,1.0000,1.5000,1.0000,0.0833,False
aac_ff320,006-09-Mahmoud-Ahmed-Tezeta.flac,nan,nan,nan,0.0000,True
aac_ff320,007-07-Wax-Tailor-Positively-inclined-featuring-main.flac,4.0000,1.6360,4.0000,0.2723,False
aac_ff320,008-06-The-Mebusas-Mr-bull-dog-original-45-version.flac,17.0000,3.6000,4.0000,0.3162,False
aac_ff320,009-03-Ilya-Beshevli-To-solitude.flac,2.0000,1.0000,0.0000,1.3310,False
aac_ff320,010-06-Jon-Hassell-These-times.flac,0.0000,0.0000,0.0000,3.0074,False
aac_ff320,011-07-Ensemble-National-des-Percussions-de-Guin-e-K.flac,2.0000,1.0000,0.0000,1.1549,False
aac_ff320,012-07-A-La-Carte-Brass-And-Percussion-Papa-was-a-ro.flac,3.0000,2.0000,6.0000,0.6869,False
aac_ff320,013-22-Roswell-Sacred-Harp-Quartet-Weeping-mary.flac,1.0000,0.0000,3.0000,0.0001,False
aac_ff320,014-26-Dock-Walsh-Bathe-in-that-beautiful-pool.flac,nan,nan,nan,0.0000,True
aac_ff320,015-08-Jos-Gonz-lez-Vissel.flac,0.0000,0.0000,0.0000,0.1365,False
aac_ff320,016-03-Memory-Tapes-Green-knight.flac,8.0000,1.6528,1.0000,1.0823,False
aac_ff320,017-13-Cafe-Del-Mar-Submariner.flac,1.0000,0.0000,0.0000,0.4819,False
aac_ff320,018-04-Bag-o-wire-Resovoir.flac,6.0000,1.1111,0.0000,0.0002,False
aac_ff320,019-04-Kohi-Jadu.flac,2.0000,1.0000,0.0000,0.6339,False
aac_ff320,020-06-Bola-Tigantabame.flac,1.0000,1.0000,1.0000,0.0552,False
aac_ff320,021-13-Colombiafrica-The-Mystic-Orchestra-Rey-de-roc.flac,0.0000,8.1250,15.0000,0.6743,False
aac_ff320,022-17-Michel-Legrand-It-s-good-to-be-alive-the-chas.flac,0.0000,1.0000,0.0000,0.1419,False
aac_ff320,023-01-Yusef-Lateef-Buddy-and-lou.flac,1.0000,5.2917,4.0000,0.9372,False
aac_ff320,024-15-Jordi-Savall-Concert-li-la-rougeville-gigue.flac,1.0000,0.0000,0.0000,3.1723,False
aac_ff320,025-07-Bolalar-Lola.flac,1.0000,2.0000,1.0000,0.2505,False
aac_ff320,026-06-Oumou-Dioubat-Siyala.flac,8.0000,1.6333,3.0000,0.3009,False
aac_ff320,027-01-Dimlite-Kitty-Cradle-Fog.flac,0.0000,0.0000,0.0000,0.2978,False
aac_ff320,028-04-Lisu-Yue-phue-alcool-de-ma-s.flac,1.0000,1.0000,0.0000,0.0180,False
aac_ff320,029-05-Kuusow-Kurtunwaarey-Amin-Xaaji-Cusmaan-Cabdul.flac,0.0000,0.0000,0.0000,0.6704,False
aac_ff320,030-06-S-bastien-Tellier-Benny.flac,2.0000,1.0000,1.0000,0.4595,False
aac_ff320,031-07-Shkoon-Just-Emma-Id.flac,13.0000,1.7143,1.0000,0.8528,False
aac_ff320,032-05-2kilos-more-Cache-feu.flac,3.0000,1.0000,0.0000,0.3332,False
aac_ff320,033-01-Daylight-Rising.flac,2.0000,1.0000,1.0000,0.1755,False
aac_ff320,034-09-Snow-Ghosts-Bowline.flac,0.0000,0.0000,0.0000,0.3197,False
aac_ff320,035-16-Slow-Air-In-Dropped-D.flac,4.0000,1.5670,0.0000,0.2936,False
aac_ff320,036-08-Nicolas-Comment-Amaurose.flac,5.0000,1.4248,2.0000,0.0770,False
aac_ff320,037-02-Super-Cayor-De-Dakar-Emboutaieillage.flac,4.0000,1.0000,1.0000,0.0288,False
aac_ff320,038-11-Red-Hot-Chili-Peppers-This-velvet-glove.flac,0.0000,0.0000,0.0000,0.1092,False
aac_ff320,039-13-Kat-Onoma-Change-blues.flac,7.0000,2.4143,2.0000,0.2858,False
vorbis_q8,000-03-Balla-et-ses-Balladins-Moi-ca-ma-fout.flac,nan,nan,nan,0.0000,True
vorbis_q8,001-11-Gilbert-B-caud-Le-bain-de-minuit.flac,1.0000,22.6667,1.0000,0.7569,False
vorbis_q8,002-03-Hraach-Let-it-go.flac,3.0000,13.5357,3.0000,0.2810,False
vorbis_q8,003-01-Thor-Dari-lullaby.flac,5.0000,12.0556,5.0000,0.2999,False
vorbis_q8,004-01-Thiossane-Ablaye-Ndiaye-Aminata-ndiaye.flac,1.0000,3.9000,15.0000,0.6770,False
vorbis_q8,005-17-Los-Seven-Del-Swing-Celoso.flac,22.0000,17.8377,8.0000,0.0840,False
vorbis_q8,006-09-Mahmoud-Ahmed-Tezeta.flac,nan,nan,nan,0.0000,True
vorbis_q8,007-07-Wax-Tailor-Positively-inclined-featuring-main.flac,1.0000,8.9444,34.5000,0.2784,False
vorbis_q8,008-06-The-Mebusas-Mr-bull-dog-original-45-version.flac,4.0000,23.9375,9.0000,0.3197,False
vorbis_q8,009-03-Ilya-Beshevli-To-solitude.flac,6.0000,7.5395,1.0000,1.3337,False
vorbis_q8,010-06-Jon-Hassell-These-times.flac,9.0000,1.2247,2.0000,3.0114,False
vorbis_q8,011-07-Ensemble-National-des-Percussions-de-Guin-e-K.flac,51.0000,2.3732,0.0000,1.1536,False
vorbis_q8,012-07-A-La-Carte-Brass-And-Percussion-Papa-was-a-ro.flac,2.0000,12.3000,30.0000,0.6894,False
vorbis_q8,013-22-Roswell-Sacred-Harp-Quartet-Weeping-mary.flac,0.0000,8.5778,1.0000,0.0001,False
vorbis_q8,014-26-Dock-Walsh-Bathe-in-that-beautiful-pool.flac,0.0000,13.8758,0.0000,0.0000,False
vorbis_q8,015-08-Jos-Gonz-lez-Vissel.flac,5.0000,4.1429,2.0000,0.1374,False
vorbis_q8,016-03-Memory-Tapes-Green-knight.flac,4.5000,12.1496,2.0000,1.0882,False
vorbis_q8,017-13-Cafe-Del-Mar-Submariner.flac,3.0000,8.4840,28.0000,0.4790,False
vorbis_q8,018-04-Bag-o-wire-Resovoir.flac,1.0000,14.4097,0.0000,0.0000,False
vorbis_q8,019-04-Kohi-Jadu.flac,3.0000,14.6250,3.0000,0.6346,False
vorbis_q8,020-06-Bola-Tigantabame.flac,17.0000,13.9444,48.5000,0.0558,False
vorbis_q8,021-13-Colombiafrica-The-Mystic-Orchestra-Rey-de-roc.flac,1.0000,8.3109,19.0000,0.6697,False
vorbis_q8,022-17-Michel-Legrand-It-s-good-to-be-alive-the-chas.flac,5.0000,3.5000,4.0000,0.1430,False
vorbis_q8,023-01-Yusef-Lateef-Buddy-and-lou.flac,2.0000,7.7667,6.0000,0.9407,False
vorbis_q8,024-15-Jordi-Savall-Concert-li-la-rougeville-gigue.flac,11.0000,1.5500,1.0000,3.1736,False
vorbis_q8,025-07-Bolalar-Lola.flac,8.0000,7.5000,3.0000,0.2506,False
vorbis_q8,026-06-Oumou-Dioubat-Siyala.flac,23.0000,14.0000,10.0000,0.3031,False
vorbis_q8,027-01-Dimlite-Kitty-Cradle-Fog.flac,1.0000,4.5000,1.0000,0.2986,False
vorbis_q8,028-04-Lisu-Yue-phue-alcool-de-ma-s.flac,1.0000,1.9153,0.0000,0.0182,False
vorbis_q8,029-05-Kuusow-Kurtunwaarey-Amin-Xaaji-Cusmaan-Cabdul.flac,31.5000,12.7411,4.0000,0.6714,False
vorbis_q8,030-06-S-bastien-Tellier-Benny.flac,4.0000,14.3667,35.0000,0.4612,False
vorbis_q8,031-07-Shkoon-Just-Emma-Id.flac,5.0000,8.4583,2.0000,0.8109,False
vorbis_q8,032-05-2kilos-more-Cache-feu.flac,36.0000,14.7500,1.0000,0.3363,False
vorbis_q8,033-01-Daylight-Rising.flac,35.0000,14.0000,9.0000,0.1766,False
vorbis_q8,034-09-Snow-Ghosts-Bowline.flac,1.0000,18.8500,1.0000,0.3258,False
vorbis_q8,035-16-Slow-Air-In-Dropped-D.flac,8.0000,2.7815,0.0000,0.2941,False
vorbis_q8,036-08-Nicolas-Comment-Amaurose.flac,3.0000,13.1000,7.0000,0.0783,False
vorbis_q8,037-02-Super-Cayor-De-Dakar-Emboutaieillage.flac,3.0000,7.5584,1.0000,0.0303,False
vorbis_q8,038-11-Red-Hot-Chili-Peppers-This-velvet-glove.flac,0.0000,0.0000,0.0000,0.1167,False
vorbis_q8,039-13-Kat-Onoma-Change-blues.flac,31.0000,17.5500,6.0000,0.2876,False
