orig_idx,kind,is_transcode,src_rolloff,model_fp,is_stereo,mod38_full,mod38_side,mod38_hf,mod76_full,mod76_hf,inband_flat_tstd,side_flat_tstd,side_energy_cv,flux_mean,flux_std
2,authentic,0,5862.8,1,1,0.016749,0.005268,0.001924,0.004463,4.4e-05,0.015735,0.016591,0.9586,13.6962,6.7456
2,mp3_128,1,5862.8,1,1,0.016871,0.004939,0.001275,0.004378,0.00038,0.065563,0.065255,0.9534,13.0077,6.4027
2,mp3_320,1,5862.8,1,1,0.016755,0.005277,0.001822,0.00446,4.1e-05,0.019929,0.021289,0.9585,13.6963,6.7451
2,mp3_v0,1,5862.8,1,1,0.016749,0.005261,0.001997,0.004473,2e-05,0.021292,0.022372,0.959,13.6968,6.7456
3,authentic,0,3371.8,1,0,0.006426,0.0,0.005951,0.011512,0.00472,0.024147,0.0,0.0,12.8263,7.3907
3,mp3_128,1,3371.8,1,0,0.006447,0.0,0.006034,0.011517,0.004483,0.022442,0.0,0.0,12.1848,7.0216
3,mp3_320,1,3371.8,1,0,0.006426,0.0,0.005945,0.011513,0.004729,0.024521,0.0,0.0,12.8263,7.3907
3,mp3_v0,1,3371.8,1,0,0.00645,0.0,0.005601,0.011518,0.00458,0.022358,0.0,0.0,12.8265,7.3904
0,authentic,0,972.9,1,1,7.3e-05,0.000336,0.003554,0.017286,0.003197,0.044078,0.048584,1.1824,8.823,7.189
0,mp3_128,1,972.9,1,1,8.4e-05,0.000336,0.005038,0.017379,0.003443,0.03753,0.038567,1.1823,8.382,6.8279
0,mp3_320,1,972.9,1,1,7.3e-05,0.000336,0.003531,0.017288,0.003612,0.044087,0.048237,1.1824,8.8229,7.1889
0,mp3_v0,1,972.9,1,1,7.3e-05,0.000335,0.003964,0.017294,0.003087,0.043673,0.048701,1.1824,8.8232,7.1892
1,authentic,0,6214.5,1,1,0.008608,0.003142,0.014256,0.002766,0.00295,0.101539,0.102128,1.4085,9.2012,8.0979
1,mp3_128,1,6214.5,1,1,0.008313,0.003066,0.013693,0.002745,0.002912,0.101959,0.101925,1.4053,8.7703,7.6941
1,mp3_320,1,6214.5,1,1,0.008613,0.003145,0.014357,0.002749,0.002993,0.101675,0.102216,1.4086,9.2016,8.0981
1,mp3_v0,1,6214.5,1,1,0.008567,0.003188,0.014254,0.002745,0.002953,0.101811,0.102149,1.4082,9.1998,8.0974
10,authentic,0,1116.2,1,1,0.00444,0.004973,0.012397,0.001459,0.004455,0.018745,0.018959,1.0446,6.4412,4.1474
10,mp3_128,1,1116.2,1,1,0.00446,0.004936,0.010966,0.001452,0.004201,0.05327,0.052098,1.0447,6.1201,3.9401
10,mp3_320,1,1116.2,1,1,0.004437,0.004972,0.012418,0.001458,0.004523,0.021188,0.021884,1.0446,6.4413,4.1474
10,mp3_v0,1,1116.2,1,1,0.004436,0.004977,0.012655,0.001457,0.004398,0.022202,0.022823,1.0447,6.4411,4.1472
11,authentic,0,6326.2,1,1,0.0032,0.00991,0.020451,0.001098,0.003113,0.001498,0.006714,2.013,13.214,9.8789
11,mp3_128,1,6326.2,1,1,0.003145,0.007918,0.020397,0.001103,0.003081,0.000982,0.003419,1.9484,12.5578,9.3831
11,mp3_320,1,6326.2,1,1,0.003193,0.009914,0.020444,0.001099,0.003107,0.001197,0.00603,2.0072,13.2139,9.879
11,mp3_v0,1,6326.2,1,1,0.003207,0.008871,0.020296,0.001102,0.003061,0.001586,0.006056,1.9803,13.219,9.8782
8,authentic,0,4737.1,1,1,0.001318,0.001932,0.002762,0.007668,0.001262,0.127662,0.128104,1.2846,10.8719,8.6861
8,mp3_128,1,4737.1,1,1,0.001317,0.00205,0.002853,0.007659,0.00118,0.127577,0.127975,1.283,10.3286,8.2501
8,mp3_320,1,4737.1,1,1,0.001324,0.001948,0.002937,0.007668,0.001223,0.127626,0.1281,1.2845,10.8715,8.6863
8,mp3_v0,1,4737.1,1,1,0.001298,0.001919,0.002746,0.00768,0.001174,0.126538,0.126811,1.2856,10.8702,8.6837
9,authentic,0,2552.6,1,1,0.003199,0.004043,0.007184,0.009842,0.002501,0.00064,0.002355,0.5984,3.3824,1.6076
9,mp3_128,1,2552.6,1,1,0.00326,0.004498,0.007496,0.009905,0.002842,0.000341,0.000973,0.599,3.2128,1.5279
9,mp3_320,1,2552.6,1,1,0.003193,0.004038,0.007452,0.009839,0.002552,0.000531,0.001904,0.5984,3.3825,1.6075
9,mp3_v0,1,2552.6,1,1,0.003208,0.003993,0.006864,0.009827,0.002333,0.000602,0.00229,0.5988,3.3827,1.6074
6,authentic,0,3778.4,1,1,0.036186,0.014927,0.035161,0.001717,0.014062,0.066003,0.088879,2.9066,1.6666,2.1354
6,mp3_128,1,3778.4,1,1,0.036364,0.014701,0.034539,0.001724,0.013783,0.015385,0.016298,2.9063,1.5835,2.0278
6,mp3_320,1,3778.4,1,1,0.036179,0.014929,0.035312,0.001717,0.014041,0.039645,0.053406,2.9066,1.6666,2.1355
6,mp3_v0,1,3778.4,1,1,0.036147,0.014954,0.035328,0.001706,0.013916,0.067828,0.090418,2.9066,1.667,2.136
7,authentic,0,3452.1,1,1,0.016855,0.018197,0.003339,0.00029,0.000778,0.025833,0.028934,1.1625,4.2025,3.421
7,mp3_128,1,3452.1,1,1,0.016859,0.018652,0.003525,0.000289,0.000813,0.024898,0.025364,1.1704,3.9924,3.2498
7,mp3_320,1,3452.1,1,1,0.016854,0.018191,0.003396,0.000289,0.000769,0.025196,0.027238,1.1626,4.2025,3.4211
7,mp3_v0,1,3452.1,1,1,0.016803,0.018691,0.003251,0.000288,0.000632,0.02589,0.026551,1.1615,4.2023,3.4199
16,authentic,0,5939.1,1,1,0.027107,0.003816,0.003039,0.001111,0.002122,0.101441,0.102622,2.0909,3.0453,3.7298
16,mp3_128,1,5939.1,1,1,0.027191,0.003917,0.003419,0.001082,0.002721,0.079253,0.086321,2.095,2.9019,3.5522
16,mp3_320,1,5939.1,1,1,0.027109,0.003825,0.002964,0.00111,0.002084,0.100698,0.101836,2.0913,3.0452,3.7297
16,mp3_v0,1,5939.1,1,1,0.027075,0.00382,0.002906,0.001105,0.001989,0.099906,0.100864,2.09,3.0462,3.7292
17,authentic,0,0.0,1,0,0.0,0.0,0.0,0.0,0.0,0.05286,0.058967,13.0402,0.0003,0.0042
17,mp3_128,1,0.0,1,0,0.0,0.0,0.0,0.0,0.0,0.077681,0.06265,12.7361,0.0003,0.0038
17,mp3_320,1,0.0,1,0,0.0,0.0,0.0,0.0,0.0,0.065543,0.05867,12.8253,0.0003,0.0041
17,mp3_v0,1,0.0,1,0,0.0,0.0,0.0,0.0,0.0,0.055281,0.062786,12.8193,0.0003,0.0042
12,authentic,0,3872.5,1,1,0.003239,0.001344,0.005551,0.000393,0.001993,0.089114,0.1119,1.8311,1.2068,1.2104
12,mp3_128,1,3872.5,1,1,0.003285,0.001368,0.005709,0.000408,0.001543,0.088196,0.111094,1.83,1.146,1.1504
12,mp3_320,1,3872.5,1,1,0.003232,0.001337,0.005707,0.000392,0.001869,0.088453,0.111406,1.8312,1.2066,1.2105
12,mp3_v0,1,3872.5,1,1,0.003242,0.001356,0.006429,0.000395,0.002512,0.088829,0.111279,1.832,1.2072,1.2101
13,authentic,0,4999.9,1,1,0.003059,0.005901,0.001659,0.001806,0.000536,0.000821,0.002083,1.7076,13.9664,7.1264
13,mp3_128,1,4999.9,1,1,0.003082,0.006607,0.001936,0.00176,0.000473,0.000467,9.7e-05,1.7002,13.276,6.7648
13,mp3_320,1,4999.9,1,1,0.003057,0.005932,0.001677,0.001804,0.000534,0.000748,0.001251,1.7065,13.9666,7.1259
13,mp3_v0,1,4999.9,1,1,0.003071,0.005894,0.001556,0.001801,0.000692,0.000654,0.00136,1.7036,13.9706,7.1256
4,authentic,0,6512.3,1,1,0.009125,0.014603,0.027752,0.003857,0.009383,0.004497,0.007623,1.1535,10.4392,6.0085
4,mp3_128,1,6512.3,1,1,0.009234,0.013589,0.027077,0.003917,0.009536,0.006192,0.006358,1.1593,9.9238,5.7123
4,mp3_320,1,6512.3,1,1,0.009133,0.014649,0.027764,0.003856,0.00936,0.002249,0.003651,1.1547,10.4389,6.0085
4,mp3_v0,1,6512.3,1,1,0.009134,0.014581,0.027704,0.003856,0.009421,0.004007,0.001932,1.1539,10.4405,6.0094
5,authentic,0,5345.2,1,1,0.004205,0.005191,0.006885,0.001383,0.00033,0.007396,0.00165,3.9599,4.3038,3.5064
5,mp3_128,1,5345.2,1,1,0.004233,0.005488,0.007274,0.001418,0.000364,0.008018,0.006106,3.9984,4.0925,3.3246
5,mp3_320,1,5345.2,1,1,0.004205,0.005177,0.006928,0.00138,0.00033,0.004492,0.001465,3.9595,4.3038,3.5066
5,mp3_v0,1,5345.2,1,1,0.004202,0.005426,0.007,0.001377,0.000308,0.006617,0.001863,3.9722,4.3051,3.5035
20,authentic,0,5392.6,1,0,0.000671,0.0,0.00161,8.5e-05,0.000909,0.002748,0.0,0.0,5.8866,4.3994
20,mp3_128,1,5392.6,1,0,0.00067,0.0,0.001636,8.8e-05,0.000931,0.059423,0.0,0.0,5.5931,4.18
20,mp3_320,1,5392.6,1,0,0.000671,0.0,0.00161,8.5e-05,0.000907,0.003649,0.0,0.0,5.8865,4.3995
20,mp3_v0,1,5392.6,1,0,0.000671,0.0,0.001618,8.5e-05,0.000904,0.003764,0.0,0.0,5.887,4.3995
21,authentic,0,4272.1,1,1,0.000561,0.004822,0.001382,0.000136,0.000255,0.037997,0.048175,1.6159,0.7037,0.6022
21,mp3_128,1,4272.1,1,1,0.000553,0.004729,0.001665,0.000144,0.000287,0.020321,0.026487,1.6158,0.6711,0.571
21,mp3_320,1,4272.1,1,1,0.000562,0.004863,0.001407,0.000137,0.000244,0.032389,0.042661,1.616,0.7037,0.6022
21,mp3_v0,1,4272.1,1,1,0.00057,0.004789,0.001296,0.000136,0.00026,0.035097,0.047434,1.6173,0.7035,0.6015
14,authentic,0,3936.4,1,0,0.00352,0.0,0.00578,0.006052,0.001503,0.039971,0.0,0.0,9.2241,5.0148
14,mp3_128,1,3936.4,1,0,0.003521,0.0,0.005774,0.00601,0.001532,0.039971,0.0,0.0,8.7644,4.7645
14,mp3_320,1,3936.4,1,0,0.003521,0.0,0.00578,0.006053,0.001503,0.039971,0.0,0.0,9.224,5.0147
14,mp3_v0,1,3936.4,1,0,0.003512,0.0,0.005729,0.006068,0.001511,0.039971,0.0,0.0,9.2252,5.0151
15,authentic,0,3600.6,1,1,0.004083,0.006965,0.009485,0.003762,0.001972,0.017345,0.018604,1.2975,1.5824,0.7915
15,mp3_128,1,3600.6,1,1,0.004172,0.007004,0.008428,0.003785,0.00168,0.01172,0.013552,1.2964,1.5031,0.7522
15,mp3_320,1,3600.6,1,1,0.004089,0.006982,0.009487,0.003761,0.002048,0.017341,0.018572,1.2974,1.5824,0.7915
15,mp3_v0,1,3600.6,1,1,0.004098,0.006968,0.009222,0.003741,0.002034,0.01257,0.012436,1.2976,1.5822,0.7914
18,authentic,0,2470.7,1,0,0.002701,0.0,0.010946,0.001592,0.008484,0.024141,0.0,0.0,13.6207,9.5978
18,mp3_128,1,2470.7,1,0,0.002702,0.0,0.010196,0.001593,0.008557,0.022137,0.0,0.0,12.9402,9.1186
18,mp3_320,1,2470.7,1,0,0.002701,0.0,0.010989,0.001592,0.008484,0.024141,0.0,0.0,13.6207,9.5978
18,mp3_v0,1,2470.7,1,0,0.002708,0.0,0.010669,0.001598,0.008251,0.024141,0.0,0.0,13.6195,9.5976
19,authentic,0,2937.0,1,1,0.001007,0.001241,0.005832,0.000571,0.001002,0.07377,0.073565,1.542,4.9861,5.2805
19,mp3_128,1,2937.0,1,1,0.000947,0.001274,0.00628,0.000596,0.000933,0.073596,0.073561,1.5473,4.7405,5.0149
19,mp3_320,1,2937.0,1,1,0.001002,0.001245,0.006143,0.000571,0.00104,0.073669,0.073565,1.5419,4.9862,5.2804
19,mp3_v0,1,2937.0,1,1,0.00101,0.001238,0.005662,0.000568,0.000947,0.073774,0.073558,1.5421,4.9869,5.2811
26,authentic,0,2931.6,1,1,0.00215,0.002131,0.030401,0.00034,0.010056,0.079635,0.079794,1.2843,5.3609,4.7659
26,mp3_128,1,2931.6,1,1,0.002136,0.002202,0.030321,0.00035,0.010137,0.078828,0.078479,1.2836,5.1006,4.5344
26,mp3_320,1,2931.6,1,1,0.00215,0.002129,0.030523,0.00034,0.010065,0.079636,0.079822,1.2841,5.3611,4.766
26,mp3_v0,1,2931.6,1,1,0.002144,0.002124,0.03048,0.000341,0.010008,0.079639,0.079791,1.2844,5.3604,4.7656
27,authentic,0,3965.2,1,1,0.003229,0.035644,0.004563,0.001584,0.001817,0.001346,0.005822,0.1689,9.7392,5.5778
27,mp3_128,1,3965.2,1,1,0.003249,0.027006,0.005408,0.001576,0.001772,0.007771,0.019806,0.3593,9.2537,5.3006
27,mp3_320,1,3965.2,1,1,0.003232,0.035273,0.004527,0.001584,0.001792,0.001515,0.004605,0.2089,9.739,5.5777
27,mp3_v0,1,3965.2,1,1,0.003219,0.03638,0.00433,0.001583,0.001939,0.001971,0.005785,0.1696,9.7391,5.5774
22,authentic,0,5513.9,1,1,0.020525,0.012045,0.027578,0.001486,0.000646,0.024645,0.025622,0.7412,20.2756,11.442
22,mp3_128,1,5513.9,1,1,0.020762,0.012476,0.027141,0.00153,0.000539,0.032415,0.032822,0.7446,19.2602,10.8568
22,mp3_320,1,5513.9,1,1,0.020523,0.012055,0.027621,0.001487,0.000651,0.026004,0.026347,0.7413,20.2758,11.4418
22,mp3_v0,1,5513.9,1,1,0.020597,0.012116,0.027407,0.001492,0.000611,0.023814,0.024839,0.7412,20.2758,11.4423
23,authentic,0,5982.9,1,1,0.005192,0.006127,0.001196,0.000261,0.002251,0.051411,0.268089,2.7736,1.8185,2.0365
23,mp3_128,1,5982.9,1,1,0.005145,0.006188,0.001229,0.000266,0.002339,0.050509,0.238182,2.7744,1.729,1.9339
23,mp3_320,1,5982.9,1,1,0.00519,0.006125,0.001213,0.000261,0.002248,0.051411,0.258654,2.7733,1.8185,2.0366
23,mp3_v0,1,5982.9,1,1,0.005188,0.006144,0.001188,0.00026,0.002272,0.051072,0.23194,2.7727,1.8202,2.0374
24,authentic,0,3596.5,1,1,0.002573,0.001765,0.00663,0.000618,0.003346,0.086514,0.086545,1.0614,3.6193,2.817
24,mp3_128,1,3596.5,1,1,0.002651,0.001846,0.007302,0.000619,0.002975,0.085091,0.085093,1.064,3.4485,2.6768
24,mp3_320,1,3596.5,1,1,0.002568,0.001756,0.006671,0.000619,0.003337,0.086519,0.086528,1.0612,3.6191,2.8167
24,mp3_v0,1,3596.5,1,1,0.002562,0.001763,0.006093,0.000623,0.003443,0.086574,0.086686,1.0616,3.6196,2.8168
25,authentic,0,6292.6,1,1,0.00144,0.008341,0.015196,0.000578,0.005135,0.001359,0.006884,1.3962,16.9586,13.3433
25,mp3_128,1,6292.6,1,1,0.001605,0.008269,0.014012,0.000553,0.004848,0.000191,0.000471,1.3934,16.1195,12.6729
25,mp3_320,1,6292.6,1,1,0.001441,0.008252,0.015192,0.000579,0.005137,0.000896,0.00316,1.396,16.9578,13.3424
25,mp3_v0,1,6292.6,1,1,0.001435,0.008415,0.015243,0.000569,0.00514,0.00081,0.003616,1.3963,16.96,13.3439
30,authentic,0,4837.7,1,0,0.001271,0.0,0.001549,0.000158,0.000874,0.002351,0.0,0.0,2.3589,2.6175
30,mp3_128,1,4837.7,1,0,0.001277,0.0,0.001506,0.000157,0.00083,0.060403,0.0,0.0,2.2406,2.487
30,mp3_320,1,4837.7,1,0,0.001271,0.0,0.001551,0.000158,0.000869,0.003525,0.0,0.0,2.3587,2.6176
30,mp3_v0,1,4837.7,1,0,0.001272,0.0,0.001534,0.000158,0.000846,0.00329,0.0,0.0,2.3589,2.6175
31,authentic,0,3901.0,1,1,0.006489,0.012248,0.030446,0.001716,0.012326,0.079625,0.079618,1.7416,3.5975,3.3607
31,mp3_128,1,3901.0,1,1,0.006484,0.012157,0.031196,0.001762,0.012081,0.07945,0.079319,1.74,3.4279,3.2016
31,mp3_320,1,3901.0,1,1,0.006487,0.012261,0.030458,0.001715,0.012298,0.079631,0.079618,1.7416,3.5976,3.3607
31,mp3_v0,1,3901.0,1,1,0.006463,0.012252,0.030509,0.00172,0.012436,0.079879,0.079749,1.7415,3.5983,3.3615
28,authentic,0,5002.4,1,1,0.010152,0.007189,0.026365,0.003975,0.004702,0.000367,0.001851,0.7351,0.818,0.5026
28,mp3_128,1,5002.4,1,1,0.010069,0.007272,0.023167,0.003957,0.005585,0.000212,0.000675,0.7349,0.7773,0.4777
28,mp3_320,1,5002.4,1,1,0.010148,0.007195,0.026362,0.003976,0.004507,0.000308,0.001465,0.7351,0.818,0.5026
28,mp3_v0,1,5002.4,1,1,0.010279,0.007212,0.026272,0.003973,0.004543,0.00034,0.001737,0.7351,0.8182,0.5026
29,authentic,0,6230.4,1,1,0.002147,0.0301,0.007919,0.000219,0.003117,0.01474,0.001427,0.1665,2.8076,3.2116
29,mp3_128,1,6230.4,1,1,0.00215,0.036037,0.007842,0.000219,0.002791,0.024154,0.042998,0.3183,2.6672,3.0519
29,mp3_320,1,6230.4,1,1,0.002145,0.027329,0.007984,0.000219,0.003154,0.008675,0.004804,0.2059,2.8075,3.2117
29,mp3_v0,1,6230.4,1,1,0.002143,0.02082,0.007986,0.00022,0.003137,0.013876,0.003918,0.1932,2.8086,3.2121
32,authentic,0,3937.1,1,1,0.004569,0.002661,0.006251,0.006427,0.00304,0.140586,0.140689,1.0333,4.8518,2.5831
32,mp3_128,1,3937.1,1,1,0.004623,0.002867,0.007878,0.00638,0.002792,0.140601,0.14071,1.0301,4.6132,2.4552
32,mp3_320,1,3937.1,1,1,0.004566,0.002651,0.006301,0.006422,0.003024,0.140596,0.140699,1.0333,4.852,2.5832
32,mp3_v0,1,3937.1,1,1,0.004597,0.002633,0.006049,0.006392,0.002963,0.140599,0.140702,1.0329,4.8519,2.583
33,authentic,0,4835.9,1,1,0.022153,0.021509,0.002635,0.004251,0.000888,0.007684,0.053968,0.966,16.0326,9.8486
33,mp3_128,1,4835.9,1,1,0.022131,0.024435,0.002122,0.004197,0.000882,0.003747,0.027393,0.9612,15.2298,9.352
33,mp3_320,1,4835.9,1,1,0.022158,0.021433,0.002628,0.004251,0.000913,0.006058,0.044794,0.9652,16.0332,9.8488
33,mp3_v0,1,4835.9,1,1,0.022119,0.021702,0.002823,0.004266,0.000894,0.007661,0.051018,0.9639,16.0336,9.8484
34,authentic,0,4052.1,1,0,0.006851,0.0,0.000702,0.011697,0.00023,0.026932,0.0,0.0,13.9204,8.0423
34,mp3_128,1,4052.1,1,0,0.006837,0.0,0.00071,0.011707,0.000253,0.02516,0.0,0.0,13.2245,7.6388
34,mp3_320,1,4052.1,1,0,0.006849,0.0,0.000699,0.011698,0.00023,0.026926,0.0,0.0,13.9205,8.0423
34,mp3_v0,1,4052.1,1,0,0.006862,0.0,0.000749,0.01169,0.000233,0.025534,0.0,0.0,13.9203,8.0414
35,authentic,0,2692.6,1,1,0.001473,0.008402,0.013591,0.000193,0.004984,0.035391,0.035401,1.0643,2.4284,2.743
35,mp3_128,1,2692.6,1,1,0.001471,0.008321,0.011678,0.000193,0.004188,0.055129,0.059242,1.0637,2.307,2.6057
35,mp3_320,1,2692.6,1,1,0.001472,0.008393,0.013552,0.000193,0.005054,0.042514,0.043431,1.0643,2.4284,2.743
35,mp3_v0,1,2692.6,1,1,0.001472,0.008427,0.013296,0.000192,0.004794,0.039968,0.039295,1.0643,2.4284,2.7429
36,authentic,0,4420.6,1,1,0.006341,0.00412,0.001655,0.002495,0.002841,0.000586,0.002951,0.7,14.4527,6.8778
36,mp3_128,1,4420.6,1,1,0.006296,0.004097,0.00213,0.002494,0.002759,0.014871,0.016897,0.6993,13.7304,6.5318
36,mp3_320,1,4420.6,1,1,0.006337,0.004129,0.001599,0.002492,0.002819,0.001607,0.003604,0.7002,14.4526,6.8779
36,mp3_v0,1,4420.6,1,1,0.00633,0.004113,0.00173,0.0025,0.002915,0.001253,0.003595,0.7001,14.4538,6.8784
37,authentic,0,6894.4,1,1,0.004901,0.004126,0.006512,0.001357,0.003113,0.051277,0.239974,2.2998,4.4576,4.5485
37,mp3_128,1,6894.4,1,1,0.005056,0.004659,0.006425,0.001359,0.003106,0.050827,0.185773,2.2965,4.2449,4.3298
37,mp3_320,1,6894.4,1,1,0.004917,0.004081,0.006492,0.001359,0.003096,0.051235,0.224966,2.2987,4.4579,4.549
37,mp3_v0,1,6894.4,1,1,0.004898,0.004296,0.006489,0.00135,0.003113,0.051363,0.183016,2.2983,4.4583,4.5486
38,authentic,0,5506.9,1,0,0.002156,0.0,0.002601,0.001399,0.001849,0.020915,0.031162,37.0308,11.3953,6.2922
38,mp3_128,1,5506.9,1,0,0.002158,0.0,0.002487,0.001418,0.001955,0.021965,0.030832,37.0228,10.8248,5.9759
38,mp3_320,1,5506.9,1,0,0.002157,0.0,0.002606,0.0014,0.00185,0.020915,0.031162,37.0308,11.3953,6.2922
38,mp3_v0,1,5506.9,1,0,0.002164,0.0,0.002622,0.001394,0.001843,0.020928,0.030867,37.1296,11.3955,6.2932
39,authentic,0,6522.9,1,1,0.002512,0.005145,0.003317,0.043016,0.001414,0.014134,0.03226,0.5199,17.5049,7.4188
39,mp3_128,1,6522.9,1,1,0.002607,0.0051,0.003265,0.042664,0.001226,0.008506,0.030329,0.5202,16.6329,7.0317
39,mp3_320,1,6522.9,1,1,0.002497,0.005141,0.003358,0.043031,0.001401,0.008793,0.032185,0.5198,17.5044,7.4239
39,mp3_v0,1,6522.9,1,1,0.002473,0.005178,0.00326,0.043156,0.001282,0.010352,0.0313,0.5199,17.5048,7.4284
42,authentic,0,3993.2,1,1,0.001962,0.015447,0.012851,0.000234,0.005214,0.0196,0.018769,0.1605,1.8419,2.6558
42,mp3_128,1,3993.2,1,1,0.001954,0.02437,0.012528,0.000238,0.005389,0.071105,0.043554,0.1405,1.7505,2.5244
42,mp3_320,1,3993.2,1,1,0.001962,0.014215,0.01291,0.000234,0.005296,0.02526,0.034233,0.1795,1.8419,2.6558
42,mp3_v0,1,3993.2,1,1,0.001972,0.017355,0.012382,0.000235,0.005074,0.023542,0.023806,0.1601,1.8423,2.6561
43,authentic,0,894.0,1,1,0.004074,0.005046,0.002518,0.000585,0.002635,0.00191,0.001577,1.0878,15.5944,6.3743
43,mp3_128,1,894.0,1,1,0.003959,0.005096,0.002249,0.000574,0.001744,0.000272,0.000241,1.0935,14.812,6.056
43,mp3_320,1,894.0,1,1,0.004073,0.005049,0.002462,0.000586,0.00255,0.001016,0.000877,1.0878,15.5946,6.3744
43,mp3_v0,1,894.0,1,1,0.00407,0.005008,0.002538,0.000587,0.002156,0.001806,0.001542,1.0877,15.5954,6.3741
44,authentic,0,1991.5,1,1,0.010868,0.003251,0.003287,0.004428,0.000619,0.002792,0.004316,1.2763,3.5973,2.4701
44,mp3_128,1,1991.5,1,1,0.010908,0.003271,0.003594,0.004461,0.000494,0.001592,0.002563,1.2738,3.4183,2.3475
44,mp3_320,1,1991.5,1,1,0.010865,0.003249,0.003313,0.004428,0.000622,0.002489,0.003842,1.2763,3.5973,2.4701
44,mp3_v0,1,1991.5,1,1,0.010879,0.003239,0.003152,0.004432,0.000724,0.003194,0.004908,1.2762,3.5974,2.4701
45,authentic,0,4009.7,1,1,0.003444,0.002852,0.00483,0.000887,0.00024,0.003108,0.105174,2.1337,5.8018,8.2356
45,mp3_128,1,4009.7,1,1,0.003453,0.002861,0.004929,0.000887,0.000251,0.021385,0.027893,2.1324,5.5125,7.8273
45,mp3_320,1,4009.7,1,1,0.003443,0.002753,0.00483,0.000887,0.000239,0.00393,0.068015,2.1334,5.8016,8.2354
45,mp3_v0,1,4009.7,1,1,0.003437,0.002705,0.004844,0.000888,0.00024,0.004544,0.049901,2.1335,5.8028,8.236
46,authentic,0,5506.8,1,1,0.011342,0.036844,0.020137,0.001764,0.009736,0.026992,0.027302,0.2176,8.3593,9.488
46,mp3_128,1,5506.8,1,1,0.011297,0.042673,0.019999,0.001756,0.009887,0.018948,0.041382,0.1709,7.9423,9.016
46,mp3_320,1,5506.8,1,1,0.011338,0.036058,0.02011,0.001765,0.009707,0.022643,0.052382,0.264,8.359,9.4875
46,mp3_v0,1,5506.8,1,1,0.01132,0.020567,0.020143,0.001768,0.009748,0.022648,0.343147,1.5609,8.3603,9.4894
47,authentic,0,3428.2,1,1,0.003466,0.002292,0.031083,0.005969,0.005259,0.019515,0.025717,0.9734,9.8636,4.3394
47,mp3_128,1,3428.2,1,1,0.003548,0.002351,0.028205,0.005952,0.004859,0.019614,0.021651,0.9738,9.3754,4.1239
47,mp3_320,1,3428.2,1,1,0.003475,0.002295,0.031124,0.005966,0.005241,0.019272,0.024481,0.9732,9.8636,4.3392
47,mp3_v0,1,3428.2,1,1,0.003467,0.002295,0.031061,0.005948,0.005275,0.020335,0.025589,0.9734,9.8641,4.3397
40,authentic,0,5941.9,1,1,0.007666,0.022714,0.022193,0.005888,0.008366,0.00023,0.000523,1.4346,8.5612,5.6941
40,mp3_128,1,5941.9,1,1,0.007941,0.022858,0.022017,0.006016,0.007994,0.000217,0.00035,1.4313,8.123,5.4021
40,mp3_320,1,5941.9,1,1,0.007654,0.022673,0.022234,0.00589,0.008338,0.000209,0.00046,1.4348,8.5607,5.6936
40,mp3_v0,1,5941.9,1,1,0.007629,0.02254,0.02199,0.005914,0.008347,0.000134,0.000386,1.4362,8.5612,5.6937
41,authentic,0,6875.3,1,1,0.010277,0.012045,0.027408,0.007489,0.005587,0.068006,0.070175,0.8459,11.1325,5.9103
41,mp3_128,1,6875.3,1,1,0.010218,0.011684,0.025256,0.00752,0.005303,0.061833,0.062263,0.8459,10.5791,5.6164
41,mp3_320,1,6875.3,1,1,0.010229,0.012028,0.027234,0.00752,0.00563,0.069445,0.071062,0.8457,11.1323,5.9092
41,mp3_v0,1,6875.3,1,1,0.010279,0.01196,0.027311,0.007486,0.005571,0.06801,0.070084,0.8456,11.1337,5.9118
50,authentic,0,3352.2,1,1,0.001608,0.00385,0.00049,0.005834,5.1e-05,0.014658,0.090066,0.9164,1.6075,0.8117
50,mp3_128,1,3352.2,1,1,0.00161,0.003937,0.000716,0.005887,0.000126,0.028447,0.089337,0.9174,1.5279,0.771
50,mp3_320,1,3352.2,1,1,0.001609,0.003852,0.000499,0.005849,5.2e-05,0.02064,0.089503,0.9163,1.6076,0.8118
50,mp3_v0,1,3352.2,1,1,0.00161,0.003855,0.000429,0.005811,6.9e-05,0.023203,0.088049,0.9162,1.6077,0.8119
51,authentic,0,5084.2,1,0,0.006324,0.0,0.002359,0.003082,0.001628,0.039973,0.0,0.0,10.1734,3.7961
51,mp3_128,1,5084.2,1,0,0.006313,0.0,0.002266,0.003074,0.001699,0.039971,0.0,0.0,9.6651,3.6065
51,mp3_320,1,5084.2,1,0,0.006324,0.0,0.002358,0.003083,0.001625,0.039973,0.0,0.0,10.1733,3.7961
51,mp3_v0,1,5084.2,1,0,0.0063,0.0,0.002348,0.003074,0.001631,0.039973,0.0,0.0,10.1729,3.7956
48,authentic,0,4334.7,1,1,0.000295,0.000301,0.003299,0.000266,0.001489,0.01376,0.013867,1.1486,3.7471,2.0819
48,mp3_128,1,4334.7,1,1,0.000322,0.00024,0.003352,0.000265,0.001424,0.004045,0.003454,1.1551,3.5652,1.9848
48,mp3_320,1,4334.7,1,1,0.000298,0.000302,0.003411,0.000266,0.001458,0.008536,0.009763,1.1483,3.7471,2.0817
48,mp3_v0,1,4334.7,1,1,0.000301,0.000317,0.00347,0.000262,0.00143,0.010504,0.012091,1.1484,3.7472,2.0822
49,authentic,0,3599.3,1,1,0.0025,0.004389,0.007675,0.001087,0.001862,0.035297,0.03418,0.9177,9.0661,5.2907
49,mp3_128,1,3599.3,1,1,0.002611,0.004375,0.007641,0.001074,0.001356,0.056036,0.059572,0.9163,8.6182,5.0275
49,mp3_320,1,3599.3,1,1,0.002505,0.004385,0.007584,0.001087,0.00184,0.042719,0.042625,0.9176,9.0662,5.2909
49,mp3_v0,1,3599.3,1,1,0.002503,0.00438,0.007538,0.001092,0.001802,0.040162,0.038722,0.9171,9.0665,5.2909
52,authentic,0,2283.3,1,1,0.011952,0.012741,0.016092,0.002252,0.001301,0.117808,0.117808,1.171,5.9032,3.573
52,mp3_128,1,2283.3,1,1,0.011975,0.012749,0.014749,0.00226,0.001273,0.116193,0.116221,1.1705,5.6069,3.3938
52,mp3_320,1,2283.3,1,1,0.01196,0.012742,0.015454,0.002252,0.001179,0.117681,0.117679,1.1709,5.9032,3.5728
52,mp3_v0,1,2283.3,1,1,0.011924,0.012753,0.016562,0.002245,0.001118,0.117239,0.117236,1.171,5.9031,3.5726
53,authentic,0,6301.2,1,1,0.008696,0.011133,0.00909,0.003297,0.004237,0.001161,0.006485,1.2062,6.9585,4.7623
53,mp3_128,1,6301.2,1,1,0.008697,0.011071,0.010297,0.003243,0.003768,0.001429,0.018078,1.2102,6.6117,4.5171
53,mp3_320,1,6301.2,1,1,0.008698,0.011122,0.009158,0.003281,0.00434,0.001782,0.004293,1.206,6.9588,4.7628
53,mp3_v0,1,6301.2,1,1,0.008699,0.011043,0.008996,0.003334,0.004214,0.002119,0.005473,1.206,6.9593,4.7625
56,authentic,0,2716.4,1,0,0.003486,0.0,0.006486,0.002381,0.004804,0.0241,0.0,0.0,12.5013,7.4494
56,mp3_128,1,2716.4,1,0,0.003489,0.0,0.006079,0.002381,0.004554,0.022755,0.0,0.0,11.8762,7.0761
56,mp3_320,1,2716.4,1,0,0.003486,0.0,0.006466,0.002382,0.00481,0.0241,0.0,0.0,12.5012,7.4493
56,mp3_v0,1,2716.4,1,0,0.003487,0.0,0.006462,0.002387,0.004776,0.0241,0.0,0.0,12.5008,7.4475
57,authentic,0,5722.3,1,1,0.00253,0.037124,0.00231,0.00081,0.000741,0.005201,0.003712,0.164,12.6283,7.0733
57,mp3_128,1,5722.3,1,1,0.002534,0.02413,0.002323,0.000823,0.000835,0.014606,0.04136,0.3057,12.0054,6.7184
57,mp3_320,1,5722.3,1,1,0.00253,0.037123,0.002292,0.000809,0.000737,0.003938,0.006162,0.2056,12.6282,7.0733
57,mp3_v0,1,5722.3,1,1,0.002538,0.03802,0.002327,0.000812,0.00074,0.005744,0.004497,0.1688,12.6295,7.0734
60,authentic,0,6240.3,1,1,0.002065,0.004904,0.003316,0.000464,0.001596,0.127467,0.12718,1.0554,5.1754,2.8643
60,mp3_128,1,6240.3,1,1,0.002086,0.005252,0.004249,0.000442,0.001383,0.127546,0.127562,1.0504,4.9243,2.7205
60,mp3_320,1,6240.3,1,1,0.002062,0.004898,0.003264,0.000464,0.001497,0.127494,0.127416,1.0547,5.1756,2.8636
60,mp3_v0,1,6240.3,1,1,0.002053,0.004856,0.003261,0.000453,0.001565,0.127547,0.127655,1.0549,5.179,2.8644
61,authentic,0,1592.0,1,1,0.026992,0.022445,0.009398,0.009391,0.005348,0.131977,0.13516,0.7244,9.5337,4.1127
61,mp3_128,1,1592.0,1,1,0.027015,0.022273,0.010017,0.00938,0.006407,0.131603,0.133739,0.7244,9.0588,3.9065
61,mp3_320,1,1592.0,1,1,0.026987,0.022451,0.00904,0.009388,0.00524,0.131891,0.134962,0.7244,9.5338,4.1127
61,mp3_v0,1,1592.0,1,1,0.026928,0.022417,0.008947,0.009388,0.005557,0.131986,0.135107,0.7244,9.5336,4.1129
54,authentic,0,5836.5,1,1,0.004645,0.004911,0.010318,0.019614,0.001038,0.199879,0.199936,0.8482,3.0963,1.7858
54,mp3_128,1,5836.5,1,1,0.004549,0.004723,0.010063,0.019643,0.000973,0.200082,0.200183,0.8494,2.9407,1.6951
54,mp3_320,1,5836.5,1,1,0.004629,0.004913,0.010091,0.01965,0.001064,0.199959,0.200038,0.8482,3.0963,1.7858
54,mp3_v0,1,5836.5,1,1,0.004683,0.00488,0.010761,0.019672,0.001013,0.200032,0.20016,0.8484,3.0969,1.786
55,authentic,0,4272.9,1,1,0.002909,0.00074,0.031003,0.012656,0.012586,0.014076,0.010244,1.5787,6.4376,6.3258
55,mp3_128,1,4272.9,1,1,0.002937,0.000751,0.030285,0.012679,0.01175,0.011714,0.009203,1.579,6.1177,6.0128
55,mp3_320,1,4272.9,1,1,0.002926,0.000741,0.030977,0.012652,0.012572,0.014096,0.01024,1.5787,6.4376,6.3259
55,mp3_v0,1,4272.9,1,1,0.002909,0.00074,0.030919,0.012655,0.012545,0.013582,0.009078,1.5787,6.4372,6.3246
58,authentic,0,2839.8,1,1,0.194102,0.047415,0.002101,0.01225,0.003312,0.034227,0.036187,1.4985,6.338,4.895
58,mp3_128,1,2839.8,1,1,0.192135,0.046414,0.002057,0.012102,0.003302,0.001969,0.001612,1.5082,6.0474,4.6598
58,mp3_320,1,2839.8,1,1,0.193291,0.047097,0.00213,0.012208,0.003323,0.014187,0.01623,1.4983,6.3392,4.8961
58,mp3_v0,1,2839.8,1,1,0.193495,0.046952,0.00207,0.012181,0.003289,0.026208,0.029431,1.4982,6.3395,4.896
59,authentic,0,5025.5,1,1,0.005205,0.007159,0.02443,0.001164,0.012987,0.001196,0.001194,1.7729,3.9276,2.7358
59,mp3_128,1,5025.5,1,1,0.005228,0.00688,0.023774,0.00117,0.012815,0.000797,0.000721,1.777,3.7326,2.598
59,mp3_320,1,5025.5,1,1,0.005226,0.007316,0.024505,0.001157,0.013055,0.001031,0.001089,1.7731,3.9277,2.7357
59,mp3_v0,1,5025.5,1,1,0.005195,0.006984,0.02441,0.001177,0.012942,0.000912,0.001061,1.7715,3.928,2.7357
62,authentic,0,6067.4,1,1,0.011876,0.009469,0.01625,0.003357,0.009669,0.004114,0.004406,0.952,7.9222,4.34
62,mp3_128,1,6067.4,1,1,0.011755,0.010344,0.014432,0.0033,0.009367,0.007665,0.007543,0.9472,7.5542,4.1447
62,mp3_320,1,6067.4,1,1,0.011888,0.009451,0.016244,0.003338,0.009722,0.002602,0.002773,0.9515,7.9218,4.3399
62,mp3_v0,1,6067.4,1,1,0.011883,0.009282,0.015549,0.003396,0.009295,0.004366,0.004611,0.9511,7.9244,4.3414
63,authentic,0,6496.9,1,1,0.001029,0.000733,0.006957,0.000302,0.000687,0.023503,0.02963,1.6438,21.0225,21.2263
63,mp3_128,1,6496.9,1,1,0.001024,0.000904,0.006535,0.000322,0.000666,0.020635,0.026624,1.6347,19.9786,20.1482
63,mp3_320,1,6496.9,1,1,0.001031,0.000737,0.006988,0.000304,0.000679,0.023387,0.029721,1.6426,21.0217,21.2221
63,mp3_v0,1,6496.9,1,1,0.001047,0.000755,0.006965,0.000301,0.000717,0.022687,0.028721,1.6401,21.0266,21.2243
64,authentic,0,3797.0,1,1,0.001357,0.002802,0.00421,0.002311,0.001721,0.000978,0.001062,0.8032,21.0995,14.56
64,mp3_128,1,3797.0,1,1,0.001396,0.00292,0.004421,0.002314,0.001584,0.013629,0.016653,0.8014,20.0468,13.8221
64,mp3_320,1,3797.0,1,1,0.001357,0.002808,0.004219,0.002311,0.001728,0.002439,0.002775,0.8035,21.0993,14.5591
64,mp3_v0,1,3797.0,1,1,0.001356,0.002823,0.004225,0.002313,0.001704,0.002242,0.00233,0.8026,21.0982,14.556
65,authentic,0,2584.7,1,1,0.004485,0.008817,0.005873,0.002748,0.005282,0.002486,0.010539,1.1912,5.5669,3.5638
65,mp3_128,1,2584.7,1,1,0.004453,0.009111,0.005834,0.002726,0.004475,0.00146,0.006468,1.1893,5.2924,3.3886
65,mp3_320,1,2584.7,1,1,0.004486,0.008813,0.006015,0.002748,0.005241,0.002162,0.009413,1.1912,5.567,3.5639
65,mp3_v0,1,2584.7,1,1,0.004491,0.008815,0.005727,0.002741,0.00506,0.002779,0.011695,1.1911,5.5671,3.564
68,authentic,0,4071.9,1,1,0.004908,0.0285,0.006666,0.008176,0.001641,0.005216,0.016454,0.1662,12.1618,7.6465
68,mp3_128,1,4071.9,1,1,0.004939,0.029101,0.006604,0.008193,0.001478,0.008524,0.022421,0.4604,11.5544,7.2647
68,mp3_320,1,4071.9,1,1,0.004909,0.025229,0.006694,0.008175,0.001647,0.003045,0.009883,0.2116,12.1618,7.6467
68,mp3_v0,1,4071.9,1,1,0.004909,0.02984,0.006408,0.008173,0.001647,0.005115,0.016551,0.1685,12.1624,7.6475
69,authentic,0,4827.3,1,1,0.018869,0.003046,0.006667,0.005806,0.004756,0.127113,0.127127,0.7127,15.9998,6.1887
69,mp3_128,1,4827.3,1,1,0.019096,0.002807,0.007313,0.005911,0.003989,0.127819,0.128003,0.7109,15.2233,5.8986
69,mp3_320,1,4827.3,1,1,0.018873,0.003064,0.006781,0.005803,0.004922,0.127281,0.127368,0.7127,15.9996,6.1889
69,mp3_v0,1,4827.3,1,1,0.018836,0.002964,0.006355,0.005792,0.004877,0.127102,0.12726,0.7124,16.0036,6.1911
70,authentic,0,6164.2,1,1,0.006882,0.004919,0.006479,0.002475,0.001317,0.037154,0.198277,2.9566,6.9874,5.8967
70,mp3_128,1,6164.2,1,1,0.006885,0.005564,0.006326,0.00243,0.001174,0.034545,0.149015,2.8468,6.64,5.6015
70,mp3_320,1,6164.2,1,1,0.006883,0.005097,0.00646,0.002475,0.001322,0.03718,0.181441,2.846,6.9874,5.8966
70,mp3_v0,1,6164.2,1,1,0.006867,0.010104,0.006444,0.002476,0.001306,0.036945,0.139119,2.8477,6.9876,5.8972
71,authentic,0,5207.2,1,1,0.007657,0.018781,0.016063,0.00256,0.007123,0.025847,0.018682,0.1631,9.7851,4.3894
71,mp3_128,1,5207.2,1,1,0.007767,0.022604,0.016009,0.002545,0.007043,0.069324,0.043861,0.1427,9.299,4.1705
71,mp3_320,1,5207.2,1,1,0.007662,0.021618,0.016053,0.002561,0.007132,0.029322,0.034536,0.1815,9.7852,4.3896
71,mp3_v0,1,5207.2,1,1,0.007647,0.019975,0.015952,0.002559,0.007144,0.029111,0.024225,0.1611,9.7852,4.389
72,authentic,0,4023.0,1,1,3.3e-05,0.000452,0.002776,0.000144,0.00048,0.033952,0.034529,1.8708,2.0147,1.8455
72,mp3_128,1,4023.0,1,1,6.7e-05,0.000513,0.002193,0.000159,0.000329,0.026251,0.026252,1.8734,1.9178,1.7532
72,mp3_320,1,4023.0,1,1,3.3e-05,0.000451,0.00285,0.000143,0.000496,0.033429,0.034242,1.8709,2.0146,1.8455
72,mp3_v0,1,4023.0,1,1,3.7e-05,0.000444,0.002397,0.000142,0.000562,0.033437,0.033215,1.8712,2.0146,1.8451
73,authentic,0,2041.9,1,1,0.01095,0.009613,0.003239,0.012436,0.001762,0.130053,0.130787,0.8591,6.0904,3.4003
73,mp3_128,1,2041.9,1,1,0.01106,0.009686,0.003832,0.012715,0.002727,0.125817,0.127008,0.8599,5.7869,3.2308
73,mp3_320,1,2041.9,1,1,0.010952,0.009623,0.003454,0.012433,0.001861,0.126033,0.127015,0.8591,6.0904,3.3997
73,mp3_v0,1,2041.9,1,1,0.010957,0.00959,0.001677,0.01243,0.000848,0.125671,0.126308,0.8591,6.0911,3.4
66,authentic,0,6805.5,1,1,0.007692,0.01453,0.025734,0.003055,0.01275,0.008134,0.031367,0.5433,12.3464,8.2299
66,mp3_128,1,6805.5,1,1,0.007837,0.015349,0.02469,0.003131,0.012536,0.001611,0.005442,0.5431,11.73,7.8017
66,mp3_320,1,6805.5,1,1,0.007685,0.01469,0.025721,0.003058,0.012752,0.005109,0.019146,0.5435,12.3468,8.2305
66,mp3_v0,1,6805.5,1,1,0.007656,0.014718,0.025738,0.003068,0.012718,0.008142,0.031729,0.5437,12.348,8.2324
67,authentic,0,6950.7,1,1,0.002266,0.001785,0.002744,0.00169,0.000612,0.002979,0.007813,1.2724,9.6514,10.3906
67,mp3_128,1,6950.7,1,1,0.002202,0.001925,0.002109,0.001744,0.00063,0.002622,0.003653,1.2726,9.1738,9.8684
67,mp3_320,1,6950.7,1,1,0.002269,0.001766,0.002682,0.001691,0.000613,0.001507,0.003282,1.2723,9.651,10.3898
67,mp3_v0,1,6950.7,1,1,0.002272,0.001945,0.00286,0.001693,0.000615,0.002367,0.00208,1.2733,9.6522,10.3902
74,authentic,0,4758.4,1,1,0.009009,0.015236,0.000627,0.004137,0.000591,0.15522,0.155283,0.8555,0.7697,0.4423
74,mp3_128,1,4758.4,1,1,0.009028,0.015231,0.001208,0.004058,0.00083,0.155337,0.155359,0.8564,0.7319,0.4204
74,mp3_320,1,4758.4,1,1,0.009014,0.015236,0.000552,0.004136,0.000596,0.155269,0.155313,0.8555,0.7697,0.4423
74,mp3_v0,1,4758.4,1,1,0.009037,0.015118,0.000575,0.004159,0.000515,0.15524,0.155298,0.8556,0.7698,0.4423
75,authentic,0,4448.1,1,1,0.001953,0.001855,0.001711,0.001881,0.000434,0.138601,0.1388,2.1072,1.1111,1.0759
75,mp3_128,1,4448.1,1,1,0.001934,0.001871,0.001753,0.001901,0.000599,0.138582,0.138645,2.1257,1.0561,1.0226
75,mp3_320,1,4448.1,1,1,0.001952,0.001854,0.001652,0.001881,0.000428,0.138599,0.138742,2.1071,1.111,1.076
75,mp3_v0,1,4448.1,1,1,0.001955,0.00188,0.001617,0.001873,0.00038,0.138003,0.138267,2.1086,1.1112,1.0765
76,authentic,0,5080.9,1,1,0.004776,0.02981,0.003376,0.004091,0.000958,0.006945,0.000565,0.2033,14.7791,8.6698
76,mp3_128,1,5080.9,1,1,0.004841,0.025297,0.003344,0.004067,0.000879,0.006738,0.041471,0.3184,14.0453,8.2361
76,mp3_320,1,5080.9,1,1,0.004786,0.028269,0.003364,0.00409,0.00095,0.00396,0.003573,0.2477,14.7787,8.6696
76,mp3_v0,1,5080.9,1,1,0.004794,0.029031,0.003337,0.004083,0.000966,0.00708,0.059958,0.2328,14.7779,8.6683
77,authentic,0,4833.5,1,1,0.006267,0.001397,0.002822,0.002022,0.000873,0.051792,0.052082,0.9003,14.9951,5.8607
77,mp3_128,1,4833.5,1,1,0.006246,0.001321,0.002093,0.002033,0.000758,0.052735,0.052043,0.9002,14.2477,5.5687
77,mp3_320,1,4833.5,1,1,0.006271,0.001412,0.002833,0.002021,0.000867,0.052588,0.053282,0.9003,14.9951,5.8609
77,mp3_v0,1,4833.5,1,1,0.006222,0.001466,0.002824,0.002053,0.000859,0.051921,0.052471,0.9004,14.9979,5.8613
78,authentic,0,4250.6,1,1,0.001787,0.01677,0.005286,0.001113,0.002031,0.016926,0.018681,0.1644,7.9813,4.9027
78,mp3_128,1,4250.6,1,1,0.001765,0.028537,0.004462,0.001116,0.00221,0.071665,0.044232,0.1416,7.5856,4.6596
78,mp3_320,1,4250.6,1,1,0.001789,0.015511,0.005271,0.001113,0.002034,0.025759,0.034853,0.1862,7.9814,4.9027
78,mp3_v0,1,4250.6,1,1,0.001784,0.02028,0.005266,0.001113,0.002035,0.0231,0.024562,0.166,7.9815,4.9025
79,authentic,0,6075.3,1,1,0.004128,0.00239,0.006108,0.002677,0.006327,0.006638,0.006537,1.1041,6.7627,4.219
79,mp3_128,1,6075.3,1,1,0.004264,0.002527,0.008919,0.002726,0.00477,0.008716,0.007642,1.1018,6.4397,4.0141
79,mp3_320,1,6075.3,1,1,0.004119,0.00238,0.00585,0.00268,0.006346,0.004139,0.004037,1.1041,6.7629,4.2194
79,mp3_v0,1,6075.3,1,1,0.004131,0.002391,0.005961,0.002697,0.00602,0.006869,0.006741,1.1032,6.7646,4.2205
80,authentic,0,4403.7,1,1,0.00145,0.004408,0.006405,0.016692,0.000905,0.142939,0.294688,4.9104,8.0554,5.6289
80,mp3_128,1,4403.7,1,1,0.001435,0.004467,0.007016,0.016716,0.000944,0.142946,0.242345,4.913,7.6525,5.3472
80,mp3_320,1,4403.7,1,1,0.001449,0.004411,0.006414,0.01669,0.000901,0.142938,0.254185,4.91,8.0553,5.6287
80,mp3_v0,1,4403.7,1,1,0.00145,0.00442,0.006634,0.016689,0.000887,0.143223,0.242165,4.912,8.0548,5.629
81,authentic,0,2076.3,1,1,0.009289,0.009318,0.039245,0.002752,0.018606,0.015367,0.018755,1.1939,3.8824,4.1801
81,mp3_128,1,2076.3,1,1,0.009296,0.009335,0.015253,0.002753,0.002925,0.057676,0.072126,1.1938,3.6874,3.9709
81,mp3_320,1,2076.3,1,1,0.009288,0.009317,0.03146,0.002751,0.016592,0.015178,0.018701,1.1939,3.8823,4.1802
81,mp3_v0,1,2076.3,1,1,0.00929,0.009318,0.039573,0.002751,0.01744,0.017152,0.020788,1.1939,3.8824,4.1799
82,authentic,0,2553.3,1,0,0.003831,0.0,0.004031,0.000745,0.001505,0.024479,0.0,0.0,7.0569,4.4717
82,mp3_128,1,2553.3,1,0,0.003836,0.0,0.004091,0.000746,0.001504,0.024264,0.0,0.0,6.7041,4.248
82,mp3_320,1,2553.3,1,0,0.003831,0.0,0.004048,0.000745,0.001504,0.024479,0.0,0.0,7.0568,4.4716
82,mp3_v0,1,2553.3,1,0,0.003835,0.0,0.00422,0.000747,0.00134,0.024479,0.0,0.0,7.0566,4.4714
83,authentic,0,5977.7,1,0,0.003793,0.025836,0.003466,0.002478,0.000508,0.024087,0.011821,6.9821,17.0317,11.0777
83,mp3_128,1,5977.7,1,0,0.003812,0.011753,0.003497,0.0025,0.000497,0.024085,0.096714,3.8683,16.1809,10.5224
83,mp3_320,1,5977.7,1,0,0.003796,0.017074,0.003467,0.002478,0.000508,0.024084,0.087756,4.2719,17.0315,11.0774
83,mp3_v0,1,5977.7,1,0,0.003781,0.0,0.003476,0.002489,0.000503,0.024089,0.0,0.0,17.0307,11.0766
86,authentic,0,2950.0,1,0,0.007695,0.0,0.00133,0.002833,0.000379,0.090637,0.057064,16.8888,9.5833,5.114
86,mp3_128,1,2950.0,1,0,0.007663,0.0,0.001432,0.002833,0.000326,0.099209,0.037785,16.2533,9.104,4.8581
86,mp3_320,1,2950.0,1,0,0.007696,0.0,0.001333,0.002833,0.00038,0.092987,0.048644,16.1437,9.5834,5.1141
86,mp3_v0,1,2950.0,1,0,0.007617,0.0,0.001586,0.002837,0.000439,0.092673,0.055692,17.0649,9.5843,5.1151
87,authentic,0,5572.9,1,0,0.010357,0.0,0.002959,0.014359,0.001166,0.128966,0.0,0.0,9.091,6.1353
87,mp3_128,1,5572.9,1,0,0.010356,0.0,0.003073,0.014335,0.001148,0.129385,0.0,0.0,8.6353,5.827
87,mp3_320,1,5572.9,1,0,0.010363,0.0,0.002944,0.014359,0.001159,0.129027,0.0,0.0,9.0909,6.1352
87,mp3_v0,1,5572.9,1,0,0.010365,0.0,0.002824,0.014354,0.001118,0.129103,0.0,0.0,9.0916,6.1337
88,authentic,0,6666.7,1,1,0.001916,0.008031,0.002332,0.001039,0.000987,0.005686,0.00595,0.5505,10.0621,4.3133
88,mp3_128,1,6666.7,1,1,0.001978,0.007766,0.002413,0.001096,0.001117,0.000497,0.000392,0.5506,9.5579,4.097
88,mp3_320,1,6666.7,1,1,0.001905,0.008077,0.002313,0.00105,0.000968,0.00423,0.003908,0.5506,10.0628,4.3132
88,mp3_v0,1,6666.7,1,1,0.001951,0.007981,0.002147,0.001041,0.000971,0.004036,0.003763,0.5504,10.0666,4.315
89,authentic,0,2775.0,1,1,0.007813,0.008216,0.003086,0.003339,0.000828,0.000664,0.001486,0.9054,14.7707,8.9285
89,mp3_128,1,2775.0,1,1,0.007735,0.008395,0.002291,0.003368,0.001016,0.006178,0.00506,0.9073,14.0376,8.4873
89,mp3_320,1,2775.0,1,1,0.007826,0.008237,0.003055,0.003336,0.000866,0.000699,0.001099,0.9052,14.7705,8.9285
89,mp3_v0,1,2775.0,1,1,0.007812,0.008238,0.003222,0.003332,0.000783,0.000779,0.001518,0.9051,14.7716,8.9283
92,authentic,0,4076.9,1,0,0.00269,0.0,0.006392,0.001175,0.002779,0.002063,0.0,0.0,7.9744,4.3434
92,mp3_128,1,4076.9,1,0,0.002691,0.0,0.006423,0.001174,0.002773,0.064136,0.0,0.0,7.5758,4.1268
92,mp3_320,1,4076.9,1,0,0.002691,0.0,0.006391,0.001175,0.002776,0.003144,0.0,0.0,7.9744,4.3436
92,mp3_v0,1,4076.9,1,0,0.002691,0.0,0.006268,0.001175,0.002771,0.003008,0.0,0.0,7.9749,4.3434
93,authentic,0,4183.8,1,1,0.002819,0.001605,0.022001,0.004933,0.010422,0.06918,0.068456,0.728,11.7675,6.0991
93,mp3_128,1,4183.8,1,1,0.002831,0.001721,0.020355,0.004884,0.009997,0.07131,0.070752,0.7275,11.18,5.7885
93,mp3_320,1,4183.8,1,1,0.002816,0.001619,0.022079,0.004944,0.010332,0.070405,0.069664,0.7281,11.7669,6.0985
93,mp3_v0,1,4183.8,1,1,0.002831,0.001611,0.022199,0.004934,0.010451,0.069419,0.06867,0.7277,11.7693,6.1
84,authentic,0,5729.3,1,1,0.009796,0.01053,0.013092,0.006646,0.005446,0.001303,0.000526,1.8232,1.8287,1.7673
84,mp3_128,1,5729.3,1,1,0.009647,0.010796,0.012508,0.006652,0.005148,0.000166,0.000129,1.8178,1.7388,1.6773
84,mp3_320,1,5729.3,1,1,0.009802,0.010536,0.013069,0.006639,0.005424,0.000764,0.000342,1.8231,1.8288,1.7674
84,mp3_v0,1,5729.3,1,1,0.009783,0.010472,0.013046,0.006613,0.005345,0.000741,0.000301,1.8208,1.8292,1.7681
85,authentic,0,3714.4,1,1,0.001913,0.006819,0.002209,0.000137,0.000496,0.243666,0.243253,1.8061,1.2926,1.0597
85,mp3_128,1,3714.4,1,1,0.001929,0.006315,0.003221,0.000133,0.000447,0.243694,0.243399,1.801,1.2301,1.008
85,mp3_320,1,3714.4,1,1,0.001915,0.006797,0.002283,0.000137,0.00045,0.243679,0.243299,1.8064,1.2926,1.0596
85,mp3_v0,1,3714.4,1,1,0.001918,0.006814,0.002251,0.000139,0.000681,0.243652,0.243214,1.8052,1.2927,1.0598
90,authentic,0,4582.5,1,1,0.005623,0.001761,0.029739,0.007405,0.013923,0.000141,0.000378,1.5084,6.1284,4.4039
90,mp3_128,1,4582.5,1,1,0.005601,0.001848,0.030134,0.00739,0.013853,0.00011,0.000163,1.5096,5.8215,4.1816
90,mp3_320,1,4582.5,1,1,0.005627,0.00176,0.029629,0.007405,0.013866,0.000126,0.000299,1.5084,6.1285,4.4041
90,mp3_v0,1,4582.5,1,1,0.005623,0.00176,0.029665,0.007396,0.013992,0.000128,0.000325,1.5089,6.1283,4.404
91,authentic,0,3710.4,1,1,0.015537,0.011841,0.002907,0.009462,0.004418,0.02413,0.027604,1.7578,19.136,9.3126
91,mp3_128,1,3710.4,1,1,0.015529,0.011525,0.00294,0.009529,0.004575,0.027784,0.028297,1.6836,18.1779,8.8494
91,mp3_320,1,3710.4,1,1,0.015533,0.011858,0.002883,0.009463,0.004441,0.024184,0.025051,1.7578,19.1357,9.3132
91,mp3_v0,1,3710.4,1,1,0.015543,0.011894,0.002972,0.009461,0.004386,0.018872,0.021768,1.7526,19.1351,9.3112
98,authentic,0,5077.9,1,1,0.000139,0.000368,0.002943,0.000176,0.000234,0.089299,0.089849,2.6914,0.7752,0.7353
98,mp3_128,1,5077.9,1,1,0.000167,0.000392,0.00284,0.000173,0.000339,0.088918,0.089151,2.6946,0.7375,0.6997
98,mp3_320,1,5077.9,1,1,0.00014,0.00037,0.002909,0.000176,0.000224,0.089222,0.089574,2.6908,0.7752,0.7352
98,mp3_v0,1,5077.9,1,1,0.000138,0.00037,0.002941,0.000174,0.000181,0.089308,0.089851,2.6907,0.7755,0.7347
99,authentic,0,3662.5,1,1,0.005792,0.01178,0.008838,0.002443,0.001805,0.02694,0.036116,1.0735,3.1507,1.456
99,mp3_128,1,3662.5,1,1,0.006213,0.011253,0.007194,0.00254,0.001696,0.026932,0.032566,1.0738,2.9931,1.3845
99,mp3_320,1,3662.5,1,1,0.005805,0.011787,0.008848,0.002449,0.001782,0.026936,0.033574,1.0735,3.1507,1.4562
99,mp3_v0,1,3662.5,1,1,0.005731,0.011848,0.008408,0.002451,0.001946,0.026945,0.033509,1.0741,3.1516,1.4562
94,authentic,0,4545.6,1,1,0.002206,0.004612,0.003643,0.005161,0.003799,0.057754,0.068808,0.8157,6.1831,2.9051
94,mp3_128,1,4545.6,1,1,0.0022,0.004463,0.003543,0.005143,0.004335,0.041943,0.052095,0.8185,5.8735,2.7602
94,mp3_320,1,4545.6,1,1,0.002204,0.004587,0.003658,0.005161,0.00385,0.055902,0.067802,0.8156,6.1831,2.905
94,mp3_v0,1,4545.6,1,1,0.002197,0.00474,0.003708,0.005175,0.003704,0.0569,0.068575,0.8152,6.1821,2.9049
95,authentic,0,3757.6,1,1,0.003949,0.002868,0.005125,0.001292,0.001139,0.11052,0.117029,1.8749,1.5391,1.2548
95,mp3_128,1,3757.6,1,1,0.003903,0.003119,0.005161,0.001285,0.001197,0.110367,0.115782,1.8679,1.4634,1.1924
95,mp3_320,1,3757.6,1,1,0.003949,0.002898,0.005114,0.001293,0.001143,0.110392,0.116281,1.8749,1.539,1.2548
95,mp3_v0,1,3757.6,1,1,0.00392,0.002986,0.005333,0.001275,0.001213,0.110575,0.115623,1.8791,1.54,1.2541
102,authentic,0,4375.7,1,1,0.006805,0.014267,0.011279,0.001263,0.003792,0.019304,0.018825,0.1574,3.67,3.5309
102,mp3_128,1,4375.7,1,1,0.006822,0.018274,0.011016,0.001257,0.004096,0.073806,0.044604,0.1398,3.4874,3.3548
102,mp3_320,1,4375.7,1,1,0.006804,0.014348,0.011285,0.001263,0.003832,0.027469,0.034313,0.1786,3.6699,3.531
102,mp3_v0,1,4375.7,1,1,0.006825,0.017487,0.011201,0.001263,0.003867,0.025703,0.023672,0.1598,3.6705,3.5308
103,authentic,0,5708.6,1,1,0.006126,0.006387,0.003001,0.001428,0.000505,0.051083,0.231278,1.971,2.7046,3.036
103,mp3_128,1,5708.6,1,1,0.006366,0.006434,0.003314,0.001429,0.000605,0.05106,0.184005,1.9724,2.5774,2.8951
103,mp3_320,1,5708.6,1,1,0.006124,0.006378,0.003017,0.001428,0.000508,0.051086,0.219642,1.9709,2.7047,3.0358
103,mp3_v0,1,5708.6,1,1,0.006158,0.006392,0.002976,0.001433,0.000497,0.051063,0.183628,1.971,2.7064,3.0374
96,authentic,0,4354.6,1,1,0.002571,0.013097,0.007794,0.000349,0.003091,0.017602,0.018995,0.1664,1.8614,1.6981
96,mp3_128,1,4354.6,1,1,0.00257,0.019209,0.007677,0.000351,0.003079,0.075185,0.043972,0.1456,1.7687,1.6129
96,mp3_320,1,4354.6,1,1,0.00257,0.014253,0.007803,0.000349,0.003083,0.026443,0.035129,0.1844,1.8614,1.6981
96,mp3_v0,1,4354.6,1,1,0.002565,0.014365,0.007887,0.000349,0.003076,0.024428,0.024775,0.1679,1.8616,1.6982
97,authentic,0,3216.8,1,1,0.016039,0.003278,0.000628,0.004077,0.000226,0.001775,0.011667,1.0019,3.6398,1.6711
97,mp3_128,1,3216.8,1,1,0.0163,0.003171,0.000905,0.004037,0.000347,0.000858,0.007386,1.0016,3.4545,1.5864
97,mp3_320,1,3216.8,1,1,0.016052,0.00327,0.000641,0.004071,0.000223,0.00145,0.010831,1.0022,3.6396,1.6711
97,mp3_v0,1,3216.8,1,1,0.015987,0.003346,0.000613,0.004103,0.000236,0.001617,0.013557,1.0012,3.6401,1.6709
104,authentic,0,4817.1,1,1,0.002378,0.001808,0.023089,0.001083,0.003732,0.134929,0.135356,0.8517,2.1846,1.0325
104,mp3_128,1,4817.1,1,1,0.0022,0.001717,0.022334,0.001187,0.003863,0.134914,0.135297,0.8529,2.0777,0.9815
104,mp3_320,1,4817.1,1,1,0.002375,0.001811,0.022678,0.001084,0.003866,0.13494,0.135371,0.8515,2.1847,1.0325
104,mp3_v0,1,4817.1,1,1,0.002404,0.001832,0.022037,0.001102,0.003701,0.134957,0.135386,0.8513,2.1849,1.0322
105,authentic,0,3198.0,1,1,0.005478,0.001947,0.011157,0.004662,0.009162,0.111014,0.111024,1.8578,4.7194,3.4646
105,mp3_128,1,3198.0,1,1,0.005408,0.001978,0.01014,0.004702,0.00944,0.109935,0.109941,1.8549,4.4882,3.2928
105,mp3_320,1,3198.0,1,1,0.005478,0.001946,0.01113,0.004663,0.009097,0.110628,0.110631,1.8578,4.7193,3.4646
105,mp3_v0,1,3198.0,1,1,0.005528,0.001971,0.011367,0.004647,0.009151,0.110674,0.110681,1.8574,4.7197,3.4652
108,authentic,0,4320.4,1,0,0.001618,0.0,0.0107,0.002692,0.002285,0.001803,0.0,0.0,5.8415,3.1353
108,mp3_128,1,4320.4,1,0,0.001615,0.0,0.010823,0.002692,0.002264,0.0642,0.0,0.0,5.5492,2.979
108,mp3_320,1,4320.4,1,0,0.001617,0.0,0.010695,0.002692,0.002283,0.003153,0.0,0.0,5.8415,3.1356
108,mp3_v0,1,4320.4,1,0,0.001615,0.0,0.01071,0.002692,0.002314,0.002725,0.0,0.0,5.8417,3.1352
109,authentic,0,5204.1,1,1,0.000422,0.011146,0.000149,0.000127,5.9e-05,0.027362,0.027552,1.0723,0.4207,0.4415
109,mp3_128,1,5204.1,1,1,0.000421,0.010427,0.000163,0.000128,5.4e-05,0.027128,0.027107,1.0771,0.4002,0.4195
109,mp3_320,1,5204.1,1,1,0.000422,0.011153,0.000154,0.000128,6.2e-05,0.02728,0.027418,1.0719,0.4207,0.4415
109,mp3_v0,1,5204.1,1,1,0.000423,0.011167,0.000177,0.000126,6.4e-05,0.027338,0.027557,1.0726,0.4214,0.4416
106,authentic,0,3434.0,1,1,0.001126,0.002952,0.003506,0.004925,0.001232,0.020507,0.024179,0.9898,3.3777,2.6205
106,mp3_128,1,3434.0,1,1,0.001216,0.003154,0.003663,0.004943,0.001167,0.020502,0.023853,0.9883,3.2116,2.4933
106,mp3_320,1,3434.0,1,1,0.001127,0.002957,0.003547,0.004933,0.001244,0.020507,0.024177,0.9899,3.3776,2.6204
106,mp3_v0,1,3434.0,1,1,0.001112,0.002988,0.003578,0.004939,0.001224,0.020255,0.024568,0.9891,3.3781,2.6207
107,authentic,0,3210.2,1,0,0.004724,0.026429,0.002283,0.009821,0.000481,0.000674,0.014804,4.6437,19.7036,7.6985
107,mp3_128,1,3210.2,1,0,0.004671,0.012659,0.002186,0.009805,0.00045,0.000153,0.140134,2.5434,18.7224,7.3126
107,mp3_320,1,3210.2,1,0,0.004725,0.015354,0.00228,0.009822,0.000482,0.000347,0.12105,2.8624,19.7034,7.6983
107,mp3_v0,1,3210.2,1,0,0.004713,0.0,0.00227,0.009814,0.00048,0.000515,0.0,0.0,19.7041,7.6973
100,authentic,0,3670.6,1,1,0.001395,0.000538,0.005839,0.000482,0.000662,0.145246,0.145547,1.0552,1.2257,0.9155
100,mp3_128,1,3670.6,1,1,0.001463,0.000572,0.005787,0.000501,0.000801,0.145708,0.145802,1.0576,1.1739,0.8684
100,mp3_320,1,3670.6,1,1,0.00139,0.000538,0.005749,0.000481,0.000663,0.145725,0.145976,1.0552,1.2257,0.9153
100,mp3_v0,1,3670.6,1,1,0.001418,0.000539,0.006003,0.000483,0.000633,0.146722,0.146934,1.0552,1.2263,0.9153
101,authentic,0,6848.6,1,1,0.004086,0.004237,0.001226,0.000856,0.007322,0.15922,0.15876,1.1387,3.7414,2.8196
101,mp3_128,1,6848.6,1,1,0.004013,0.004096,0.001208,0.00086,0.007099,0.162703,0.162431,1.1391,3.557,2.6797
101,mp3_320,1,6848.6,1,1,0.004087,0.004285,0.001219,0.000857,0.007263,0.159588,0.159336,1.1394,3.7415,2.8195
101,mp3_v0,1,6848.6,1,1,0.004142,0.003864,0.001221,0.000876,0.007178,0.163594,0.163735,1.1353,3.7428,2.8198
110,authentic,0,4246.8,1,1,0.000897,0.00988,0.010759,0.001176,0.000797,0.034424,0.069764,1.8871,1.0924,1.195
110,mp3_128,1,4246.8,1,1,0.000906,0.009997,0.012019,0.001236,0.000823,0.016233,0.034359,1.8811,1.0406,1.1394
110,mp3_320,1,4246.8,1,1,0.000897,0.009898,0.010819,0.001175,0.000785,0.029505,0.06243,1.8869,1.0925,1.1951
110,mp3_v0,1,4246.8,1,1,0.000905,0.009861,0.010935,0.001177,0.000817,0.031679,0.067013,1.8881,1.0928,1.1953
111,authentic,0,4080.3,1,1,0.007864,0.007844,0.004244,0.005762,0.001726,0.002679,0.003511,0.5596,21.2754,9.1689
111,mp3_128,1,4080.3,1,1,0.007928,0.008501,0.004335,0.00577,0.001636,0.005606,0.007303,0.5656,20.2138,8.7077
111,mp3_320,1,4080.3,1,1,0.007865,0.00772,0.004263,0.005764,0.001721,0.001427,0.002861,0.5608,21.2756,9.169
111,mp3_v0,1,4080.3,1,1,0.007862,0.008196,0.004162,0.005764,0.001719,0.002791,0.001841,0.5607,21.276,9.1696
112,authentic,0,2573.4,1,1,0.009828,0.023282,0.008256,0.003993,0.002878,0.13909,0.139088,0.9003,6.4374,3.2349
112,mp3_128,1,2573.4,1,1,0.00986,0.023514,0.006795,0.004023,0.002788,0.138338,0.138333,0.9001,6.1201,3.0757
112,mp3_320,1,2573.4,1,1,0.009833,0.023284,0.008182,0.003994,0.002921,0.139018,0.139017,0.9002,6.4373,3.2344
112,mp3_v0,1,2573.4,1,1,0.009831,0.023307,0.008012,0.003995,0.002751,0.138738,0.138736,0.9005,6.4369,3.2345
113,authentic,0,6684.0,1,1,0.003119,0.035848,0.007267,0.001235,0.001542,0.088955,0.052295,0.377,15.0426,8.1966
113,mp3_128,1,6684.0,1,1,0.003068,0.032654,0.006875,0.001226,0.001647,0.088976,0.06185,0.1975,14.293,7.787
113,mp3_320,1,6684.0,1,1,0.003112,0.033529,0.007264,0.001236,0.00155,0.088964,0.052176,0.2634,15.0422,8.1965
113,mp3_v0,1,6684.0,1,1,0.003122,0.032129,0.00723,0.001233,0.00151,0.088966,0.065984,0.2294,15.0438,8.199
114,authentic,0,3327.1,1,0,0.002973,0.0,0.010735,0.003377,0.000737,0.024138,0.0,0.0,13.5461,6.513
114,mp3_128,1,3327.1,1,0,0.002977,0.0,0.010612,0.00339,0.000746,0.02194,0.0,0.0,12.8693,6.1871
114,mp3_320,1,3327.1,1,0,0.002974,0.0,0.010723,0.003378,0.000738,0.023202,0.0,0.0,13.5462,6.5129
114,mp3_v0,1,3327.1,1,0,0.002964,0.0,0.010515,0.003407,0.000769,0.022666,0.0,0.0,13.5458,6.513
115,authentic,0,3325.3,1,0,0.004468,0.0,0.01207,0.000477,0.002473,0.129594,0.0,0.0,5.3741,3.9233
115,mp3_128,1,3325.3,1,0,0.004483,0.0,0.012136,0.000481,0.002412,0.129953,0.0,0.0,5.1055,3.7273
115,mp3_320,1,3325.3,1,0,0.004467,0.0,0.012065,0.000477,0.002476,0.129663,0.0,0.0,5.3741,3.9234
115,mp3_v0,1,3325.3,1,0,0.004486,0.0,0.012108,0.000484,0.002505,0.1296,0.0,0.0,5.374,3.9234
116,authentic,0,3742.0,1,1,0.000548,0.000468,0.003961,3.6e-05,0.000483,0.082835,0.082974,1.902,1.0511,0.9294
116,mp3_128,1,3742.0,1,1,0.000556,0.000586,0.003854,3.7e-05,0.000498,0.082841,0.083043,1.9107,1.0019,0.8832
116,mp3_320,1,3742.0,1,1,0.00055,0.000466,0.004027,3.6e-05,0.000473,0.082834,0.082994,1.9017,1.0511,0.9294
116,mp3_v0,1,3742.0,1,1,0.000551,0.000477,0.004259,3.5e-05,0.000468,0.083299,0.083487,1.9029,1.0524,0.9295
117,authentic,0,3946.2,1,0,0.001813,0.0,0.006011,0.001316,0.001924,0.001715,0.0,0.0,11.4383,7.1012
117,mp3_128,1,3946.2,1,0,0.001812,0.0,0.006118,0.001316,0.001916,0.062885,0.0,0.0,10.8665,6.7465
117,mp3_320,1,3946.2,1,0,0.001812,0.0,0.006016,0.001316,0.001925,0.003247,0.0,0.0,11.4384,7.1014
117,mp3_v0,1,3946.2,1,0,0.001814,0.0,0.006041,0.001317,0.001891,0.002596,0.0,0.0,11.4381,7.1014
118,authentic,0,4107.9,1,0,0.002691,0.016916,0.004094,0.000351,0.001383,0.012714,0.043701,0.6088,7.4255,4.8453
118,mp3_128,1,4107.9,1,1,0.002726,0.016292,0.004163,0.000353,0.001366,0.005542,0.03934,0.2999,7.0557,4.6068
118,mp3_320,1,4107.9,1,1,0.002697,0.01218,0.00411,0.00035,0.001387,0.009981,0.036351,0.3876,7.4255,4.8455
118,mp3_v0,1,4107.9,1,1,0.0027,0.020959,0.004072,0.000349,0.001417,0.012499,0.050832,0.3361,7.4262,4.8461
119,authentic,0,3560.3,1,1,0.008987,0.014767,0.029777,0.001918,0.015852,0.085674,0.085647,2.4199,3.74,4.3054
119,mp3_128,1,3560.3,1,1,0.008875,0.014567,0.029319,0.001996,0.015477,0.0857,0.085687,2.417,3.5576,4.0923
119,mp3_320,1,3560.3,1,1,0.008993,0.014761,0.02971,0.001919,0.015844,0.085683,0.085655,2.4196,3.7397,4.3048
119,mp3_v0,1,3560.3,1,1,0.009011,0.014763,0.029938,0.001924,0.015831,0.085685,0.085675,2.4192,3.7403,4.3052
