orig_idx,kind,is_transcode,src_rolloff,model_fp,is_stereo,side_mid_ratio,lr_corr,ro_mid,ro_side,side_to_mid_rolloff,holes_inband,flatness_inband,side_flatness_inband,terrace_peakfrac,preecho_pct,aliasing_corr,mp3_pattern
2,authentic,0,5862.8,1,1,0.59943,0.2509,3617.6,4285.1,1.1845,0.48795,0.007004,0.010688,0.15663,40.91,0.1708,0
2,mp3_128,1,5862.8,1,1,0.598471,0.2517,3273.0,3639.1,1.1118,0.43333,0.009187,0.013522,0.12667,40.91,0.2594,0
2,mp3_320,1,5862.8,1,1,0.599457,0.2509,3553.0,4199.0,1.1818,0.47853,0.007378,0.010982,0.15951,40.91,0.1735,0
2,mp3_v0,1,5862.8,1,1,0.599482,0.2509,3488.4,4048.2,1.1605,0.46875,0.007661,0.011414,0.15,40.91,0.2675,0
3,authentic,0,3371.8,1,0,0.0,1.0,2885.4,0.0,0.0,0.0,0.203978,1.0,0.17424,55.0,0.0679,0
3,mp3_128,1,3371.8,1,0,0.0,1.0,2885.4,0.0,0.0,0.0,0.20402,1.0,0.18182,60.0,0.0686,0
3,mp3_320,1,3371.8,1,0,0.0,1.0,2885.4,0.0,0.0,0.0,0.203979,1.0,0.17424,55.0,0.0681,0
3,mp3_v0,1,3371.8,1,0,0.0,1.0,2885.4,0.0,0.0,0.0,0.204044,1.0,0.17424,57.14,0.0739,0
0,authentic,0,972.9,1,1,1.134016,-0.0629,925.9,1055.1,1.1395,0.04545,0.141014,0.172852,0.15909,98.15,0.1495,0
0,mp3_128,1,972.9,1,1,1.134614,-0.0632,925.9,1055.1,1.1395,0.04545,0.141745,0.173408,0.15909,85.45,0.117,0
0,mp3_320,1,972.9,1,1,1.134066,-0.0629,925.9,1055.1,1.1395,0.04545,0.141025,0.172861,0.15909,96.3,0.1564,0
0,mp3_v0,1,972.9,1,1,1.134022,-0.0629,925.9,1055.1,1.1395,0.04545,0.14108,0.172873,0.15909,94.44,0.2171,0
1,authentic,0,6214.5,1,1,0.815189,0.1107,9130.1,9194.7,1.0071,0.0,0.140825,0.141654,0.29147,78.95,0.1496,0
1,mp3_128,1,6214.5,1,1,0.816604,0.1096,8634.8,8742.5,1.0125,0.0,0.161585,0.165691,0.31579,78.95,0.1537,0
1,mp3_320,1,6214.5,1,1,0.815132,0.1108,9000.9,9065.5,1.0072,0.0,0.144489,0.145318,0.29567,78.95,0.1588,0
1,mp3_v0,1,6214.5,1,1,0.815518,0.1105,9000.9,9065.5,1.0072,0.0,0.144348,0.145452,0.29567,73.68,0.1561,0
10,authentic,0,1116.2,1,1,0.661887,0.2052,1248.9,1270.5,1.0172,0.0,0.218816,0.267217,0.17857,0.0,0.1232,0
10,mp3_128,1,1116.2,1,1,0.661742,0.2053,1248.9,1270.5,1.0172,0.0,0.219321,0.268175,0.17857,30.0,0.0438,0
10,mp3_320,1,1116.2,1,1,0.661841,0.2053,1248.9,1270.5,1.0172,0.0,0.218806,0.267209,0.17857,10.0,0.126,0
10,mp3_v0,1,1116.2,1,1,0.661861,0.2052,1248.9,1270.5,1.0172,0.0,0.218788,0.267214,0.17857,0.0,0.1499,0
11,authentic,0,6326.2,1,1,0.004779,0.9906,8548.7,11068.1,1.2947,0.0,0.176406,0.646642,0.17722,77.27,0.3046,0
11,mp3_128,1,6326.2,1,1,0.00519,0.9898,8591.7,10615.9,1.2356,0.0,0.176567,0.540645,0.18136,86.05,0.2878,0
11,mp3_320,1,6326.2,1,1,0.004806,0.9906,8548.7,11068.1,1.2947,0.0,0.176411,0.649852,0.17722,76.92,0.3047,0
11,mp3_v0,1,6326.2,1,1,0.004879,0.9904,8548.7,11068.1,1.2947,0.0,0.176478,0.649845,0.17722,77.78,0.3054,0
8,authentic,0,4737.1,1,1,0.103344,0.8135,4177.4,6912.2,1.6546,0.20833,0.031891,0.071082,0.21875,100.0,0.131,0
8,mp3_128,1,4737.1,1,1,0.103245,0.8136,4005.2,5232.6,1.3065,0.16848,0.036361,0.081019,0.22826,100.0,0.1482,0
8,mp3_320,1,4737.1,1,1,0.10335,0.8135,4069.8,6524.6,1.6032,0.18717,0.034401,0.076438,0.2246,100.0,0.1319,0
8,mp3_v0,1,4737.1,1,1,0.103566,0.8131,3962.1,6093.9,1.538,0.16484,0.036786,0.0821,0.23077,100.0,0.1844,0
9,authentic,0,2552.6,1,1,0.173916,0.7071,1615.0,2691.7,1.6667,0.05479,0.05594,0.13642,0.16438,12.22,0.1299,0
9,mp3_128,1,2552.6,1,1,0.173986,0.707,1615.0,2605.5,1.6133,0.05479,0.05617,0.138108,0.16438,17.78,0.1366,0
9,mp3_320,1,2552.6,1,1,0.173911,0.7071,1615.0,2670.1,1.6533,0.05479,0.055936,0.136434,0.16438,12.36,0.1341,0
9,mp3_v0,1,2552.6,1,1,0.173927,0.7071,1615.0,2627.1,1.6267,0.05479,0.055994,0.1367,0.16438,13.33,0.2215,0
6,authentic,0,3778.4,1,1,0.59066,0.2733,4242.0,6029.3,1.4213,0.60513,0.00473,0.003068,0.15897,100.0,0.1616,0
6,mp3_128,1,3778.4,1,1,0.591494,0.2728,3208.4,2885.4,0.8993,0.47619,0.010553,0.006957,0.17007,75.0,0.2386,0
6,mp3_320,1,3778.4,1,1,0.590684,0.2733,3789.8,5038.8,1.3295,0.55747,0.006469,0.004214,0.16092,66.67,0.164,0
6,mp3_v0,1,3778.4,1,1,0.590686,0.2733,3466.8,4392.8,1.2671,0.51572,0.008334,0.00544,0.16981,100.0,0.2018,0
7,authentic,0,3452.1,1,1,0.005653,0.9903,2691.7,8010.4,2.976,0.33333,0.014226,0.020062,0.20325,31.58,0.1772,0
7,mp3_128,1,3452.1,1,1,0.005687,0.9903,2605.5,4306.6,1.6529,0.31092,0.015443,0.022557,0.21008,30.0,0.2455,0
7,mp3_320,1,3452.1,1,1,0.005655,0.9903,2648.6,7084.4,2.6748,0.32231,0.014871,0.020746,0.20661,31.58,0.1783,0
7,mp3_v0,1,3452.1,1,1,0.005657,0.9903,2562.5,6395.4,2.4958,0.29915,0.016114,0.022421,0.21368,36.84,0.2397,0
12,authentic,0,3872.5,1,1,0.278232,0.5717,6998.3,6201.6,0.8862,0.66563,0.003091,0.003372,0.17957,33.33,0.1147,0
12,mp3_128,1,3872.5,1,1,0.278188,0.5717,3402.2,3445.3,1.0127,0.32051,0.027228,0.03104,0.10256,0.0,0.2555,0
12,mp3_320,1,3872.5,1,1,0.278262,0.5717,4457.4,4586.6,1.029,0.47317,0.01206,0.013914,0.10732,33.33,0.1149,0
12,mp3_v0,1,3872.5,1,1,0.278439,0.5715,5318.7,6244.6,1.1741,0.55918,0.006803,0.007988,0.11429,0.0,0.1145,0
13,authentic,0,4999.9,1,1,0.013213,0.9744,7364.4,8850.1,1.2018,0.35294,0.022619,0.070843,0.14118,85.71,0.107,0
13,mp3_128,1,4999.9,1,1,0.013314,0.9742,7407.4,7278.2,0.9826,0.35673,0.023018,0.064313,0.13158,84.44,0.1176,0
13,mp3_320,1,4999.9,1,1,0.013217,0.9744,7364.4,8785.5,1.193,0.35294,0.022617,0.071418,0.14118,85.71,0.1066,0
13,mp3_v0,1,4999.9,1,1,0.013224,0.9743,7364.4,8699.4,1.1813,0.35294,0.022683,0.071797,0.13824,85.71,0.1074,0
4,authentic,0,6512.3,1,1,0.010051,0.9811,8807.1,10314.4,1.1711,0.18428,0.06014,0.115744,0.16953,100.0,0.0988,0
4,mp3_128,1,6512.3,1,1,0.010277,0.9806,8548.7,5857.0,0.6851,0.1443,0.065257,0.071904,0.17468,83.33,0.1258,0
4,mp3_320,1,6512.3,1,1,0.010062,0.981,8720.9,8591.7,0.9852,0.17618,0.061322,0.121393,0.17122,100.0,0.0988,0
4,mp3_v0,1,6512.3,1,1,0.010123,0.9809,8764.0,7278.2,0.8305,0.18025,0.060804,0.102347,0.17037,100.0,0.0975,0
5,authentic,0,5345.2,1,1,0.168242,0.7248,5404.8,5081.8,0.9402,0.1245,0.060187,0.027083,0.1004,100.0,0.1663,0
5,mp3_128,1,5345.2,1,1,0.169066,0.7235,5189.5,3380.7,0.6515,0.11297,0.065767,0.031114,0.10042,100.0,0.2639,0
5,mp3_320,1,5345.2,1,1,0.168278,0.7247,5297.2,4522.0,0.8537,0.12705,0.061173,0.029718,0.09426,100.0,0.1678,0
5,mp3_v0,1,5345.2,1,1,0.168448,0.7244,5124.9,4220.5,0.8235,0.11017,0.066858,0.035881,0.09746,100.0,0.2464,0
16,authentic,0,5939.1,1,1,0.444619,0.3878,5081.8,6352.3,1.25,0.04701,0.088714,0.186309,0.17521,100.0,0.1325,0
16,mp3_128,1,5939.1,1,1,0.444805,0.3875,4801.9,5878.6,1.2242,0.00452,0.109196,0.229181,0.20362,100.0,0.1873,0
16,mp3_320,1,5939.1,1,1,0.444638,0.3877,4995.7,6201.6,1.2414,0.03043,0.093781,0.197061,0.17826,100.0,0.1326,0
16,mp3_v0,1,5939.1,1,1,0.444492,0.3879,4888.0,5943.2,1.2159,0.02222,0.099722,0.210118,0.18222,100.0,0.173,0
17,authentic,0,0.0,1,0,0.001198,0.9976,20219.7,20865.7,1.0319,0.0,0.595507,0.493155,0.4397,0.0,0.0,1
17,mp3_128,1,0.0,1,0,0.001305,0.9974,15805.4,20155.1,1.2752,0.0,0.56724,0.511318,0.43852,0.0,0.0,0
17,mp3_320,1,0.0,1,0,0.001355,0.9973,18841.6,19875.1,1.0549,0.0,0.5853,0.534625,0.43757,0.0,0.0,1
17,mp3_v0,1,0.0,1,0,0.001304,0.9974,20176.6,20542.7,1.0181,0.0,0.596716,0.510362,0.46417,0.0,0.0,0
20,authentic,0,5392.6,1,0,0.0,1.0,5146.4,0.0,0.0,0.0,0.281992,0.999999,0.27426,80.0,0.0561,0
20,mp3_128,1,5392.6,1,0,0.0,1.0,5103.4,0.0,0.0,0.0,0.285428,0.999999,0.26809,88.89,0.3929,0
20,mp3_320,1,5392.6,1,0,0.0,1.0,5124.9,0.0,0.0,0.0,0.283667,0.999999,0.27119,80.0,0.0578,0
20,mp3_v0,1,5392.6,1,0,0.0,1.0,5124.9,0.0,0.0,0.0,0.283696,0.999999,0.27119,80.0,0.0545,0
21,authentic,0,4272.1,1,1,0.237228,0.6182,4737.3,5706.3,1.2045,0.52752,0.010337,0.022135,0.11927,100.0,0.0861,0
21,mp3_128,1,4272.1,1,1,0.237032,0.6185,4586.6,4737.3,1.0329,0.50237,0.011313,0.025613,0.12796,100.0,0.0899,0
21,mp3_320,1,4272.1,1,1,0.237242,0.6182,4715.8,5706.3,1.21,0.52535,0.010434,0.02249,0.11982,100.0,0.0882,0
21,mp3_v0,1,4272.1,1,1,0.237264,0.6182,4586.6,5318.7,1.1596,0.51185,0.010958,0.024172,0.11848,100.0,0.0983,0
14,authentic,0,3936.4,1,0,0.0,1.0,4522.0,0.0,0.0,0.0,0.320991,0.999999,0.17308,0.0,0.0618,0
14,mp3_128,1,3936.4,1,0,0.0,1.0,4522.0,0.0,0.0,0.0,0.321377,0.999999,0.17308,0.0,0.0738,0
14,mp3_320,1,3936.4,1,0,0.0,1.0,4522.0,0.0,0.0,0.0,0.320995,0.999999,0.17308,0.0,0.0619,0
14,mp3_v0,1,3936.4,1,0,0.0,1.0,4522.0,0.0,0.0,0.0,0.321045,0.999999,0.17308,0.0,0.0729,0
15,authentic,0,3600.6,1,1,0.726112,0.1595,1894.9,1808.8,0.9545,0.10465,0.08465,0.077588,0.13953,66.67,0.1656,0
15,mp3_128,1,3600.6,1,1,0.726421,0.1593,1787.3,1765.7,0.988,0.06173,0.110009,0.103014,0.14815,100.0,0.2205,0
15,mp3_320,1,3600.6,1,1,0.726104,0.1595,1873.4,1787.3,0.954,0.09412,0.088523,0.081853,0.14118,66.67,0.1674,0
15,mp3_v0,1,3600.6,1,1,0.726178,0.1594,1787.3,1765.7,0.988,0.06173,0.108498,0.100616,0.14815,66.67,0.2609,0
18,authentic,0,2470.7,1,0,0.0,1.0,2519.4,0.0,0.0,0.0,0.111972,0.999997,0.15652,63.46,0.15,0
18,mp3_128,1,2470.7,1,0,0.0,1.0,2540.9,0.0,0.0,0.0,0.109683,0.999997,0.15517,60.78,0.1616,0
18,mp3_320,1,2470.7,1,0,0.0,1.0,2519.4,0.0,0.0,0.0,0.111972,0.999997,0.15652,63.46,0.1497,0
18,mp3_v0,1,2470.7,1,0,0.0,1.0,2519.4,0.0,0.0,0.0,0.112015,0.999997,0.15652,58.49,0.1657,0
19,authentic,0,2937.0,1,1,0.487668,0.3445,3273.0,3036.2,0.9276,0.02667,0.108004,0.067691,0.14,100.0,0.1458,0
19,mp3_128,1,2937.0,1,1,0.488684,0.3435,3208.4,2842.4,0.8859,0.01361,0.117515,0.074994,0.14286,100.0,0.1946,0
19,mp3_320,1,2937.0,1,1,0.487683,0.3445,3230.0,3014.6,0.9333,0.02027,0.113027,0.070848,0.14189,100.0,0.149,0
19,mp3_v0,1,2937.0,1,1,0.487525,0.3446,3186.9,2971.6,0.9324,0.0137,0.117319,0.074203,0.14384,100.0,0.1877,0
26,authentic,0,2931.6,1,1,0.317935,0.5249,1550.4,2476.3,1.5972,0.02857,0.044774,0.069635,0.24286,1.35,0.1772,0
26,mp3_128,1,2931.6,1,1,0.31755,0.5254,1528.9,2304.1,1.507,0.0,0.046135,0.070815,0.24638,18.92,0.2704,0
26,mp3_320,1,2931.6,1,1,0.317926,0.5249,1550.4,2433.3,1.5694,0.02857,0.044773,0.069622,0.24286,0.0,0.184,0
26,mp3_v0,1,2931.6,1,1,0.318036,0.5248,1528.9,2368.7,1.5493,0.0,0.045974,0.069939,0.24638,12.16,0.2774,0
27,authentic,0,3965.2,1,1,1e-06,1.0,3423.8,21727.0,6.3459,0.0,0.159872,0.514327,0.15287,45.45,0.0594,0
27,mp3_128,1,3965.2,1,1,0.0,1.0,3359.2,19229.2,5.7244,0.0,0.165222,0.664948,0.15584,72.73,0.1547,0
27,mp3_320,1,3965.2,1,1,1e-06,1.0,3402.2,19853.6,5.8354,0.0,0.161705,0.707806,0.15385,54.55,0.0612,0
27,mp3_v0,1,3965.2,1,1,1e-06,1.0,3359.2,21705.5,6.4615,0.0,0.164959,0.6915,0.15584,63.64,0.0849,0
22,authentic,0,5513.9,1,1,0.095059,0.8339,2433.3,2627.1,1.0796,0.14414,0.036452,0.081535,0.16216,19.41,0.3858,0
22,mp3_128,1,5513.9,1,1,0.095124,0.8338,2454.8,2540.9,1.0351,0.14286,0.036218,0.083198,0.16964,19.41,0.3772,0
22,mp3_320,1,5513.9,1,1,0.09505,0.8339,2433.3,2627.1,1.0796,0.14414,0.036454,0.081577,0.16216,19.41,0.3862,0
22,mp3_v0,1,5513.9,1,1,0.095057,0.8339,2411.7,2605.5,1.0804,0.13636,0.0374,0.083103,0.16364,18.93,0.3865,0
23,authentic,0,5982.9,1,1,0.009389,0.9817,7062.9,3251.5,0.4604,0.55828,0.010903,0.000502,0.13804,85.71,0.1212,0
23,mp3_128,1,5982.9,1,1,0.009395,0.9817,7062.9,3230.0,0.4573,0.55521,0.011558,0.000572,0.15337,85.71,0.1031,0
23,mp3_320,1,5982.9,1,1,0.009388,0.9817,7062.9,3423.8,0.4848,0.55828,0.010907,0.000559,0.13804,85.71,0.1245,0
23,mp3_v0,1,5982.9,1,1,0.009393,0.9817,7062.9,3380.7,0.4787,0.55828,0.011373,0.000603,0.14724,85.71,0.1286,0
24,authentic,0,3596.5,1,1,0.32802,0.5068,3553.0,3983.6,1.1212,0.0,0.238078,0.444396,0.17791,0.0,0.1766,0
24,mp3_128,1,3596.5,1,1,0.328866,0.5058,3531.4,3897.5,1.1037,0.0,0.242924,0.454686,0.18519,14.29,0.25,0
24,mp3_320,1,3596.5,1,1,0.328015,0.5068,3553.0,3962.1,1.1152,0.0,0.238093,0.444492,0.17791,0.0,0.1866,0
24,mp3_v0,1,3596.5,1,1,0.32808,0.5067,3531.4,3919.0,1.1098,0.0,0.240298,0.449896,0.17901,0.0,0.3148,0
25,authentic,0,6292.6,1,1,0.022364,0.9858,8441.0,11671.0,1.3827,0.24615,0.082734,0.049854,0.19744,57.14,0.0922,0
25,mp3_128,1,6292.6,1,1,0.022393,0.9858,8419.5,10400.5,1.2353,0.24165,0.084852,0.035277,0.18509,62.5,0.1238,0
25,mp3_320,1,6292.6,1,1,0.022363,0.9858,8441.0,11412.6,1.352,0.24615,0.082747,0.050939,0.2,62.5,0.0914,0
25,mp3_v0,1,6292.6,1,1,0.022428,0.9858,8419.5,11369.5,1.3504,0.24422,0.083157,0.051323,0.19537,57.14,0.0925,0
30,authentic,0,4837.7,1,0,0.0,1.0,4478.9,0.0,0.0,0.0,0.290059,0.999996,0.21359,100.0,0.0456,0
30,mp3_128,1,4837.7,1,0,0.0,1.0,4263.6,0.0,0.0,0.0,0.322053,0.999997,0.22449,100.0,0.274,0
30,mp3_320,1,4837.7,1,0,0.0,1.0,4371.2,0.0,0.0,0.0,0.305462,1.0,0.21891,100.0,0.0463,0
30,mp3_v0,1,4837.7,1,0,0.0,1.0,4478.9,0.0,0.0,0.0,0.290156,0.999996,0.21359,100.0,0.0384,0
31,authentic,0,3901.0,1,1,1.052778,-0.0285,3811.4,3445.3,0.904,0.0,0.143108,0.214386,0.22286,35.29,0.1675,0
31,mp3_128,1,3901.0,1,1,1.048304,-0.0262,3746.8,3423.8,0.9138,0.0,0.150362,0.224731,0.2093,60.0,0.1931,0
31,mp3_320,1,3901.0,1,1,1.052841,-0.0286,3789.8,3423.8,0.9034,0.0,0.143955,0.217231,0.21839,27.78,0.1813,0
31,mp3_v0,1,3901.0,1,1,1.052501,-0.0284,3768.3,3423.8,0.9086,0.0,0.14517,0.219948,0.21387,41.18,0.2707,0
28,authentic,0,5002.4,1,1,0.233873,0.6211,2648.6,4220.5,1.5935,0.15702,0.03383,0.061245,0.12397,5.88,0.1471,0
28,mp3_128,1,5002.4,1,1,0.233857,0.6211,2476.3,3553.0,1.4348,0.10619,0.04258,0.076355,0.12389,22.22,0.2083,0
28,mp3_320,1,5002.4,1,1,0.233853,0.6211,2584.0,4048.2,1.5667,0.15254,0.036307,0.065132,0.12712,5.88,0.1497,0
28,mp3_v0,1,5002.4,1,1,0.233967,0.621,2454.8,3725.2,1.5175,0.10714,0.043018,0.07524,0.13393,8.82,0.2522,0
29,authentic,0,6230.4,1,1,3e-06,1.0,6826.0,21748.5,3.1861,0.06984,0.02596,0.594361,0.22857,100.0,0.0405,0
29,mp3_128,1,6230.4,1,1,0.0,1.0,6416.9,20198.1,3.1477,0.01014,0.028998,0.971118,0.23986,100.0,0.0801,0
29,mp3_320,1,6230.4,1,1,2e-06,1.0,6675.3,19875.1,2.9774,0.0487,0.027006,0.958844,0.23052,100.0,0.0412,0
29,mp3_v0,1,6230.4,1,1,3e-06,1.0,6481.5,21683.9,3.3455,0.02007,0.028429,0.948108,0.23746,100.0,0.0549,0
32,authentic,0,3937.1,1,1,0.420308,0.4204,4155.9,4220.5,1.0155,0.0,0.090125,0.079434,0.17801,94.12,0.1397,0
32,mp3_128,1,3937.1,1,1,0.421247,0.4194,4091.3,4242.0,1.0368,0.0,0.094222,0.088647,0.18085,100.0,0.1299,0
32,mp3_320,1,3937.1,1,1,0.420286,0.4204,4134.4,4199.0,1.0156,0.0,0.090865,0.080135,0.17895,94.12,0.1537,0
32,mp3_v0,1,3937.1,1,1,0.420319,0.4204,4112.8,4199.0,1.0209,0.0,0.091805,0.08154,0.17989,94.12,0.1608,0
33,authentic,0,4835.9,1,1,0.012971,0.9917,5318.7,8720.9,1.6397,0.1551,0.050064,0.132762,0.14694,84.72,0.0583,0
33,mp3_128,1,4835.9,1,1,0.013165,0.9909,5318.7,6460.0,1.2146,0.1551,0.050436,0.12906,0.14694,84.51,0.0867,0
33,mp3_320,1,4835.9,1,1,0.012975,0.9917,5297.2,8311.8,1.5691,0.15164,0.050557,0.134365,0.14754,84.51,0.0566,0
33,mp3_v0,1,4835.9,1,1,0.012993,0.9916,5254.1,8247.2,1.5697,0.14876,0.051413,0.135712,0.13636,83.1,0.0804,0
34,authentic,0,4052.1,1,0,0.0,1.0,4263.6,0.0,0.0,0.06122,0.046802,0.999997,0.13776,28.0,0.2149,0
34,mp3_128,1,4052.1,1,0,0.0,1.0,4134.4,0.0,0.0,0.06316,0.048002,0.999997,0.12632,26.92,0.298,0
34,mp3_320,1,4052.1,1,0,0.0,1.0,4220.5,0.0,0.0,0.06186,0.047368,0.999997,0.13918,28.0,0.2159,0
34,mp3_v0,1,4052.1,1,0,0.0,1.0,4263.6,0.0,0.0,0.06122,0.046847,0.999997,0.13776,32.0,0.2109,0
35,authentic,0,2692.6,1,1,0.071386,0.9339,1593.5,1615.0,1.0135,0.06944,0.165575,0.182206,0.16667,15.62,0.204,1
35,mp3_128,1,2692.6,1,1,0.071381,0.9339,1593.5,1593.5,1.0,0.06944,0.165729,0.186168,0.16667,46.88,0.3663,1
35,mp3_320,1,2692.6,1,1,0.071385,0.9339,1593.5,1615.0,1.0135,0.06944,0.165583,0.182331,0.16667,15.62,0.203,1
35,mp3_v0,1,2692.6,1,1,0.07139,0.9339,1593.5,1593.5,1.0,0.06944,0.165625,0.18261,0.16667,3.12,0.2428,1
36,authentic,0,4420.6,1,1,0.146674,0.7538,2713.2,3574.5,1.3175,0.0,0.078419,0.281024,0.15323,76.0,0.0252,0
36,mp3_128,1,4420.6,1,1,0.146859,0.7535,2670.1,3402.2,1.2742,0.0,0.081413,0.28891,0.14754,92.0,0.1111,0
36,mp3_320,1,4420.6,1,1,0.146671,0.7538,2691.7,3488.4,1.296,0.0,0.079672,0.283581,0.15447,80.0,0.0236,0
36,mp3_v0,1,4420.6,1,1,0.146678,0.7538,2691.7,3509.9,1.304,0.0,0.079693,0.28368,0.15447,84.0,0.0197,0
37,authentic,0,6894.4,1,1,0.013597,0.9734,9065.5,7019.8,0.7743,0.07637,0.072308,0.024286,0.18138,100.0,0.0582,0
37,mp3_128,1,6894.4,1,1,0.013589,0.9734,8979.3,6352.3,0.7074,0.06024,0.075091,0.024713,0.19036,100.0,0.0639,0
37,mp3_320,1,6894.4,1,1,0.013589,0.9734,9065.5,7041.4,0.7767,0.07637,0.072331,0.024853,0.18138,100.0,0.0598,0
37,mp3_v0,1,6894.4,1,1,0.013596,0.9734,9043.9,6955.2,0.769,0.07416,0.072858,0.025577,0.18182,100.0,0.0595,0
38,authentic,0,5506.9,1,0,0.0,1.0,4909.6,19724.4,4.0175,0.0,0.311144,0.190913,0.25664,0.0,0.1098,0
38,mp3_128,1,5506.9,1,0,0.0,1.0,4931.1,19552.1,3.9651,0.0,0.308738,0.207699,0.25551,0.0,0.1349,0
38,mp3_320,1,5506.9,1,0,0.0,1.0,4909.6,19724.4,4.0175,0.0,0.311146,0.190913,0.25664,0.0,0.1082,0
38,mp3_v0,1,5506.9,1,0,0.0,1.0,4909.6,19616.7,3.9956,0.0,0.311188,0.196154,0.26106,0.0,0.1103,0
39,authentic,0,6522.9,1,1,0.30531,0.5352,10443.6,10012.9,0.9588,0.5942,0.009335,0.007491,0.23602,100.0,0.1053,0
39,mp3_128,1,6522.9,1,1,0.305646,0.5348,9151.6,7385.9,0.8071,0.52009,0.01155,0.008612,0.2695,100.0,0.1411,0
39,mp3_320,1,6522.9,1,1,0.305431,0.5351,10206.7,9883.7,0.9684,0.58475,0.009655,0.00785,0.24364,100.0,0.1118,0
39,mp3_v0,1,6522.9,1,1,0.305391,0.5351,10249.8,10012.9,0.9769,0.5865,0.009583,0.007923,0.24051,100.0,0.1544,0
42,authentic,0,3993.2,1,1,0.0,1.0,3811.4,21683.9,5.6893,0.0,0.591065,0.999465,0.25143,0.0,0.1172,0
42,mp3_128,1,3993.2,1,1,0.0,1.0,3789.8,20564.2,5.4261,0.0,0.597304,0.996554,0.25287,0.0,0.1827,0
42,mp3_320,1,3993.2,1,1,0.0,1.0,3811.4,19939.7,5.2316,0.0,0.591077,0.999339,0.25143,0.0,0.1178,0
42,mp3_v0,1,3993.2,1,1,0.0,1.0,3789.8,21619.3,5.7045,0.0,0.597063,0.998522,0.25862,0.0,0.1604,0
43,authentic,0,894.0,1,1,0.08178,0.8521,1033.6,1227.4,1.1875,0.13043,0.054998,0.064044,0.1087,2.44,0.0957,0
43,mp3_128,1,894.0,1,1,0.082088,0.8515,969.0,1076.7,1.1111,0.13636,0.057722,0.073145,0.11364,15.0,0.2209,0
43,mp3_320,1,894.0,1,1,0.081779,0.8521,1012.1,1184.3,1.1702,0.13333,0.053961,0.064055,0.11111,4.88,0.0986,0
43,mp3_v0,1,894.0,1,1,0.081786,0.8521,990.5,1119.7,1.1304,0.13636,0.057439,0.068782,0.11364,24.39,0.1567,0
44,authentic,0,1991.5,1,1,0.617958,0.2369,2217.9,2390.2,1.0777,0.0198,0.117599,0.124053,0.12871,100.0,0.1896,0
44,mp3_128,1,1991.5,1,1,0.61782,0.237,2196.4,2390.2,1.0882,0.01,0.12006,0.127201,0.13,100.0,0.1676,0
44,mp3_320,1,1991.5,1,1,0.617964,0.2369,2217.9,2390.2,1.0777,0.0198,0.117601,0.124038,0.12871,87.5,0.1922,0
44,mp3_v0,1,1991.5,1,1,0.618009,0.2369,2196.4,2390.2,1.0882,0.02,0.11946,0.125646,0.13,100.0,0.3251,0
45,authentic,0,4009.7,1,1,0.000277,0.9995,4242.0,19444.5,4.5838,0.00513,0.140274,0.323512,0.11795,74.19,0.0993,0
45,mp3_128,1,4009.7,1,1,0.000279,0.9994,4199.0,6223.1,1.4821,0.00518,0.143785,0.34986,0.11917,76.67,0.2349,0
45,mp3_320,1,4009.7,1,1,0.000277,0.9995,4220.5,17420.4,4.1276,0.00515,0.141723,0.33053,0.11856,74.19,0.1012,0
45,mp3_v0,1,4009.7,1,1,0.000277,0.9994,4199.0,12015.5,2.8615,0.00518,0.142968,0.338274,0.11917,77.42,0.1582,0
40,authentic,0,5941.9,1,1,0.198187,0.671,5814.0,7558.2,1.3,0.52239,0.022115,0.071817,0.1903,0.0,0.2557,0
40,mp3_128,1,5941.9,1,1,0.19852,0.6705,6007.8,7665.8,1.276,0.53791,0.021162,0.069904,0.19495,0.0,0.2541,0
40,mp3_320,1,5941.9,1,1,0.19821,0.6709,5814.0,7601.2,1.3074,0.52239,0.022132,0.071965,0.1903,0.0,0.2549,0
40,mp3_v0,1,5941.9,1,1,0.19832,0.6708,5835.5,7644.3,1.31,0.52416,0.021987,0.071996,0.19331,0.0,0.2559,0
41,authentic,0,6875.3,1,1,0.304858,0.5854,7235.2,8311.8,1.1488,0.0,0.109035,0.189272,0.21557,0.0,0.062,0
41,mp3_128,1,6875.3,1,1,0.307997,0.5809,7149.0,7752.0,1.0843,0.0,0.114181,0.204274,0.23636,50.0,0.0802,0
41,mp3_320,1,6875.3,1,1,0.3049,0.5853,7235.2,8247.2,1.1399,0.0,0.109023,0.189566,0.21557,0.0,0.0608,0
41,mp3_v0,1,6875.3,1,1,0.305004,0.5852,7213.6,8118.0,1.1254,0.0,0.109592,0.190825,0.21922,0.0,0.0616,0
46,authentic,0,5506.8,1,1,0.0,1.0,4565.0,21942.3,4.8066,0.30952,0.020585,0.997375,0.20952,43.75,0.114,0
46,mp3_128,1,5506.8,1,1,0.0,1.0,4457.4,20758.0,4.657,0.29268,0.021821,0.999426,0.21463,47.06,0.1437,0
46,mp3_320,1,5506.8,1,1,0.0,1.0,4522.0,20068.9,4.4381,0.30288,0.021093,0.999371,0.21154,43.75,0.1144,0
46,mp3_v0,1,5506.8,1,1,0.0,1.0,4478.9,21490.1,4.7981,0.29612,0.021594,0.998548,0.21359,52.94,0.1174,0
47,authentic,0,3428.2,1,1,0.465393,0.3657,2024.1,1873.4,0.9255,0.02174,0.132406,0.112882,0.13043,2.94,0.645,0
47,mp3_128,1,3428.2,1,1,0.46552,0.3655,2002.6,1851.9,0.9247,0.01099,0.14261,0.123309,0.12088,3.12,0.7132,0
47,mp3_320,1,3428.2,1,1,0.465358,0.3657,2002.6,1873.4,0.9355,0.01099,0.138245,0.118219,0.13187,2.94,0.6466,0
47,mp3_v0,1,3428.2,1,1,0.46542,0.3656,2002.6,1851.9,0.9247,0.01099,0.138477,0.118671,0.13187,2.86,0.7416,0
48,authentic,0,4334.7,1,1,0.195927,0.6755,5361.8,5318.7,0.992,0.21862,0.049802,0.053362,0.12146,60.0,0.1285,0
48,mp3_128,1,4334.7,1,1,0.197205,0.6737,5017.2,4866.5,0.97,0.15584,0.06297,0.073831,0.12121,60.0,0.1684,0
48,mp3_320,1,4334.7,1,1,0.195962,0.6754,5318.7,5297.2,0.996,0.22041,0.050248,0.054171,0.12245,60.0,0.1332,0
48,mp3_v0,1,4334.7,1,1,0.19591,0.6755,5211.0,5189.5,0.9959,0.21667,0.052258,0.058164,0.11667,60.0,0.1555,0
49,authentic,0,3599.3,1,1,0.186407,0.7,2390.2,2454.8,1.027,0.06422,0.099412,0.092783,0.11009,85.71,0.1409,0
49,mp3_128,1,3599.3,1,1,0.186209,0.7003,2368.7,2304.1,0.9727,0.06481,0.102276,0.097675,0.11111,85.71,0.1749,0
49,mp3_320,1,3599.3,1,1,0.186399,0.7001,2368.7,2454.8,1.0364,0.06481,0.101268,0.094504,0.11111,85.71,0.1447,0
49,mp3_v0,1,3599.3,1,1,0.186405,0.7,2368.7,2433.3,1.0273,0.06481,0.101396,0.095146,0.11111,85.71,0.1593,0
50,authentic,0,3352.2,1,1,1.106618,-0.0506,3359.2,1959.5,0.5833,0.17532,0.046002,0.01333,0.11688,0.0,0.1578,0
50,mp3_128,1,3352.2,1,1,1.105599,-0.0502,3316.1,1938.0,0.5844,0.17105,0.047726,0.014468,0.11842,100.0,0.202,0
50,mp3_320,1,3352.2,1,1,1.106583,-0.0506,3316.1,1959.5,0.5909,0.17763,0.046701,0.013804,0.11842,0.0,0.1674,0
50,mp3_v0,1,3352.2,1,1,1.106744,-0.0507,3316.1,1959.5,0.5909,0.17763,0.046803,0.013995,0.11842,100.0,0.3041,0
51,authentic,0,5084.2,1,0,0.0,1.0,5189.5,0.0,0.0,0.0,0.32525,0.999997,0.20502,0.0,0.0621,0
51,mp3_128,1,5084.2,1,0,0.0,1.0,5189.5,0.0,0.0,0.0,0.325708,0.999997,0.20502,0.0,0.0567,0
51,mp3_320,1,5084.2,1,0,0.0,1.0,5189.5,0.0,0.0,0.0,0.325255,0.999997,0.20502,0.0,0.062,0
51,mp3_v0,1,5084.2,1,0,0.0,1.0,5189.5,0.0,0.0,0.0,0.325321,0.999997,0.20502,0.0,0.0709,0
52,authentic,0,2283.3,1,1,1.093666,-0.0447,2325.6,2261.0,0.9722,0.0,0.111544,0.098089,0.12264,100.0,0.1772,0
52,mp3_128,1,2283.3,1,1,1.094099,-0.0449,2304.1,2261.0,0.9813,0.0,0.113738,0.099831,0.12381,100.0,0.0725,0
52,mp3_320,1,2283.3,1,1,1.09369,-0.0448,2325.6,2261.0,0.9722,0.0,0.111549,0.098098,0.12264,100.0,0.191,0
52,mp3_v0,1,2283.3,1,1,1.093776,-0.0448,2304.1,2261.0,0.9813,0.0,0.113118,0.099467,0.12381,100.0,0.2458,0
53,authentic,0,6301.2,1,1,0.243486,0.668,5598.6,9043.9,1.6154,0.16279,0.035926,0.040283,0.13178,100.0,0.0903,0
53,mp3_128,1,6301.2,1,1,0.244574,0.6663,5340.2,7708.9,1.4435,0.12195,0.041189,0.047204,0.13821,100.0,0.129,0
53,mp3_320,1,6301.2,1,1,0.243516,0.668,5534.0,8807.1,1.5914,0.15294,0.036943,0.041279,0.13725,100.0,0.0912,0
53,mp3_v0,1,6301.2,1,1,0.243518,0.668,5469.4,8634.8,1.5787,0.14286,0.038126,0.042748,0.13889,100.0,0.0944,0
56,authentic,0,2716.4,1,0,0.0,1.0,2799.3,0.0,0.0,0.0,0.261762,1.000001,0.17188,84.62,0.0215,0
56,mp3_128,1,2716.4,1,0,0.0,1.0,2799.3,0.0,0.0,0.0,0.26177,1.000001,0.17188,84.62,0.0235,0
56,mp3_320,1,2716.4,1,0,0.0,1.0,2799.3,0.0,0.0,0.0,0.261766,1.000001,0.17188,84.62,0.0223,0
56,mp3_v0,1,2716.4,1,0,0.0,1.0,2799.3,0.0,0.0,0.0,0.261844,1.000001,0.17188,84.62,0.0206,0
57,authentic,0,5722.3,1,1,0.0,1.0,5792.4,21727.0,3.7509,0.1161,0.073551,0.826697,0.11236,46.84,0.1497,0
57,mp3_128,1,5722.3,1,1,0.0,1.0,5727.8,20112.0,3.5113,0.11742,0.074803,0.874277,0.10985,43.06,0.2315,0
57,mp3_320,1,5722.3,1,1,0.0,1.0,5770.9,19875.1,3.444,0.11654,0.073698,0.91695,0.10902,46.84,0.1496,0
57,mp3_v0,1,5722.3,1,1,0.0,1.0,5792.4,21683.9,3.7435,0.1161,0.07358,0.924621,0.11236,46.15,0.1454,0
60,authentic,0,6240.3,1,1,0.147218,0.7457,6395.4,10766.6,1.6835,0.0,0.116197,0.400506,0.18305,100.0,0.165,0
60,mp3_128,1,6240.3,1,1,0.149832,0.7417,5943.2,10379.0,1.7464,0.0,0.138872,0.423756,0.14964,100.0,0.1978,0
60,mp3_320,1,6240.3,1,1,0.147229,0.7457,6352.3,10680.5,1.6814,0.0,0.118201,0.403027,0.18089,100.0,0.167,0
60,mp3_v0,1,6240.3,1,1,0.147154,0.7458,6287.7,10637.4,1.6918,0.0,0.121522,0.405827,0.17931,100.0,0.1742,0
61,authentic,0,1592.0,1,1,0.809915,0.1053,1722.7,1744.2,1.0125,0.0,0.300198,0.315301,0.17949,56.14,0.1153,0
61,mp3_128,1,1592.0,1,1,0.809618,0.1054,1722.7,1744.2,1.0125,0.0,0.300323,0.315965,0.17949,62.07,0.0481,0
61,mp3_320,1,1592.0,1,1,0.809902,0.1053,1722.7,1744.2,1.0125,0.0,0.300188,0.315297,0.17949,49.12,0.1408,0
61,mp3_v0,1,1592.0,1,1,0.80989,0.1053,1722.7,1744.2,1.0125,0.0,0.300202,0.315375,0.17949,55.17,0.2281,0
54,authentic,0,5836.5,1,1,0.494574,0.3384,7170.6,7472.0,1.042,0.08157,0.075284,0.114729,0.13595,88.89,0.1739,0
54,mp3_128,1,5836.5,1,1,0.496085,0.337,6589.2,6696.8,1.0163,0.02303,0.092576,0.140308,0.15789,85.71,0.2636,0
54,mp3_320,1,5836.5,1,1,0.494593,0.3383,7106.0,7472.0,1.0515,0.07317,0.077321,0.117795,0.14024,90.0,0.1744,0
54,mp3_v0,1,5836.5,1,1,0.494913,0.3381,6869.1,7256.7,1.0564,0.04101,0.08392,0.127093,0.14511,88.89,0.1973,0
55,authentic,0,4272.9,1,1,1.245735,-0.1124,2993.1,2411.7,0.8058,0.45255,0.010946,0.006672,0.14599,100.0,0.0297,0
55,mp3_128,1,4272.9,1,1,1.244501,-0.1119,2885.4,2347.1,0.8134,0.43182,0.012283,0.007485,0.16667,100.0,0.0509,0
55,mp3_320,1,4272.9,1,1,1.245661,-0.1124,2950.0,2411.7,0.8175,0.44444,0.01144,0.00698,0.14815,100.0,0.0312,0
55,mp3_v0,1,4272.9,1,1,1.245773,-0.1124,2907.0,2390.2,0.8222,0.43609,0.011941,0.007281,0.15789,100.0,0.0305,0
58,authentic,0,2839.8,1,1,0.482793,0.3647,15654.6,14836.4,0.9477,0.02069,0.138605,0.086775,0.36414,0.0,0.1498,0
58,mp3_128,1,2839.8,1,1,0.481095,0.3657,13716.7,12187.8,0.8885,0.0,0.1599,0.082318,0.44567,0.0,0.1964,0
58,mp3_320,1,2839.8,1,1,0.483357,0.3641,15331.6,14513.4,0.9466,0.00141,0.143267,0.092123,0.37324,0.0,0.1494,0
58,mp3_v0,1,2839.8,1,1,0.483504,0.3639,15590.0,14771.8,0.9475,0.01524,0.139818,0.089328,0.36704,0.0,0.1482,0
59,authentic,0,5025.5,1,1,0.058464,0.913,7342.8,6998.3,0.9531,0.63422,0.011775,0.009859,0.23304,100.0,0.1005,0
59,mp3_128,1,5025.5,1,1,0.058651,0.9126,7321.3,6481.5,0.8853,0.63018,0.012306,0.010133,0.24556,100.0,0.127,0
59,mp3_320,1,5025.5,1,1,0.058477,0.913,7321.3,7127.5,0.9735,0.63018,0.011789,0.010241,0.23077,100.0,0.1064,0
59,mp3_v0,1,5025.5,1,1,0.058522,0.913,7299.8,7192.1,0.9853,0.62908,0.011823,0.010853,0.22849,100.0,0.1125,0
62,authentic,0,6067.4,1,1,0.852963,0.0817,6180.0,6373.8,1.0314,0.00351,0.106356,0.114789,0.2,100.0,0.028,0
62,mp3_128,1,6067.4,1,1,0.852237,0.0822,6093.9,6201.6,1.0177,0.0,0.114299,0.123506,0.22064,100.0,0.1273,0
62,mp3_320,1,6067.4,1,1,0.852961,0.0817,6072.4,6266.2,1.0319,0.0,0.111229,0.1198,0.20357,100.0,0.0342,0
62,mp3_v0,1,6067.4,1,1,0.853095,0.0817,6029.3,6201.6,1.0286,0.0,0.113247,0.121967,0.20504,100.0,0.0405,0
63,authentic,0,6496.9,1,1,0.019142,0.9624,11929.4,13156.8,1.1029,0.78623,0.014955,0.048263,0.24275,97.44,0.2924,0
63,mp3_128,1,6496.9,1,1,0.019366,0.962,12037.1,13092.2,1.0877,0.78276,0.016003,0.049791,0.23698,100.0,0.2828,0
63,mp3_320,1,6496.9,1,1,0.019174,0.9624,11929.4,13199.9,1.1065,0.78623,0.01499,0.049479,0.23913,97.44,0.2923,0
63,mp3_v0,1,6496.9,1,1,0.019218,0.9623,11929.4,13199.9,1.1065,0.78986,0.01497,0.050383,0.23732,97.44,0.292,0
64,authentic,0,3797.0,1,1,0.005233,0.9896,3940.6,3445.3,0.8743,0.0,0.223585,0.22995,0.14917,46.83,0.12,0
64,mp3_128,1,3797.0,1,1,0.005253,0.9896,3919.0,3230.0,0.8242,0.0,0.226359,0.232109,0.15,47.5,0.2155,0
64,mp3_320,1,3797.0,1,1,0.005233,0.9896,3919.0,3359.2,0.8571,0.0,0.225658,0.2321,0.15,47.2,0.1204,0
64,mp3_v0,1,3797.0,1,1,0.005233,0.9896,3919.0,3316.1,0.8462,0.0,0.225688,0.232754,0.15,47.58,0.212,0
65,authentic,0,2584.7,1,1,0.489583,0.3427,2648.6,2928.5,1.1057,0.0,0.169394,0.25897,0.15702,87.5,0.1034,0
65,mp3_128,1,2584.7,1,1,0.488909,0.3433,2648.6,2928.5,1.1057,0.0,0.170376,0.261413,0.15702,100.0,0.0832,0
65,mp3_320,1,2584.7,1,1,0.489578,0.3427,2627.1,2928.5,1.1148,0.0,0.172298,0.261907,0.15833,85.71,0.1283,0
65,mp3_v0,1,2584.7,1,1,0.489574,0.3427,2627.1,2928.5,1.1148,0.0,0.172322,0.261997,0.15833,85.71,0.1627,0
68,authentic,0,4071.9,1,1,1e-06,1.0,3876.0,21727.0,5.6056,0.0,0.099165,0.601308,0.19101,78.12,0.0134,0
68,mp3_128,1,4071.9,1,1,0.0,1.0,3832.9,19401.4,5.0618,0.0,0.100905,0.848662,0.1875,73.53,0.0038,0
68,mp3_320,1,4071.9,1,1,1e-06,1.0,3854.4,19853.6,5.1508,0.0,0.099989,0.832246,0.18644,74.19,0.0144,0
68,mp3_v0,1,4071.9,1,1,1e-06,1.0,3811.4,21705.5,5.6949,0.0,0.101495,0.817861,0.18857,80.0,0.0165,0
69,authentic,0,4827.3,1,1,0.289004,0.5577,5383.3,6589.2,1.224,0.08065,0.099792,0.484907,0.15726,66.67,0.0483,0
69,mp3_128,1,4827.3,1,1,0.29154,0.5545,5168.0,6395.4,1.2375,0.05042,0.115256,0.515245,0.17227,73.33,0.0725,0
69,mp3_320,1,4827.3,1,1,0.289021,0.5576,5383.3,6567.6,1.22,0.08065,0.100001,0.484893,0.15726,66.67,0.044,0
69,mp3_v0,1,4827.3,1,1,0.289023,0.5576,5361.8,6524.6,1.2169,0.07287,0.102288,0.487532,0.15789,61.54,0.0454,0
70,authentic,0,6164.2,1,1,0.0,1.0,6675.3,20844.1,3.1226,0.0,0.134239,0.242998,0.18831,100.0,0.1603,0
70,mp3_128,1,6164.2,1,1,0.0,1.0,6675.3,20047.4,3.0032,0.0,0.135178,0.319163,0.2013,100.0,0.1813,0
70,mp3_320,1,6164.2,1,1,0.0,1.0,6675.3,19853.6,2.9742,0.0,0.134259,0.304153,0.18831,100.0,0.1583,0
70,mp3_v0,1,6164.2,1,1,0.0,1.0,6653.8,20198.1,3.0356,0.0,0.135002,0.292321,0.18893,100.0,0.1743,0
71,authentic,0,5207.2,1,1,0.0,1.0,4285.1,21683.9,5.0603,0.0,0.491519,0.999301,0.24873,0.0,0.0587,0
71,mp3_128,1,5207.2,1,1,0.0,1.0,4285.1,20564.2,4.799,0.0,0.49186,0.996862,0.24873,0.0,0.0687,0
71,mp3_320,1,5207.2,1,1,0.0,1.0,4285.1,19939.7,4.6533,0.0,0.491528,0.999383,0.24873,0.0,0.0587,0
71,mp3_v0,1,5207.2,1,1,0.0,1.0,4263.6,21619.3,5.0707,0.0,0.493665,0.998129,0.25,0.0,0.0729,0
72,authentic,0,4023.0,1,1,0.819381,0.1004,4155.9,3251.5,0.7824,0.3822,0.01541,0.008537,0.1466,100.0,0.1122,0
72,mp3_128,1,4023.0,1,1,0.819664,0.1003,4026.7,3230.0,0.8021,0.35135,0.018219,0.010895,0.13514,100.0,0.1508,0
72,mp3_320,1,4023.0,1,1,0.819408,0.1004,4091.3,3251.5,0.7947,0.37766,0.015778,0.008867,0.14894,100.0,0.122,0
72,mp3_v0,1,4023.0,1,1,0.819255,0.1005,4026.7,3251.5,0.8075,0.36757,0.016526,0.009645,0.14054,100.0,0.1645,0
73,authentic,0,2041.9,1,1,0.716393,0.1656,2174.9,2174.9,1.0,0.18182,0.015357,0.01766,0.19192,0.0,0.0978,0
73,mp3_128,1,2041.9,1,1,0.71658,0.1655,2131.8,2131.8,1.0,0.16495,0.016161,0.018538,0.19588,0.0,0.0742,0
73,mp3_320,1,2041.9,1,1,0.716401,0.1656,2153.3,2153.3,1.0,0.17347,0.015736,0.01806,0.19388,0.0,0.1084,0
73,mp3_v0,1,2041.9,1,1,0.716285,0.1657,2153.3,2153.3,1.0,0.17347,0.015755,0.018086,0.19388,0.0,0.1353,0
66,authentic,0,6805.5,1,1,0.156946,0.7293,6072.4,6395.4,1.0532,0.0,0.117144,0.170797,0.23214,46.0,0.024,0
66,mp3_128,1,6805.5,1,1,0.158549,0.7269,6007.8,5770.9,0.9606,0.0,0.12342,0.182152,0.23466,60.98,0.0219,0
66,mp3_320,1,6805.5,1,1,0.156971,0.7292,5986.2,6309.2,1.054,0.0,0.121782,0.178439,0.23551,48.0,0.0248,0
66,mp3_v0,1,6805.5,1,1,0.157095,0.7291,5964.7,6309.2,1.0578,0.0,0.12289,0.180679,0.23636,46.0,0.0243,0
67,authentic,0,6950.7,1,1,0.014219,0.9768,8075.0,8634.8,1.0693,0.19035,0.043242,0.083561,0.24129,63.83,0.078,0
67,mp3_128,1,6950.7,1,1,0.014362,0.9764,7838.1,6309.2,0.8049,0.15746,0.046054,0.065388,0.24862,65.91,0.1028,0
67,mp3_320,1,6950.7,1,1,0.014219,0.9768,8010.4,7687.4,0.9597,0.18378,0.043849,0.086084,0.24324,63.83,0.0779,0
67,mp3_v0,1,6950.7,1,1,0.014238,0.9767,8053.4,6998.3,0.869,0.18817,0.04347,0.083166,0.24194,59.57,0.0775,0
74,authentic,0,4758.4,1,1,0.787783,0.119,12381.6,12338.5,0.9965,0.78185,0.001679,0.001592,0.48691,0.0,0.5708,0
74,mp3_128,1,4758.4,1,1,0.787181,0.1194,7256.7,4866.5,0.6706,0.61194,0.003017,0.00277,0.2597,0.0,0.5716,0
74,mp3_320,1,4758.4,1,1,0.787721,0.1191,11132.7,11003.5,0.9884,0.75728,0.001833,0.00171,0.41359,0.0,0.569,0
74,mp3_v0,1,4758.4,1,1,0.787679,0.1191,11412.6,11348.0,0.9943,0.76136,0.001777,0.001679,0.45265,0.0,0.571,0
75,authentic,0,4448.1,1,1,0.214217,0.6871,5340.2,9130.1,1.7097,0.57317,0.009187,0.02733,0.14228,100.0,0.0944,0
75,mp3_128,1,4448.1,1,1,0.21527,0.6856,4931.1,7342.8,1.4891,0.53304,0.011389,0.033891,0.1674,100.0,0.1313,0
75,mp3_320,1,4448.1,1,1,0.21425,0.687,5318.7,9000.9,1.6923,0.57143,0.009289,0.027655,0.14694,100.0,0.095,0
75,mp3_v0,1,4448.1,1,1,0.214691,0.6866,4931.1,7945.8,1.6114,0.53744,0.010808,0.031643,0.15419,100.0,0.1263,0
78,authentic,0,4250.6,1,1,0.0,1.0,4134.4,21683.9,5.2448,0.0,0.550711,0.999496,0.31053,100.0,0.1002,0
78,mp3_128,1,4250.6,1,1,0.0,1.0,4134.4,20564.2,4.974,0.0,0.551024,0.996482,0.30526,100.0,0.1705,0
78,mp3_320,1,4250.6,1,1,0.0,1.0,4134.4,19939.7,4.8229,0.0,0.550717,0.999385,0.31053,100.0,0.0987,0
78,mp3_v0,1,4250.6,1,1,0.0,1.0,4134.4,21619.3,5.2292,0.0,0.550736,0.998053,0.31053,100.0,0.178,0
79,authentic,0,6075.3,1,1,0.921787,0.0414,6309.2,6309.2,1.0,0.0,0.10395,0.111178,0.189,100.0,0.0236,0
79,mp3_128,1,6075.3,1,1,0.925721,0.0393,6180.0,6158.5,0.9965,0.0,0.113348,0.121622,0.18596,100.0,0.1114,0
79,mp3_320,1,6075.3,1,1,0.921836,0.0414,6201.6,6201.6,1.0,0.0,0.108217,0.115693,0.19231,100.0,0.0269,0
79,mp3_v0,1,6075.3,1,1,0.921795,0.0414,6137.0,6158.5,1.0035,0.0,0.111081,0.118667,0.19081,100.0,0.0345,0
76,authentic,0,5080.9,1,1,1e-06,1.0,6718.4,21856.2,3.2532,0.0,0.120828,0.531191,0.19677,80.65,0.0293,0
76,mp3_128,1,5080.9,1,1,0.0,1.0,6675.3,20133.5,3.0161,0.0,0.122724,0.99945,0.20455,82.76,0.0324,0
76,mp3_320,1,5080.9,1,1,0.0,1.0,6696.8,19918.2,2.9743,0.0,0.121251,0.999127,0.19741,80.65,0.0287,0
76,mp3_v0,1,5080.9,1,1,1e-06,1.0,6675.3,21813.1,3.2677,0.0,0.121733,0.999411,0.19805,80.65,0.0298,0
77,authentic,0,4833.5,1,1,0.054823,0.8962,4931.1,7902.7,1.6026,0.73568,0.002357,0.005661,0.163,52.38,0.0834,0
77,mp3_128,1,4833.5,1,1,0.054741,0.8963,4866.5,5340.2,1.0973,0.73214,0.002492,0.005884,0.16964,50.63,0.0978,0
77,mp3_320,1,4833.5,1,1,0.054828,0.8962,4909.6,7752.0,1.5789,0.73451,0.002381,0.005814,0.16372,52.38,0.0829,0
77,mp3_v0,1,4833.5,1,1,0.054827,0.8962,4694.2,7644.3,1.6284,0.72222,0.002667,0.006521,0.18056,52.38,0.0866,0
80,authentic,0,4403.7,1,1,2.4e-05,1.0,4457.4,9991.4,2.2415,0.0,0.233571,0.797686,0.23902,100.0,0.3742,0
80,mp3_128,1,4403.7,1,1,2.4e-05,1.0,4457.4,11348.0,2.5459,0.0,0.233761,0.803262,0.23902,100.0,0.3452,0
80,mp3_320,1,4403.7,1,1,2.4e-05,1.0,4457.4,12360.1,2.7729,0.0,0.233576,0.802365,0.23902,100.0,0.3506,0
80,mp3_v0,1,4403.7,1,1,2.4e-05,1.0,4457.4,10249.8,2.2995,0.0,0.233703,0.80945,0.23902,100.0,0.3768,0
81,authentic,0,2076.3,1,1,0.898275,0.0556,775.2,775.2,1.0,0.15909,0.059237,0.024051,0.25,0.0,0.1198,0
81,mp3_128,1,2076.3,1,1,0.89828,0.0555,775.2,775.2,1.0,0.15909,0.063465,0.026421,0.25,15.38,0.2671,0
81,mp3_320,1,2076.3,1,1,0.898277,0.0555,775.2,775.2,1.0,0.15909,0.059545,0.024219,0.25,0.0,0.1213,0
81,mp3_v0,1,2076.3,1,1,0.898282,0.0555,775.2,775.2,1.0,0.15909,0.060178,0.024538,0.25,0.0,0.1212,0
82,authentic,0,2553.3,1,0,0.0,1.0,2820.8,0.0,0.0,0.0,0.242183,1.0,0.13953,58.33,0.1499,0
82,mp3_128,1,2553.3,1,0,0.0,1.0,2820.8,0.0,0.0,0.0,0.242207,1.0,0.13953,66.67,0.1705,0
82,mp3_320,1,2553.3,1,0,0.0,1.0,2820.8,0.0,0.0,0.0,0.242182,1.0,0.13953,58.33,0.1327,0
82,mp3_v0,1,2553.3,1,0,0.0,1.0,2820.8,0.0,0.0,0.0,0.242288,1.0,0.13953,58.33,0.1649,0
83,authentic,0,5977.7,1,0,0.0,1.0,6589.2,20930.3,3.1765,0.00329,0.08476,0.999883,0.1875,97.37,0.134,0
83,mp3_128,1,5977.7,1,0,0.0,1.0,6546.1,20930.3,3.1974,0.00331,0.085662,0.996849,0.18543,97.3,0.175,0
83,mp3_320,1,5977.7,1,0,0.0,1.0,6567.6,20908.7,3.1836,0.0033,0.085142,0.995333,0.19142,97.37,0.1336,0
83,mp3_v0,1,5977.7,1,0,0.0,1.0,6567.6,0.0,0.0,0.0033,0.085215,0.999994,0.18812,97.37,0.1371,0
86,authentic,0,2950.0,1,0,0.0,1.0,3574.5,21705.5,6.0723,0.20732,0.042996,0.863612,0.17683,72.22,0.1557,0
86,mp3_128,1,2950.0,1,0,0.0,1.0,3294.6,20607.3,6.2549,0.13907,0.057189,0.89436,0.19205,66.67,0.2242,0
86,mp3_320,1,2950.0,1,0,0.0,1.0,3445.3,21210.2,6.1562,0.17722,0.04957,0.862766,0.18354,82.35,0.1565,0
86,mp3_v0,1,2950.0,1,0,0.0,1.0,3273.0,21662.4,6.6184,0.12667,0.058258,0.861453,0.19333,66.67,0.2246,0
87,authentic,0,5572.9,1,0,0.0,1.0,5297.2,0.0,0.0,0.33607,0.012568,0.999999,0.18443,72.73,0.4116,0
87,mp3_128,1,5572.9,1,0,0.0,1.0,5146.4,0.0,0.0,0.31646,0.013644,0.999999,0.16456,72.73,0.4172,0
87,mp3_320,1,5572.9,1,0,0.0,1.0,5254.1,0.0,0.0,0.33058,0.012868,0.999999,0.17769,72.73,0.4118,0
87,mp3_v0,1,5572.9,1,0,0.0,1.0,5103.4,0.0,0.0,0.31064,0.013948,0.999999,0.1617,66.67,0.4156,0
88,authentic,0,6666.7,1,1,0.634784,0.2277,13996.6,13738.2,0.9815,0.7284,0.008093,0.012804,0.25772,36.11,0.1949,0
88,mp3_128,1,6666.7,1,1,0.634953,0.2276,10938.9,10594.3,0.9685,0.63241,0.010074,0.016342,0.14822,30.56,0.3053,0
88,mp3_320,1,6666.7,1,1,0.634778,0.2277,13910.4,13716.7,0.9861,0.72671,0.008189,0.01299,0.26553,33.33,0.1949,0
88,mp3_v0,1,6666.7,1,1,0.634669,0.2278,14061.2,13910.4,0.9893,0.72811,0.008134,0.012857,0.26728,36.11,0.1881,0
89,authentic,0,2775.0,1,1,0.08578,0.842,3337.6,3402.2,1.0194,0.0,0.18783,0.179908,0.20261,60.34,0.144,0
89,mp3_128,1,2775.0,1,1,0.086143,0.8414,3316.1,3230.0,0.974,0.0,0.189776,0.185425,0.19737,71.43,0.2598,0
89,mp3_320,1,2775.0,1,1,0.085779,0.842,3316.1,3359.2,1.013,0.0,0.189393,0.181506,0.20395,62.07,0.1518,0
89,mp3_v0,1,2775.0,1,1,0.085812,0.8419,3294.6,3337.6,1.0131,0.0,0.190879,0.183717,0.2053,72.41,0.2476,0
92,authentic,0,4076.9,1,0,0.0,1.0,4285.1,0.0,0.0,0.0,0.184502,0.999997,0.18782,66.67,0.0466,0
92,mp3_128,1,4076.9,1,0,0.0,1.0,4220.5,0.0,0.0,0.0,0.189335,0.999997,0.19072,100.0,0.6052,0
92,mp3_320,1,4076.9,1,0,0.0,1.0,4263.6,0.0,0.0,0.0,0.185854,0.999997,0.18878,66.67,0.0487,0
92,mp3_v0,1,4076.9,1,0,0.0,1.0,4263.6,0.0,0.0,0.0,0.185865,0.999997,0.18878,66.67,0.0397,0
93,authentic,0,4183.8,1,1,0.940697,0.0385,6007.8,6567.6,1.0932,0.55596,0.016996,0.006311,0.19856,55.56,0.0366,0
93,mp3_128,1,4183.8,1,1,0.940971,0.0383,5986.2,6330.8,1.0576,0.55435,0.017534,0.007061,0.21377,57.14,0.0699,0
93,mp3_320,1,4183.8,1,1,0.940782,0.0385,5986.2,6503.0,1.0863,0.55435,0.017121,0.006378,0.19928,55.56,0.038,0
93,mp3_v0,1,4183.8,1,1,0.940688,0.0385,5921.6,6416.9,1.0836,0.54945,0.017407,0.006554,0.1978,55.56,0.0412,0
84,authentic,0,5729.3,1,1,0.309013,0.5288,5060.3,5469.4,1.0809,0.39056,0.02395,0.071459,0.17167,100.0,0.1537,0
84,mp3_128,1,5729.3,1,1,0.309653,0.5281,4651.2,4866.5,1.0463,0.33178,0.031772,0.09617,0.19626,100.0,0.231,0
84,mp3_320,1,5729.3,1,1,0.308995,0.5289,4931.1,5297.2,1.0742,0.37445,0.025984,0.077909,0.18062,100.0,0.152,0
84,mp3_v0,1,5729.3,1,1,0.308972,0.5289,4737.3,5017.2,1.0591,0.34862,0.029151,0.087673,0.18349,100.0,0.2883,0
85,authentic,0,3714.4,1,1,0.153499,0.7345,3186.9,3811.4,1.1959,0.0137,0.099497,0.227804,0.20548,100.0,0.0218,0
85,mp3_128,1,3714.4,1,1,0.153797,0.7341,3165.4,3466.8,1.0952,0.01379,0.10007,0.237205,0.1931,100.0,0.0603,0
85,mp3_320,1,3714.4,1,1,0.153507,0.7345,3186.9,3725.2,1.1689,0.0137,0.099502,0.227961,0.20548,100.0,0.0256,0
85,mp3_v0,1,3714.4,1,1,0.153505,0.7345,3165.4,3703.7,1.1701,0.01379,0.099015,0.227028,0.2069,100.0,0.0288,0
90,authentic,0,4582.5,1,1,0.449321,0.3992,1313.5,1658.1,1.2623,0.0,0.066084,0.077448,0.25424,94.44,0.2338,0
90,mp3_128,1,4582.5,1,1,0.450012,0.3986,1292.0,1421.2,1.1,0.0,0.067848,0.079231,0.25862,83.33,0.3386,0
90,mp3_320,1,4582.5,1,1,0.449337,0.3991,1313.5,1636.5,1.2459,0.0,0.066084,0.077452,0.25424,94.44,0.232,0
90,mp3_v0,1,4582.5,1,1,0.449278,0.3992,1292.0,1464.3,1.1333,0.0,0.067796,0.078962,0.25862,94.44,0.3503,0
91,authentic,0,3710.4,1,1,0.002234,0.9955,4263.6,10012.9,2.3485,0.08163,0.03074,0.801358,0.2551,42.86,0.033,0
91,mp3_128,1,3710.4,1,1,0.002428,0.9952,4199.0,7127.5,1.6974,0.07254,0.031157,0.788738,0.25907,45.59,0.0746,0
91,mp3_320,1,3710.4,1,1,0.002239,0.9955,4220.5,7881.2,1.8673,0.08247,0.030922,0.800642,0.25773,42.25,0.034,0
91,mp3_v0,1,3710.4,1,1,0.002238,0.9955,4199.0,7752.0,1.8462,0.07772,0.031092,0.798786,0.25907,44.29,0.0717,0
98,authentic,0,5077.9,1,1,0.72175,0.1655,7838.1,8096.5,1.033,0.61326,0.0064,0.006611,0.26519,100.0,0.1735,0
98,mp3_128,1,5077.9,1,1,0.720611,0.1664,5921.6,5491.0,0.9273,0.45788,0.012882,0.013709,0.11355,100.0,0.2743,0
98,mp3_320,1,5077.9,1,1,0.721601,0.1656,7558.2,7881.2,1.0427,0.59885,0.006942,0.007141,0.24928,100.0,0.1751,0
98,mp3_v0,1,5077.9,1,1,0.722525,0.1649,6546.1,6998.3,1.0691,0.5298,0.009717,0.009983,0.16225,100.0,0.1822,0
99,authentic,0,3662.5,1,1,1.234795,-0.1146,3854.4,4112.8,1.067,0.0904,0.035647,0.044626,0.14689,27.59,0.3751,0
99,mp3_128,1,3662.5,1,1,1.233529,-0.114,3768.3,3919.0,1.04,0.0578,0.039289,0.047751,0.17341,39.29,0.3491,0
99,mp3_320,1,3662.5,1,1,1.234861,-0.1146,3832.9,4048.2,1.0562,0.08523,0.036071,0.045156,0.14773,24.14,0.3714,0
99,mp3_v0,1,3662.5,1,1,1.234425,-0.1144,3725.2,3919.0,1.052,0.08772,0.037685,0.046754,0.15789,31.03,0.4009,0
94,authentic,0,4545.6,1,1,0.013706,0.9735,4435.8,4349.7,0.9806,0.41176,0.012165,0.036516,0.28922,66.67,0.1425,0
94,mp3_128,1,4545.6,1,1,0.013756,0.9734,4349.7,3553.0,0.8168,0.4,0.01246,0.03578,0.295,68.42,0.1788,0
94,mp3_320,1,4545.6,1,1,0.013711,0.9735,4414.3,4199.0,0.9512,0.40887,0.012222,0.036797,0.29064,66.67,0.1424,0
94,mp3_v0,1,4545.6,1,1,0.013721,0.9735,4349.7,3962.1,0.9109,0.4,0.012439,0.037516,0.295,66.67,0.1594,0
95,authentic,0,3757.6,1,1,0.008786,0.9836,6546.1,6933.7,1.0592,0.0,0.069853,0.00359,0.19536,63.64,0.1718,0
95,mp3_128,1,3757.6,1,1,0.008768,0.9836,6266.2,2863.9,0.457,0.0,0.074443,0.003023,0.21107,63.64,0.289,0
95,mp3_320,1,3757.6,1,1,0.008789,0.9836,6438.4,6503.0,1.01,0.0,0.071455,0.003857,0.19529,63.64,0.1734,0
95,mp3_v0,1,3757.6,1,1,0.008795,0.9836,6266.2,3983.6,0.6357,0.0,0.07422,0.003518,0.20761,63.64,0.2663,0
102,authentic,0,4375.7,1,1,0.0,1.0,4737.3,21683.9,4.5773,0.0,0.087453,0.999395,0.22936,66.67,0.0783,0
102,mp3_128,1,4375.7,1,1,0.0,1.0,4694.2,20564.2,4.3807,0.0,0.088904,0.996067,0.23148,100.0,0.1449,0
102,mp3_320,1,4375.7,1,1,0.0,1.0,4715.8,19939.7,4.2283,0.0,0.088083,0.999388,0.23041,66.67,0.079,0
102,mp3_v0,1,4375.7,1,1,0.0,1.0,4672.7,21619.3,4.6267,0.0,0.089482,0.997564,0.23256,66.67,0.1381,0
103,authentic,0,5708.6,1,1,0.016907,0.9668,8527.1,3983.6,0.4672,0.10152,0.060889,0.003877,0.16497,100.0,0.0481,0
103,mp3_128,1,5708.6,1,1,0.016895,0.9669,8505.6,3940.6,0.4633,0.09924,0.0629,0.004145,0.17048,100.0,0.0572,0
103,mp3_320,1,5708.6,1,1,0.016906,0.9668,8527.1,3983.6,0.4672,0.10152,0.060921,0.004005,0.16497,100.0,0.0484,0
103,mp3_v0,1,5708.6,1,1,0.016909,0.9668,8505.6,3983.6,0.4684,0.09924,0.061653,0.004189,0.16539,100.0,0.047,0
96,authentic,0,4354.6,1,1,0.0,1.0,4048.2,21683.9,5.3564,0.0,0.545504,0.999202,0.28495,50.0,0.1244,0
96,mp3_128,1,4354.6,1,1,0.0,1.0,4026.7,20564.2,5.107,0.0,0.547205,0.996511,0.28649,50.0,0.1846,0
96,mp3_320,1,4354.6,1,1,0.0,1.0,4026.7,19961.3,4.9572,0.0,0.547172,0.999275,0.28649,50.0,0.1276,0
96,mp3_v0,1,4354.6,1,1,0.0,1.0,4026.7,21619.3,5.369,0.0,0.547279,0.99822,0.28649,50.0,0.249,0
97,authentic,0,3216.8,1,1,0.200434,0.6668,3768.3,6223.1,1.6514,0.37572,0.008705,0.046599,0.09827,51.52,0.1525,0
97,mp3_128,1,3216.8,1,1,0.200942,0.6661,3682.2,5620.2,1.5263,0.38462,0.009448,0.049476,0.09467,51.52,0.1823,0
97,mp3_320,1,3216.8,1,1,0.200457,0.6668,3746.8,6223.1,1.6609,0.37791,0.008751,0.046681,0.09884,51.52,0.1523,0
97,mp3_v0,1,3216.8,1,1,0.200524,0.6667,3725.2,5921.6,1.5896,0.38012,0.008881,0.047179,0.10526,56.25,0.1567,0
104,authentic,0,4817.1,1,1,0.908925,0.0591,4306.6,4306.6,1.0,0.0,0.124864,0.130109,0.18182,85.71,0.2214,0
104,mp3_128,1,4817.1,1,1,0.908506,0.0594,4177.4,4220.5,1.0103,0.0,0.139959,0.146369,0.17708,100.0,0.1965,0
104,mp3_320,1,4817.1,1,1,0.90889,0.0591,4263.6,4263.6,1.0,0.0,0.128224,0.13363,0.18367,85.71,0.227,0
104,mp3_v0,1,4817.1,1,1,0.90906,0.059,4177.4,4177.4,1.0,0.0,0.136965,0.142623,0.19271,85.71,0.25,0
105,authentic,0,3198.0,1,1,0.183474,0.6916,3811.4,4155.9,1.0904,0.0,0.070846,0.069495,0.18286,100.0,0.1221,0
105,mp3_128,1,3198.0,1,1,0.183837,0.6911,3789.8,4134.4,1.0909,0.0,0.072222,0.07173,0.18391,100.0,0.1232,0
105,mp3_320,1,3198.0,1,1,0.183468,0.6916,3811.4,4155.9,1.0904,0.0,0.070848,0.069559,0.18286,100.0,0.1281,0
105,mp3_v0,1,3198.0,1,1,0.183501,0.6916,3789.8,4155.9,1.0966,0.0,0.071722,0.070374,0.18391,100.0,0.1393,0
108,authentic,0,4320.4,1,0,0.0,1.0,4651.2,0.0,0.0,0.0,0.107942,0.999997,0.28505,0.0,0.0458,0
108,mp3_128,1,4320.4,1,0,0.0,1.0,4586.6,0.0,0.0,0.0,0.109349,1.0,0.2891,0.0,0.5837,0
108,mp3_320,1,4320.4,1,0,0.0,1.0,4629.6,0.0,0.0,0.0,0.108434,0.999996,0.28638,0.0,0.048,0
108,mp3_v0,1,4320.4,1,0,0.0,1.0,4651.2,0.0,0.0,0.0,0.10795,0.999997,0.28505,0.0,0.0394,0
109,authentic,0,5204.1,1,1,0.051029,0.9176,2433.3,8828.6,3.6283,0.35135,0.012788,0.017379,0.18018,100.0,0.1665,0
109,mp3_128,1,5204.1,1,1,0.051204,0.9172,2390.2,2971.6,1.2432,0.3578,0.012957,0.021675,0.18349,100.0,0.2646,0
109,mp3_320,1,5204.1,1,1,0.051033,0.9175,2433.3,8247.2,3.3894,0.35135,0.012797,0.017561,0.18018,100.0,0.1674,0
109,mp3_v0,1,5204.1,1,1,0.051026,0.9176,2390.2,6416.9,2.6847,0.3578,0.012895,0.018441,0.18349,100.0,0.2235,0
106,authentic,0,3434.0,1,1,0.240883,0.6166,4737.3,4715.8,0.9955,0.0367,0.083934,0.070796,0.11927,0.0,0.085,0
106,mp3_128,1,3434.0,1,1,0.241106,0.6163,4694.2,4242.0,0.9037,0.03704,0.086925,0.074724,0.125,0.0,0.1099,0
106,mp3_320,1,3434.0,1,1,0.240909,0.6166,4715.8,4715.8,1.0,0.03687,0.084263,0.071481,0.11982,0.0,0.0921,0
106,mp3_v0,1,3434.0,1,1,0.240939,0.6166,4694.2,4694.2,1.0,0.03704,0.084748,0.073523,0.12037,0.0,0.1086,0
107,authentic,0,3210.2,1,0,0.0,1.0,4048.2,20951.8,5.1755,0.0,0.114074,0.999657,0.17204,48.08,0.0769,0
107,mp3_128,1,3210.2,1,0,0.0,1.0,4048.2,20930.3,5.1702,0.0,0.114418,0.997608,0.17204,47.92,0.1163,0
107,mp3_320,1,3210.2,1,0,0.0,1.0,4048.2,20908.7,5.1649,0.0,0.114072,0.998044,0.17204,48.08,0.0774,0
107,mp3_v0,1,3210.2,1,0,0.0,1.0,4048.2,0.0,0.0,0.0,0.114141,1.0,0.17204,48.08,0.1107,0
100,authentic,0,3670.6,1,1,0.81797,0.1112,4392.8,4285.1,0.9755,0.4901,0.014596,0.01374,0.11386,81.82,0.1065,0
100,mp3_128,1,3670.6,1,1,0.81782,0.1113,4242.0,4177.4,0.9848,0.45641,0.016953,0.016832,0.11282,92.31,0.1386,0
100,mp3_320,1,3670.6,1,1,0.818043,0.1112,4392.8,4242.0,0.9657,0.4901,0.014643,0.013829,0.11386,66.67,0.1063,0
100,mp3_v0,1,3670.6,1,1,0.817968,0.1112,4285.1,4199.0,0.9799,0.48731,0.01512,0.014541,0.1066,90.91,0.1457,0
101,authentic,0,6848.6,1,1,4e-05,1.0,7558.2,18152.5,2.4017,0.29513,0.043072,0.052943,0.15186,100.0,0.0696,0
101,mp3_128,1,6848.6,1,1,4e-05,1.0,7278.2,11111.1,1.5266,0.27381,0.046561,0.049933,0.16964,100.0,0.1099,0
101,mp3_320,1,6848.6,1,1,4e-05,1.0,7558.2,15956.1,2.1111,0.29513,0.043085,0.056483,0.15186,100.0,0.0697,0
101,mp3_v0,1,6848.6,1,1,4.3e-05,1.0,7342.8,12187.8,1.6598,0.28614,0.045195,0.051865,0.15634,100.0,0.0845,0
110,authentic,0,4246.8,1,1,0.860316,0.0751,4069.8,4155.9,1.0212,0.0,0.132227,0.142165,0.18182,100.0,0.0714,0
110,mp3_128,1,4246.8,1,1,0.859242,0.0757,4005.2,4048.2,1.0108,0.0,0.138472,0.14877,0.16848,100.0,0.143,0
110,mp3_320,1,4246.8,1,1,0.860226,0.0752,4069.8,4134.4,1.0159,0.0,0.132292,0.142246,0.18182,100.0,0.0739,0
110,mp3_v0,1,4246.8,1,1,0.860156,0.0752,4026.7,4091.3,1.016,0.0,0.134144,0.14406,0.18378,100.0,0.1203,0
111,authentic,0,4080.3,1,1,7.7e-05,1.0,5124.9,20327.3,3.9664,0.01695,0.149905,0.149904,0.15678,36.22,0.0838,0
111,mp3_128,1,4080.3,1,1,7.7e-05,1.0,4974.2,4651.2,0.9351,0.0,0.163437,0.162528,0.16157,35.71,0.1003,0
111,mp3_320,1,4080.3,1,1,7.7e-05,1.0,5103.4,17657.2,3.4599,0.01277,0.151696,0.153492,0.15745,36.51,0.0831,0
111,mp3_v0,1,4080.3,1,1,7.7e-05,1.0,5124.9,10895.8,2.1261,0.01695,0.149918,0.144992,0.15678,36.51,0.081,0
114,authentic,0,3327.1,1,0,0.0,1.0,3509.9,0.0,0.0,0.00621,0.116898,0.999997,0.16149,83.33,0.0546,0
114,mp3_128,1,3327.1,1,0,0.0,1.0,3509.9,0.0,0.0,0.00621,0.116958,0.999997,0.16149,75.0,0.0585,0
114,mp3_320,1,3327.1,1,0,0.0,1.0,3509.9,0.0,0.0,0.00621,0.116899,0.999997,0.16149,83.33,0.0533,0
114,mp3_v0,1,3327.1,1,0,0.0,1.0,3509.9,0.0,0.0,0.00621,0.117068,0.999997,0.16149,83.33,0.056,0
115,authentic,0,3325.3,1,0,0.0,1.0,4069.8,0.0,0.0,0.0,0.230289,0.999997,0.14439,75.0,0.273,0
115,mp3_128,1,3325.3,1,0,0.0,1.0,4069.8,0.0,0.0,0.0,0.230438,0.999997,0.14439,75.0,0.2883,0
115,mp3_320,1,3325.3,1,0,0.0,1.0,4069.8,0.0,0.0,0.0,0.230294,0.999997,0.14439,75.0,0.2725,0
115,mp3_v0,1,3325.3,1,0,0.0,1.0,4069.8,0.0,0.0,0.0,0.230415,0.999997,0.14439,75.0,0.2981,0
116,authentic,0,3742.0,1,1,0.160469,0.7234,5727.8,6524.6,1.1391,0.50379,0.005359,0.092113,0.10606,100.0,0.0237,0
116,mp3_128,1,3742.0,1,1,0.161467,0.722,5081.8,5469.4,1.0763,0.44017,0.007418,0.137329,0.12821,100.0,0.0583,0
116,mp3_320,1,3742.0,1,1,0.160479,0.7234,5684.8,6416.9,1.1288,0.5,0.005561,0.096218,0.10687,100.0,0.0218,0
116,mp3_v0,1,3742.0,1,1,0.160519,0.7234,5318.7,6416.9,1.2065,0.46531,0.006538,0.112299,0.12245,100.0,0.0346,0
117,authentic,0,3946.2,1,0,0.0,1.0,4005.2,0.0,0.0,0.0,0.110467,0.999997,0.21739,81.25,0.0469,0
117,mp3_128,1,3946.2,1,0,0.0,1.0,3940.6,0.0,0.0,0.0,0.113822,0.999994,0.22099,90.62,0.5914,0
117,mp3_320,1,3946.2,1,0,0.0,1.0,3983.6,0.0,0.0,0.0,0.111407,0.999996,0.21858,81.25,0.0492,0
117,mp3_v0,1,3946.2,1,0,0.0,1.0,3983.6,0.0,0.0,0.0,0.111422,0.999996,0.21858,84.38,0.04,0
112,authentic,0,2573.4,1,1,0.745464,0.1464,4177.4,4155.9,0.9948,0.0,0.141884,0.145059,0.19792,75.0,0.1593,0
112,mp3_128,1,2573.4,1,1,0.745485,0.1464,4134.4,4155.9,1.0052,0.0,0.147632,0.151667,0.2,72.22,0.1238,0
112,mp3_320,1,2573.4,1,1,0.745502,0.1463,4177.4,4155.9,0.9948,0.0,0.141911,0.145085,0.19792,75.0,0.2152,0
112,mp3_v0,1,2573.4,1,1,0.745369,0.1464,4177.4,4155.9,0.9948,0.0,0.141864,0.145111,0.19792,77.78,0.2132,0
113,authentic,0,6684.0,1,1,0.0,1.0,6589.2,21382.5,3.2451,0.33224,0.046094,0.999371,0.20724,85.42,0.056,0
113,mp3_128,1,6684.0,1,1,0.0,1.0,6546.1,20478.1,3.1283,0.32781,0.046971,0.992893,0.22517,83.67,0.0733,0
113,mp3_320,1,6684.0,1,1,0.0,1.0,6567.6,20219.7,3.0787,0.33003,0.046345,0.999248,0.21122,85.42,0.056,0
113,mp3_v0,1,6684.0,1,1,0.0,1.0,6567.6,21296.3,3.2426,0.33003,0.046374,0.992768,0.20792,87.5,0.0565,0
118,authentic,0,4107.9,1,0,0.0,1.0,4414.3,20930.3,4.7415,0.0,0.279747,0.878831,0.2069,80.0,0.1059,0
118,mp3_128,1,4107.9,1,1,0.0,1.0,4371.2,20758.0,4.7488,0.0,0.284247,0.96164,0.20896,90.0,0.1692,0
118,mp3_320,1,4107.9,1,1,0.0,1.0,4392.8,20564.2,4.6814,0.0,0.282049,0.95256,0.20792,80.95,0.1067,0
118,mp3_v0,1,4107.9,1,1,0.0,1.0,4392.8,20865.7,4.75,0.0,0.282199,0.925298,0.20792,84.21,0.1107,0
119,authentic,0,3560.3,1,1,0.294478,0.5733,3466.8,3488.4,1.0062,0.05031,0.058395,0.256236,0.21384,100.0,0.1699,0
119,mp3_128,1,3560.3,1,1,0.294422,0.5733,3402.2,3423.8,1.0063,0.05128,0.060521,0.26393,0.22436,100.0,0.1664,0
119,mp3_320,1,3560.3,1,1,0.294483,0.5733,3445.3,3466.8,1.0063,0.05063,0.058873,0.2586,0.21519,100.0,0.1822,0
119,mp3_v0,1,3560.3,1,1,0.294388,0.5735,3423.8,3445.3,1.0063,0.05096,0.059369,0.260817,0.21656,100.0,0.2545,0
