population,track,cliff_depth_db
genuine,000-03-Balla-et-ses-Balladins-Moi-ca-ma-fout.flac,-19.1
genuine,001-11-Gilbert-B-caud-Le-bain-de-minuit.flac,-30.7
genuine,002-03-Hraach-Let-it-go.flac,-31.4
genuine,003-01-Thor-Dari-lullaby.flac,-15.3
genuine,004-01-Thiossane-Ablaye-Ndiaye-Aminata-ndiaye.flac,-21.1
genuine,005-17-Los-Seven-Del-Swing-Celoso.flac,-36.3
genuine,006-09-Mahmoud-Ahmed-Tezeta.flac,-0.9
genuine,007-07-Wax-Tailor-Positively-inclined-featuring-main.flac,-30.8
genuine,008-06-The-Mebusas-Mr-bull-dog-original-45-version.flac,-56.5
genuine,009-03-Ilya-Beshevli-To-solitude.flac,7.9
genuine,010-06-Jon-Hassell-These-times.flac,-12.0
genuine,011-07-Ensemble-National-des-Percussions-de-Guin-e-K.flac,-33.8
genuine,012-07-A-La-Carte-Brass-And-Percussion-Papa-was-a-ro.flac,-39.0
genuine,013-22-Roswell-Sacred-Harp-Quartet-Weeping-mary.flac,11.2
genuine,014-26-Dock-Walsh-Bathe-in-that-beautiful-pool.flac,-1.0
genuine,015-08-Jos-Gonz-lez-Vissel.flac,-0.0
genuine,016-03-Memory-Tapes-Green-knight.flac,-15.7
genuine,017-13-Cafe-Del-Mar-Submariner.flac,-13.4
genuine,018-04-Bag-o-wire-Resovoir.flac,-25.6
genuine,019-04-Kohi-Jadu.flac,-18.7
genuine,020-06-Bola-Tigantabame.flac,-37.2
genuine,021-13-Colombiafrica-The-Mystic-Orchestra-Rey-de-roc.flac,-61.6
genuine,022-17-Michel-Legrand-It-s-good-to-be-alive-the-chas.flac,-17.7
genuine,023-01-Yusef-Lateef-Buddy-and-lou.flac,-34.4
genuine,024-15-Jordi-Savall-Concert-li-la-rougeville-gigue.flac,1.6
genuine,025-07-Bolalar-Lola.flac,-29.3
genuine,026-06-Oumou-Dioubat-Siyala.flac,-41.4
genuine,027-01-Dimlite-Kitty-Cradle-Fog.flac,-15.1
genuine,028-04-Lisu-Yue-phue-alcool-de-ma-s.flac,-8.5
genuine,029-05-Kuusow-Kurtunwaarey-Amin-Xaaji-Cusmaan-Cabdul.flac,-15.0
genuine,030-06-S-bastien-Tellier-Benny.flac,-19.0
genuine,031-07-Shkoon-Just-Emma-Id.flac,-14.8
genuine,032-05-2kilos-more-Cache-feu.flac,-7.8
genuine,033-01-Daylight-Rising.flac,-25.2
genuine,034-09-Snow-Ghosts-Bowline.flac,-23.6
genuine,035-16-Slow-Air-In-Dropped-D.flac,-37.3
genuine,036-08-Nicolas-Comment-Amaurose.flac,-29.5
genuine,037-02-Super-Cayor-De-Dakar-Emboutaieillage.flac,-11.1
genuine,038-11-Red-Hot-Chili-Peppers-This-velvet-glove.flac,-17.5
genuine,039-13-Kat-Onoma-Change-blues.flac,-32.1
direct,000-03-Balla-et-ses-Balladins-Moi-ca-ma-fout.flac,-48.5
direct,001-11-Gilbert-B-caud-Le-bain-de-minuit.flac,-63.9
direct,002-03-Hraach-Let-it-go.flac,-65.2
direct,003-01-Thor-Dari-lullaby.flac,-60.4
direct,004-01-Thiossane-Ablaye-Ndiaye-Aminata-ndiaye.flac,-56.1
direct,005-17-Los-Seven-Del-Swing-Celoso.flac,-61.1
direct,006-09-Mahmoud-Ahmed-Tezeta.flac,-40.5
direct,007-07-Wax-Tailor-Positively-inclined-featuring-main.flac,-43.0
direct,008-06-The-Mebusas-Mr-bull-dog-original-45-version.flac,-61.7
direct,009-03-Ilya-Beshevli-To-solitude.flac,-25.9
direct,010-06-Jon-Hassell-These-times.flac,-38.6
direct,011-07-Ensemble-National-des-Percussions-de-Guin-e-K.flac,-55.0
direct,012-07-A-La-Carte-Brass-And-Percussion-Papa-was-a-ro.flac,-57.3
direct,013-22-Roswell-Sacred-Harp-Quartet-Weeping-mary.flac,-39.4
direct,014-26-Dock-Walsh-Bathe-in-that-beautiful-pool.flac,-26.4
direct,015-08-Jos-Gonz-lez-Vissel.flac,-36.3
direct,016-03-Memory-Tapes-Green-knight.flac,-47.5
direct,017-13-Cafe-Del-Mar-Submariner.flac,-59.7
direct,018-04-Bag-o-wire-Resovoir.flac,-66.3
direct,019-04-Kohi-Jadu.flac,-51.7
direct,020-06-Bola-Tigantabame.flac,-70.7
direct,021-13-Colombiafrica-The-Mystic-Orchestra-Rey-de-roc.flac,-68.9
direct,022-17-Michel-Legrand-It-s-good-to-be-alive-the-chas.flac,-45.4
direct,023-01-Yusef-Lateef-Buddy-and-lou.flac,-60.6
direct,024-15-Jordi-Savall-Concert-li-la-rougeville-gigue.flac,-37.6
direct,025-07-Bolalar-Lola.flac,-68.5
direct,026-06-Oumou-Dioubat-Siyala.flac,-65.8
direct,027-01-Dimlite-Kitty-Cradle-Fog.flac,-63.3
direct,028-04-Lisu-Yue-phue-alcool-de-ma-s.flac,-28.8
direct,029-05-Kuusow-Kurtunwaarey-Amin-Xaaji-Cusmaan-Cabdul.flac,-48.6
direct,030-06-S-bastien-Tellier-Benny.flac,-68.3
direct,031-07-Shkoon-Just-Emma-Id.flac,-55.1
direct,032-05-2kilos-more-Cache-feu.flac,-47.0
direct,033-01-Daylight-Rising.flac,-66.3
direct,034-09-Snow-Ghosts-Bowline.flac,-68.2
direct,035-16-Slow-Air-In-Dropped-D.flac,-41.2
direct,036-08-Nicolas-Comment-Amaurose.flac,-65.0
direct,037-02-Super-Cayor-De-Dakar-Emboutaieillage.flac,-59.2
direct,038-11-Red-Hot-Chili-Peppers-This-velvet-glove.flac,-41.6
direct,039-13-Kat-Onoma-Change-blues.flac,-63.1
remastered_v2,000-03-Balla-et-ses-Balladins-Moi-ca-ma-fout.flac,-23.2
remastered_v2,001-11-Gilbert-B-caud-Le-bain-de-minuit.flac,-38.4
remastered_v2,002-03-Hraach-Let-it-go.flac,-44.8
remastered_v2,003-01-Thor-Dari-lullaby.flac,-41.3
remastered_v2,004-01-Thiossane-Ablaye-Ndiaye-Aminata-ndiaye.flac,-41.5
remastered_v2,005-17-Los-Seven-Del-Swing-Celoso.flac,-32.5
remastered_v2,006-09-Mahmoud-Ahmed-Tezeta.flac,-12.6
remastered_v2,007-07-Wax-Tailor-Positively-inclined-featuring-main.flac,-39.2
remastered_v2,008-06-The-Mebusas-Mr-bull-dog-original-45-version.flac,-33.2
remastered_v2,009-03-Ilya-Beshevli-To-solitude.flac,-2.1
remastered_v2,010-06-Jon-Hassell-These-times.flac,-10.8
remastered_v2,011-07-Ensemble-National-des-Percussions-de-Guin-e-K.flac,-22.1
remastered_v2,012-07-A-La-Carte-Brass-And-Percussion-Papa-was-a-ro.flac,-39.5
remastered_v2,013-22-Roswell-Sacred-Harp-Quartet-Weeping-mary.flac,-11.2
remastered_v2,014-26-Dock-Walsh-Bathe-in-that-beautiful-pool.flac,-2.4
remastered_v2,015-08-Jos-Gonz-lez-Vissel.flac,-8.4
remastered_v2,016-03-Memory-Tapes-Green-knight.flac,-41.0
remastered_v2,017-13-Cafe-Del-Mar-Submariner.flac,-37.1
remastered_v2,018-04-Bag-o-wire-Resovoir.flac,-37.6
remastered_v2,019-04-Kohi-Jadu.flac,-22.8
remastered_v2,020-06-Bola-Tigantabame.flac,-44.1
remastered_v2,021-13-Colombiafrica-The-Mystic-Orchestra-Rey-de-roc.flac,-40.5
remastered_v2,022-17-Michel-Legrand-It-s-good-to-be-alive-the-chas.flac,-17.4
remastered_v2,023-01-Yusef-Lateef-Buddy-and-lou.flac,-32.0
remastered_v2,024-15-Jordi-Savall-Concert-li-la-rougeville-gigue.flac,-8.8
remastered_v2,025-07-Bolalar-Lola.flac,-40.1
remastered_v2,026-06-Oumou-Dioubat-Siyala.flac,-37.2
remastered_v2,027-01-Dimlite-Kitty-Cradle-Fog.flac,-42.8
remastered_v2,028-04-Lisu-Yue-phue-alcool-de-ma-s.flac,-3.3
remastered_v2,029-05-Kuusow-Kurtunwaarey-Amin-Xaaji-Cusmaan-Cabdul.flac,-19.9
remastered_v2,030-06-S-bastien-Tellier-Benny.flac,-40.3
remastered_v2,031-07-Shkoon-Just-Emma-Id.flac,-29.3
remastered_v2,032-05-2kilos-more-Cache-feu.flac,-17.8
remastered_v2,033-01-Daylight-Rising.flac,-37.8
remastered_v2,034-09-Snow-Ghosts-Bowline.flac,-40.2
remastered_v2,035-16-Slow-Air-In-Dropped-D.flac,-13.5
remastered_v2,036-08-Nicolas-Comment-Amaurose.flac,-43.4
remastered_v2,037-02-Super-Cayor-De-Dakar-Emboutaieillage.flac,-39.4
remastered_v2,038-11-Red-Hot-Chili-Peppers-This-velvet-glove.flac,-39.4
remastered_v2,039-13-Kat-Onoma-Change-blues.flac,-34.9
wild_owner,01 Sunlight (Breeze & Styles remix).wav,-55.9
wild_owner,02 Feeling Fine (Darren Styles mix).wav,-64.4
wild_owner,03 Blue Anthem.wav,-65.8
wild_owner,04 Chemical Love (Hardcore mix).wav,-57.5
wild_owner,05 Taking Me Higher.wav,-62.2
wild_owner,06 Aurora.wav,-59.6
wild_owner,07 Heartbeatz (Scott Brown remix).wav,-62.5
wild_owner,08 I Would Stay (Scott Brown Hardcore mix).wav,-61.0
wild_owner,09 Drop the Beats.wav,-66.5
wild_owner,10 Suck My…!.wav,-65.5
wild_owner,11 You’re My Angel.wav,-70.6
wild_owner,12 Cokane (Back to Basics mix).wav,-61.2
wild_owner,"13 24,7 (Breeze & Styles remix).wav",-68.6
wild_owner,14 The Craft.wav,-66.0
wild_owner,15 Free Again.wav,-67.1
wild_owner,16 Dancing the Night Away (Gammer remix).wav,-66.8
wild_owner,17 Injected With a Poison (Hixxy’s HTID remix (Harcode Til I Die)).wav,-62.0
wild_owner,01 Won’t Forget These Days.wav,-68.9
wild_owner,02 Fell From the Stars.wav,-65.1
wild_owner,03 Make the Beat Drop.wav,-62.5
wild_owner,04 The Way (Put Your Hand in My Hand) (Breeze & Styles remix).wav,-63.3
wild_owner,05 Be Cool (Dougal & Gammer remix).wav,-65.3
wild_owner,06 Pretty Green Eyes (hardcore remix).wav,-67.4
wild_owner,07 Fly With You.wav,-72.1
wild_owner,08 One and Only.wav,-60.8
wild_owner,09 Star Tonight.wav,-63.6
wild_owner,10 The Piano Song.wav,-64.2
wild_owner,11 Yo DJ.wav,-63.6
wild_owner,12 Through the Darkness.wav,-64.4
wild_owner,13 Angel Eyes.wav,-66.6
wild_owner,14 Stomp.wav,-61.8
wild_owner,15 No More Joking (Sy & Unknown remix).wav,-61.6
wild_owner,16 Eternal Darkness.wav,-61.5
wild_owner,17 Know the Score.wav,-58.2
wild_eye,01 Groove Control.wav,-57.6
wild_eye,02 Discoland.wav,-54.7
wild_eye,03 Feel Real Free.wav,-58.0
wild_eye,04 Samplemania.wav,-58.0
wild_eye,05 In Complete Darkness (Slipmatt remix).wav,-59.3
wild_eye,06 Take Me Away (Slipmatt remix).wav,-59.8
wild_eye,07 Perfect Dreams.wav,-61.4
wild_eye,08 Let the Music.wav,-58.0
wild_eye,09 On Top (Hixxy remix).wav,-57.0
wild_eye,10 Love of My Life.wav,-55.9
wild_eye,11 Pacific Sun.wav,-53.1
wild_eye,12 Devotion.wav,-63.9
wild_eye,13 Luv U More.wav,-62.0
wild_eye,14 Six Days.wav,-55.2
wild_eye,15 Party Time (remix).wav,-57.0
wild_eye,16 Really Love You.wav,-63.7
wild_eye,17 Power of Love.wav,-60.0
wild_eye,18 Rainbow Islands.wav,-60.0
wild_eye,19 Paradise in Dreams.wav,-59.2
