file,verdict,sample_rate,evidence
fd-exchange-2026-08-0001.flac,convicted,48000,HF_SEAM_0.74;AI_SR_48000;STEREO_AAC_DOUBT_0.00;DEADRUN_UNCORROBORATED_97;DEAD_STRUCTURE_MEANRUN_10.49;MP3_CONJ_BASE_20500;MP3_CONJ_WALLLEG_W44.8_K5.67;MP3_IDEM_R3.14_20500
fd-exchange-2026-08-0002.flac,flagged,44100,STEREO_AAC_DOUBT_0.00;AAC_LATTICE_63pct
fd-exchange-2026-08-0003.flac,convicted,44100,BRICKWALL_20K;HF_SEAM_0.80;CNN_DOUBT;STEREO_AAC_DOUBT_0.00;DEAD_STRUCTURE_MAXRUN_233;DEAD_STRUCTURE_MEANRUN_6.04;BAND_LIMIT_LOW_19000HZ_41DB;MS_CONDITIONAL_57;MP3_CONJ_BASE_19000;MP3_CONJ_WALLLEG_W41.0_K5.45
fd-exchange-2026-08-0004.flac,flagged,44100,LOW_ROLLOFF_4.3KHZ;STEREO_AAC_DOUBT_0.00;DEAD_STRUCTURE_MAXRUN_286;DEADRUN_UNCORROBORATED_7.29;AAC_LATTICE_64pct
fd-exchange-2026-08-0005.flac,flagged,44100,LOW_ROLLOFF_3.1KHZ;STEREO_AAC_DOUBT_0.08;MS_CONDITIONAL_49;AAC_LATTICE_61pct
fd-exchange-2026-08-0006.flac,convicted,44100,HF_SEAM_0.68;CNN_DOUBT;MP3_CONJ_BASE_20500;MP3_CONJ_WALLLEG_W22.9_K12.31;STRUCTURAL_NA_MONO
fd-exchange-2026-08-0007.flac,flagged,48000,HF_SEAM_0.86;AI_SR_48000;LOW_ROLLOFF_7.6KHZ;CNN_DOUBT;STEREO_AAC_DOUBT_0.00;DEAD_STRUCTURE_MAXRUN_292;DEAD_STRUCTURE_MEANRUN_9.10
fd-exchange-2026-08-0008.flac,flagged,44100,LOW_ROLLOFF_7.1KHZ;STEREO_AAC_DOUBT_0.00;DEAD_STRUCTURE_MAXRUN_204;DEADRUN_UNCORROBORATED_5.76;AAC_LATTICE_65pct
fd-exchange-2026-08-0009.flac,flagged,44100,FAKE_STEREO;STEREO_AAC_DOUBT_0.00;DEAD_STRUCTURE_MAXRUN_93;MS_CONDITIONAL_60;AAC_LATTICE_67pct
fd-exchange-2026-08-0010.flac,flagged,44100,LOW_ROLLOFF_6.9KHZ;STEREO_AAC_DOUBT_0.02;AAC_LATTICE_59pct
fd-exchange-2026-08-0011.flac,flagged,44100,HF_DECOUPLED_-0.03;HF_SEAM_0.69;LOW_ROLLOFF_1.9KHZ;STEREO_AAC_DOUBT_0.00
fd-exchange-2026-08-0012.flac,convicted,44100,BRICKWALL_20K;HF_SEAM_0.80;LOW_ROLLOFF_7.3KHZ;CNN_DOUBT;STEREO_AAC_DOUBT_0.00;DEAD_STRUCTURE_MAXRUN_245;DEADRUN_UNCORROBORATED_7.19;BAND_LIMIT_LOW_19000HZ_43DB;MP3_CONJ_BASE_19000;MP3_CONJ_WALLLEG_W43.3_K5.51
fd-exchange-2026-08-0013.flac,flagged,44100,BRICKWALL_20K;CNN_DOUBT;STEREO_AAC_DOUBT_0.00;DEAD_STRUCTURE_MAXRUN_270;DEAD_STRUCTURE_MEANRUN_8.30;AAC_LATTICE_22pct
fd-exchange-2026-08-0014.flac,flagged,44100,CNN_DOUBT;AAC_LATTICE_71pct;STRUCTURAL_NA_MONO
fd-exchange-2026-08-0015.flac,convicted,44100,HF_SEAM_0.75;STEREO_AAC_DOUBT_0.00;DEAD_STRUCTURE_MAXRUN_230;DEAD_STRUCTURE_MEANRUN_7.77;MS_CONDITIONAL_57;AAC_LATTICE_62pct
fd-exchange-2026-08-0016.flac,convicted,44100,BRICKWALL_20K;HF_SEAM_0.80;LOW_ROLLOFF_7.2KHZ;CNN_DOUBT;STEREO_AAC_DOUBT_0.00;DEAD_STRUCTURE_MAXRUN_256;DEADRUN_UNCORROBORATED_5.61;BAND_LIMIT_LOW_19000HZ_46DB;MP3_CONJ_BASE_19000;MP3_CONJ_WALLLEG_W45.9_K5.34
fd-exchange-2026-08-0017.flac,flagged,44100,HF_SEAM_0.79;LOW_ROLLOFF_2.7KHZ;STEREO_AAC_DOUBT_0.00;DEAD_STRUCTURE_MAXRUN_239;DEADRUN_UNCORROBORATED_6.40
fd-exchange-2026-08-0018.flac,flagged,44100,LOW_ROLLOFF_4.4KHZ;STEREO_AAC_DOUBT_0.01;AAC_LATTICE_61pct
fd-exchange-2026-08-0019.flac,flagged,96000,AI_SR_96000;LOW_ROLLOFF_6.8KHZ;STEREO_AAC_DOUBT_0.00;DEAD_STRUCTURE_MAXRUN_196;DEAD_STRUCTURE_MEANRUN_9.73
fd-exchange-2026-08-0020.flac,convicted,44100,BRICKWALL_20K;HF_SEAM_0.83;CNN_DOUBT;STEREO_AAC_DOUBT_0.00;DEAD_STRUCTURE_MAXRUN_115;BAND_LIMIT_LOW_19000HZ_59DB;MS_CONDITIONAL_56;MP3_CONJ_BASE_19000;MP3_CONJ_WALLLEG_W59.4_K5.24
fd-exchange-2026-08-0021.flac,convicted,48000,HF_SEAM_0.68;AI_SR_48000;CNN_DOUBT;STEREO_AAC_DOUBT_0.00;DEADRUN_UNCORROBORATED_92;DEAD_STRUCTURE_MEANRUN_9.35;MP3_CONJ_BASE_20500;MP3_CONJ_WALLLEG_W45.6_K5.24;MP3_IDEM_R2.22_20500
fd-exchange-2026-08-0022.flac,convicted,44100,HF_SEAM_0.62;CNN_DOUBT;STEREO_AAC_DOUBT_0.00;DEAD_STRUCTURE_MAXRUN_232;DEAD_STRUCTURE_MEANRUN_6.38;MS_CONDITIONAL_53;AAC_LATTICE_62pct
fd-exchange-2026-08-0023.flac,flagged,44100,HF_DECOUPLED_-0.08;LOW_ROLLOFF_3.8KHZ;STEREO_AAC_DOUBT_0.03;AAC_LATTICE_51pct
fd-exchange-2026-08-0024.flac,flagged,44100,STEREO_AAC_DOUBT_0.00;DEAD_STRUCTURE_MAXRUN_153;DEAD_STRUCTURE_MEANRUN_20.40
fd-exchange-2026-08-0025.flac,flagged,44100,BRICKWALL_20K;HF_SEAM_0.97;LOW_ROLLOFF_4.6KHZ;CNN_DOUBT;STEREO_AAC_DOUBT_0.00;DEAD_STRUCTURE_MAXRUN_246;DEADRUN_UNCORROBORATED_6.82;BAND_LIMIT_LOW_17500HZ_44DB;AAC_LATTICE_40pct;MP3_IDEM_R1.95_17500;MP3_IDEM_FIRE_17500
fd-exchange-2026-08-0026.flac,flagged,44100,CNN_DOUBT;AAC_LATTICE_53pct;STRUCTURAL_NA_MONO
fd-exchange-2026-08-0027.flac,clear,44100,FAKE_STEREO
fd-exchange-2026-08-0028.flac,flagged,44100,CNN_DOUBT;STEREO_AAC_DOUBT_0.00;DEAD_STRUCTURE_MAXRUN_269;DEAD_STRUCTURE_MEANRUN_8.29
fd-exchange-2026-08-0029.flac,flagged,44100,HF_SEAM_0.82;LOW_ROLLOFF_3.7KHZ;STEREO_AAC_DOUBT_0.01;DEAD_STRUCTURE_MAXRUN_176;DEAD_STRUCTURE_MEANRUN_19.58
fd-exchange-2026-08-0030.flac,clear,48000,AI_SR_48000;LOW_ROLLOFF_4.8KHZ
fd-exchange-2026-08-0031.flac,flagged,48000,HF_SEAM_0.65;AI_SR_48000;LOW_ROLLOFF_3.1KHZ;STEREO_AAC_DOUBT_0.00;DEADRUN_UNCORROBORATED_92;MP3_IDEM_R1.59_20500;MP3_IDEM_FIRE_20500
fd-exchange-2026-08-0032.flac,flagged,44100,STEREO_AAC_DOUBT_0.00;AAC_LATTICE_67pct
fd-exchange-2026-08-0033.flac,flagged,44100,LOW_ROLLOFF_6.7KHZ;STEREO_AAC_DOUBT_0.00;AAC_LATTICE_57pct
fd-exchange-2026-08-0034.flac,flagged,44100,BRICKWALL_20K;CNN_DOUBT;STEREO_AAC_DOUBT_0.00;AAC_LATTICE_59pct
fd-exchange-2026-08-0035.flac,flagged,48000,HF_DECOUPLED_-0.26;HF_SEAM_0.84;AI_SR_48000;LOW_ROLLOFF_4.7KHZ;STEREO_AAC_DOUBT_0.03;DEAD_STRUCTURE_MAXRUN_238;DEADRUN_UNCORROBORATED_6.46
fd-exchange-2026-08-0036.flac,convicted,44100,FAKE_STEREO;HF_SEAM_0.90;CNN_DOUBT;STEREO_AAC_DOUBT_0.00;DEAD_STRUCTURE_MAXRUN_88;MS_CONDITIONAL_53;MP3_CONJ_BASE_20500;MP3_CONJ_WALLLEG_W57.5_K5.57;OPUS_EDGE_FIRE_20123_W377_F1.6
fd-exchange-2026-08-0037.flac,flagged,44100,LOW_ROLLOFF_5.9KHZ;CNN_DOUBT;STEREO_AAC_DOUBT_0.00;MS_CONDITIONAL_57;AAC_LATTICE_52pct
fd-exchange-2026-08-0038.flac,flagged,44100,BRICKWALL_20K;HF_SEAM_0.94;LOW_ROLLOFF_7.1KHZ;STEREO_AAC_DOUBT_0.00;DEAD_STRUCTURE_MAXRUN_100;BAND_LIMIT_LOW_17500HZ_35DB;MS_CONDITIONAL_58;AAC_LATTICE_40pct;MP3_IDEM_R3.02_17500
fd-exchange-2026-08-0039.flac,flagged,96000,AI_SR_96000;LOW_ROLLOFF_5.4KHZ;STEREO_AAC_DOUBT_0.00;DEAD_STRUCTURE_MAXRUN_240
fd-exchange-2026-08-0040.flac,flagged,44100,BRICKWALL_20K;FAKE_STEREO;HF_SEAM_0.97;CNN_DOUBT;STEREO_AAC_DOUBT_0.00;BAND_LIMIT_LOW_17500HZ_42DB;MS_CONDITIONAL_58;AAC_LATTICE_60pct;MP3_IDEM_R1.26_17500;MP3_IDEM_FIRE_17500
fd-exchange-2026-08-0041.flac,clear,44100,BRICKWALL_20K;BAND_LIMIT_LOW_NOWALL_17000HZ
fd-exchange-2026-08-0042.flac,flagged,44100,BRICKWALL_20K;HF_SEAM_0.98;LOW_ROLLOFF_5.1KHZ;CNN_DOUBT;STEREO_AAC_DOUBT_0.00;DEAD_STRUCTURE_MAXRUN_116;BAND_LIMIT_LOW_17500HZ_53DB;AAC_LATTICE_42pct
fd-exchange-2026-08-0043.flac,flagged,44100,BRICKWALL_20K;HF_SEAM_0.96;LOW_ROLLOFF_6.8KHZ;CNN_DOUBT;STEREO_AAC_DOUBT_0.00;BAND_LIMIT_LOW_17500HZ_35DB;AAC_LATTICE_35pct
fd-exchange-2026-08-0044.flac,flagged,44100,LOW_ROLLOFF_4.4KHZ;STEREO_AAC_DOUBT_0.00;DEAD_STRUCTURE_MAXRUN_211;DEADRUN_UNCORROBORATED_5.14;AAC_LATTICE_61pct
fd-exchange-2026-08-0045.flac,flagged,48000,HF_SEAM_0.91;AI_SR_48000;LOW_ROLLOFF_7.7KHZ;STEREO_AAC_DOUBT_0.00
fd-exchange-2026-08-0046.flac,flagged,44100,STEREO_AAC_DOUBT_0.00;DEAD_STRUCTURE_MAXRUN_258;DEADRUN_UNCORROBORATED_6.10
fd-exchange-2026-08-0047.flac,flagged,44100,HF_DECOUPLED_-0.19;STEREO_AAC_DOUBT_0.00;AAC_LATTICE_58pct
fd-exchange-2026-08-0048.flac,flagged,44100,BRICKWALL_20K;STEREO_AAC_DOUBT_0.00;DEADRUN_UNCORROBORATED_97;AAC_LATTICE_29pct
fd-exchange-2026-08-0049.flac,clear,44100,
fd-exchange-2026-08-0050.flac,flagged,44100,HF_DECOUPLED_-0.55;LOW_ROLLOFF_3.7KHZ;STEREO_AAC_DOUBT_0.00;AAC_LATTICE_49pct
fd-exchange-2026-08-0051.flac,convicted,44100,HF_SEAM_0.77;LOW_ROLLOFF_6.9KHZ;CNN_DOUBT;STEREO_AAC_DOUBT_0.00;DEAD_STRUCTURE_MAXRUN_277;DEADRUN_UNCORROBORATED_7.43;MP3_CONJ_BASE_20500;MP3_CONJ_WALLLEG_W37.1_K8.18;OPUS_EDGE_FIRE_20004_W564_F0.7
fd-exchange-2026-08-0052.flac,clear,96000,AI_SR_96000
fd-exchange-2026-08-0053.flac,flagged,44100,BRICKWALL_20K;HF_SEAM_0.72;CNN_DOUBT;STEREO_AAC_DOUBT_0.00;BAND_LIMIT_LOW_19000HZ_27DB;MP3_IDEM_R1.13_19000;MP3_IDEM_FIRE_19000
fd-exchange-2026-08-0054.flac,flagged,44100,HF_DECOUPLED_0.14;HF_SEAM_0.68;LOW_ROLLOFF_3.1KHZ;STEREO_AAC_DOUBT_0.00;AAC_LATTICE_24pct
fd-exchange-2026-08-0055.flac,flagged,44100,BRICKWALL_20K;HF_SEAM_0.88;LOW_ROLLOFF_5.1KHZ;CNN_DOUBT;STEREO_AAC_DOUBT_0.00;DEAD_STRUCTURE_MAXRUN_124;BAND_LIMIT_LOW_19000HZ_43DB;MS_CONDITIONAL_52;MP3_CONJ_BASE_19000;MP3_CONJ_LOWOCC_0.041
fd-exchange-2026-08-0056.flac,flagged,44100,HF_DECOUPLED_0.08;LOW_ROLLOFF_7.5KHZ;CNN_DOUBT;STRUCTURAL_NA_MONO
fd-exchange-2026-08-0057.flac,flagged,44100,STEREO_AAC_DOUBT_0.00;DEAD_STRUCTURE_MAXRUN_272;DEAD_STRUCTURE_MEANRUN_7.18;MS_CONDITIONAL_50
fd-exchange-2026-08-0058.flac,convicted,44100,BRICKWALL_20K;HF_SEAM_0.98;LOW_ROLLOFF_8.0KHZ;CNN_DOUBT;STEREO_AAC_DOUBT_0.00;DEAD_STRUCTURE_MAXRUN_222;DEAD_STRUCTURE_MEANRUN_8.10;BAND_LIMIT_LOW_17500HZ_48DB;AAC_LATTICE_45pct;MP3_IDEM_R3.44_17500
fd-exchange-2026-08-0059.flac,flagged,48000,HF_SEAM_0.72;AI_SR_48000;LOW_ROLLOFF_4.7KHZ;STEREO_AAC_DOUBT_0.00;DEADRUN_UNCORROBORATED_94;DEADRUN_UNCORROBORATED_7.41;MP3_IDEM_R2.58_20500
fd-exchange-2026-08-0060.flac,flagged,48000,HF_SEAM_0.67;AI_SR_48000;LOW_ROLLOFF_7.7KHZ;CNN_DOUBT;STEREO_AAC_DOUBT_0.00;DEAD_STRUCTURE_MAXRUN_277;DEAD_STRUCTURE_MEANRUN_9.07
fd-exchange-2026-08-0061.flac,flagged,44100,HF_SEAM_0.74;CNN_DOUBT;STEREO_AAC_DOUBT_0.00;DEAD_STRUCTURE_MAXRUN_273;DEAD_STRUCTURE_MEANRUN_8.04
fd-exchange-2026-08-0062.flac,flagged,44100,LOW_ROLLOFF_3.7KHZ;STEREO_AAC_DOUBT_0.00;AAC_LATTICE_59pct
fd-exchange-2026-08-0063.flac,convicted,44100,HF_DECOUPLED_0.12;LOW_ROLLOFF_7.9KHZ;STEREO_AAC_DOUBT_0.00;DEAD_STRUCTURE_MAXRUN_279;DEAD_STRUCTURE_MEANRUN_6.78;MS_CONDITIONAL_49;AAC_LATTICE_59pct
fd-exchange-2026-08-0064.flac,flagged,44100,BRICKWALL_20K;HF_SEAM_0.97;LOW_ROLLOFF_3.1KHZ;STEREO_AAC_DOUBT_0.00;DEADRUN_UNCORROBORATED_84;BAND_LIMIT_LOW_17500HZ_37DB;AAC_LATTICE_65pct;MP3_IDEM_R1.03_17500;MP3_IDEM_FIRE_17500
fd-exchange-2026-08-0065.flac,flagged,44100,LOW_ROLLOFF_6.4KHZ;STEREO_AAC_DOUBT_0.00;DEAD_STRUCTURE_MAXRUN_168;AAC_LATTICE_31pct
fd-exchange-2026-08-0066.flac,flagged,44100,LOW_ROLLOFF_5.1KHZ;STEREO_AAC_DOUBT_0.00;DEAD_STRUCTURE_MAXRUN_156
fd-exchange-2026-08-0067.flac,flagged,44100,FAKE_STEREO;STEREO_AAC_DOUBT_0.00;MS_CONDITIONAL_57;AAC_LATTICE_69pct
fd-exchange-2026-08-0068.flac,flagged,48000,BRICKWALL_20K;HF_DECOUPLED_0.15;HF_SEAM_0.93;AI_SR_48000;LOW_ROLLOFF_7.7KHZ;CNN_DOUBT;STEREO_AAC_DOUBT_0.00;DEAD_STRUCTURE_MAXRUN_280;DEAD_STRUCTURE_MEANRUN_8.89;BAND_LIMIT_LOW_19000HZ_36DB;MS_CONDITIONAL_51;MP3_IDEM_R3.22_19000
fd-exchange-2026-08-0069.flac,flagged,48000,BRICKWALL_20K;HF_SEAM_0.88;AI_SR_48000;LOW_ROLLOFF_5.7KHZ;CNN_DOUBT;STEREO_AAC_DOUBT_0.00;DEAD_STRUCTURE_MAXRUN_305;DEAD_STRUCTURE_MEANRUN_9.37;BAND_LIMIT_LOW_19000HZ_33DB;MP3_IDEM_R1.58_19000;MP3_IDEM_FIRE_19000
fd-exchange-2026-08-0070.flac,clear,44100,
fd-exchange-2026-08-0071.flac,convicted,44100,BRICKWALL_20K;HF_SEAM_0.98;CNN_DOUBT;STEREO_AAC_DOUBT_0.00;DEAD_STRUCTURE_MAXRUN_224;DEAD_STRUCTURE_MEANRUN_8.61;BAND_LIMIT_LOW_17500HZ_58DB;AAC_LATTICE_45pct;MP3_IDEM_R3.36_17500
fd-exchange-2026-08-0072.flac,flagged,44100,BRICKWALL_20K;HF_DECOUPLED_-0.17;LOW_ROLLOFF_3.6KHZ;STEREO_AAC_DOUBT_0.00;BAND_LIMIT_LOW_NOWALL_19000HZ;AAC_LATTICE_27pct
fd-exchange-2026-08-0073.flac,clear,44100,
fd-exchange-2026-08-0074.flac,flagged,44100,HF_DECOUPLED_0.10;LOW_ROLLOFF_7.5KHZ;AAC_LATTICE_71pct;STRUCTURAL_NA_MONO
fd-exchange-2026-08-0075.flac,flagged,44100,BRICKWALL_20K;HF_SEAM_0.96;CNN_DOUBT;STEREO_AAC_DOUBT_0.00;DEAD_STRUCTURE_MAXRUN_251;DEADRUN_UNCORROBORATED_7.52;BAND_LIMIT_LOW_17500HZ_52DB;AAC_LATTICE_61pct;MP3_IDEM_R3.31_17500
fd-exchange-2026-08-0076.flac,flagged,44100,LOW_ROLLOFF_5.9KHZ;CNN_DOUBT;STEREO_AAC_DOUBT_0.00;AAC_LATTICE_22pct
fd-exchange-2026-08-0077.flac,flagged,48000,FAKE_STEREO;AI_SR_48000;STEREO_AAC_DOUBT_0.00;DEAD_STRUCTURE_MAXRUN_183;MS_CONDITIONAL_55
fd-exchange-2026-08-0078.flac,flagged,44100,HF_DECOUPLED_0.11;LOW_ROLLOFF_3.1KHZ;STEREO_AAC_DOUBT_0.07;AAC_LATTICE_49pct
fd-exchange-2026-08-0079.flac,flagged,44100,BRICKWALL_20K;HF_SEAM_0.69;CNN_DOUBT;STEREO_AAC_DOUBT_0.00;DEAD_STRUCTURE_MAXRUN_195;DEADRUN_UNCORROBORATED_5.53;BAND_LIMIT_LOW_18000HZ_24DB;AAC_LATTICE_61pct
fd-exchange-2026-08-0080.flac,flagged,48000,HF_SEAM_0.98;AI_SR_48000;STEREO_AAC_DOUBT_0.04
fd-exchange-2026-08-0081.flac,flagged,44100,CNN_DOUBT;STEREO_AAC_DOUBT_0.00;DEAD_STRUCTURE_MAXRUN_244;DEAD_STRUCTURE_MEANRUN_7.15;MS_CONDITIONAL_64;AAC_LATTICE_27pct
fd-exchange-2026-08-0082.flac,convicted,48000,HF_SEAM_0.69;AI_SR_48000;LOW_ROLLOFF_7.5KHZ;STEREO_AAC_DOUBT_0.00;DEADRUN_UNCORROBORATED_92;MP3_CONJ_BASE_20500;MP3_CONJ_WALLLEG_W38.7_K5.46;MP3_IDEM_R2.14_20500
fd-exchange-2026-08-0083.flac,flagged,44100,CNN_DOUBT;STRUCTURAL_NA_MONO
fd-exchange-2026-08-0084.flac,flagged,44100,STEREO_AAC_DOUBT_0.00;DEAD_STRUCTURE_MAXRUN_172;MS_CONDITIONAL_59;AAC_LATTICE_71pct
fd-exchange-2026-08-0085.flac,flagged,44100,CNN_DOUBT;STEREO_AAC_DOUBT_0.00;AAC_LATTICE_59pct
fd-exchange-2026-08-0086.flac,flagged,44100,BRICKWALL_20K;HF_DECOUPLED_-0.32;HF_SEAM_0.85;CNN_DOUBT;STEREO_AAC_DOUBT_0.00;BAND_LIMIT_LOW_19000HZ_34DB
fd-exchange-2026-08-0087.flac,flagged,48000,BRICKWALL_20K;HF_SEAM_0.62;AI_SR_48000;LOW_ROLLOFF_4.8KHZ;STEREO_AAC_DOUBT_0.00;DEAD_STRUCTURE_MAXRUN_215;DEADRUN_UNCORROBORATED_6.12;BAND_LIMIT_LOW_NOWALL_17500HZ
fd-exchange-2026-08-0088.flac,flagged,44100,FAKE_STEREO;HF_SEAM_0.70;CNN_DOUBT;STEREO_AAC_DOUBT_0.00;MS_CONDITIONAL_49;AAC_LATTICE_65pct
fd-exchange-2026-08-0089.flac,flagged,44100,LOW_ROLLOFF_7.0KHZ;STEREO_AAC_DOUBT_0.00;DEAD_STRUCTURE_MAXRUN_277;DEADRUN_UNCORROBORATED_7.42
fd-exchange-2026-08-0090.flac,flagged,48000,HF_SEAM_0.71;AI_SR_48000;LOW_ROLLOFF_6.0KHZ;CNN_DOUBT;STEREO_AAC_DOUBT_0.00;MP3_IDEM_R2.40_20500
fd-exchange-2026-08-0091.flac,clear,48000,AI_SR_48000;LOW_ROLLOFF_4.7KHZ
fd-exchange-2026-08-0092.flac,convicted,48000,HF_SEAM_0.76;AI_SR_48000;CNN_DOUBT;STEREO_AAC_DOUBT_0.00;DEAD_STRUCTURE_MAXRUN_121;DEAD_STRUCTURE_MEANRUN_9.23;MP3_CONJ_BASE_20500;MP3_CONJ_WALLLEG_W41.9_K5.35;MP3_IDEM_R2.10_20500
fd-exchange-2026-08-0093.flac,convicted,48000,HF_SEAM_0.72;AI_SR_48000;CNN_DOUBT;STEREO_AAC_DOUBT_0.00;DEADRUN_UNCORROBORATED_86;DEADRUN_UNCORROBORATED_5.88;MP3_CONJ_BASE_20500;MP3_CONJ_WALLLEG_W46.2_K5.43;MP3_IDEM_R3.09_20500
fd-exchange-2026-08-0094.flac,flagged,96000,AI_SR_96000;STEREO_AAC_DOUBT_0.00;DEAD_STRUCTURE_MAXRUN_183;DEADRUN_UNCORROBORATED_6.17
fd-exchange-2026-08-0095.flac,flagged,96000,BRICKWALL_20K;HF_SEAM_0.80;AI_SR_96000;CNN_DOUBT;STEREO_AAC_DOUBT_0.00;DEAD_STRUCTURE_MAXRUN_213;DEAD_STRUCTURE_MEANRUN_14.16;BAND_LIMIT_LOW_18500HZ_34DB
fd-exchange-2026-08-0096.flac,flagged,44100,BRICKWALL_20K;HF_SEAM_0.74;LOW_ROLLOFF_6.0KHZ;STEREO_AAC_DOUBT_0.00;DEAD_STRUCTURE_MAXRUN_259;DEADRUN_UNCORROBORATED_7.17;OPUS_EDGE_FIRE_20007_W495_F2.3
fd-exchange-2026-08-0097.flac,flagged,44100,STEREO_AAC_DOUBT_0.00;AAC_LATTICE_67pct
fd-exchange-2026-08-0098.flac,flagged,44100,LOW_ROLLOFF_6.2KHZ;STEREO_AAC_DOUBT_0.00;AAC_LATTICE_61pct
fd-exchange-2026-08-0099.flac,convicted,48000,BRICKWALL_20K;FAKE_STEREO;HF_SEAM_0.82;AI_SR_48000;CNN_DOUBT;STEREO_AAC_DOUBT_0.00;DEAD_STRUCTURE_MAXRUN_262;BAND_LIMIT_LOW_19000HZ_40DB;MS_CONDITIONAL_54;MP3_CONJ_BASE_19000;MP3_CONJ_WALLLEG_W39.7_K5.45;MP3_IDEM_R1.48_19000;MP3_IDEM_FIRE_19000
fd-exchange-2026-08-0100.flac,flagged,44100,HF_DECOUPLED_-0.12;HF_SEAM_0.74;LOW_ROLLOFF_1.9KHZ;STEREO_AAC_DOUBT_0.01
fd-exchange-2026-08-0101.flac,convicted,44100,HF_SEAM_0.82;CNN_DOUBT;MP3_CONJ_BASE_20500;MP3_CONJ_WALLLEG_W38.6_K9.76;OPUS_EDGE_FIRE_20026_W432_F3.0;STRUCTURAL_NA_MONO
fd-exchange-2026-08-0102.flac,convicted,48000,BRICKWALL_20K;HF_SEAM_0.84;AI_SR_48000;CNN_DOUBT;STEREO_AAC_DOUBT_0.00;DEAD_STRUCTURE_MAXRUN_285;DEAD_STRUCTURE_MEANRUN_6.86;BAND_LIMIT_LOW_19000HZ_39DB;MS_CONDITIONAL_51;MP3_CONJ_BASE_19000;MP3_CONJ_WALLLEG_W39.1_K5.49;MP3_IDEM_R1.88_19000;MP3_IDEM_FIRE_19000
fd-exchange-2026-08-0103.flac,flagged,44100,BRICKWALL_20K;LOW_ROLLOFF_7.5KHZ;STEREO_AAC_DOUBT_0.00;DEADRUN_UNCORROBORATED_95;BAND_LIMIT_LOW_NOWALL_16000HZ
fd-exchange-2026-08-0104.flac,flagged,48000,HF_SEAM_0.68;AI_SR_48000;LOW_ROLLOFF_7.1KHZ;CNN_DOUBT;DEAD_STRUCTURE_MAXRUN_145
fd-exchange-2026-08-0105.flac,clear,44100,LOW_ROLLOFF_7.0KHZ
fd-exchange-2026-08-0106.flac,flagged,44100,FAKE_STEREO;HF_SEAM_0.78;CNN_DOUBT;STEREO_AAC_DOUBT_0.00;MS_CONDITIONAL_49;OPUS_EDGE_FIRE_20096_W409_F0.2
fd-exchange-2026-08-0107.flac,flagged,44100,LOW_ROLLOFF_5.9KHZ;CNN_DOUBT;STEREO_AAC_DOUBT_0.00;MS_CONDITIONAL_51
fd-exchange-2026-08-0108.flac,flagged,44100,BRICKWALL_20K;HF_SEAM_0.85;CNN_DOUBT;STEREO_AAC_DOUBT_0.00;BAND_LIMIT_LOW_NOWALL_19000HZ;AAC_LATTICE_33pct
fd-exchange-2026-08-0109.flac,convicted,48000,HF_SEAM_0.82;AI_SR_48000;LOW_ROLLOFF_7.7KHZ;CNN_DOUBT;STEREO_AAC_DOUBT_0.00;DEAD_STRUCTURE_MAXRUN_279;DEAD_STRUCTURE_MEANRUN_8.91;MP3_CONJ_BASE_20500;MP3_CONJ_WALLLEG_W41.5_K5.31;MP3_IDEM_R1.97_20500;MP3_IDEM_FIRE_20500
fd-exchange-2026-08-0110.flac,convicted,44100,BRICKWALL_20K;HF_SEAM_0.86;LOW_ROLLOFF_4.3KHZ;CNN_DOUBT;STEREO_AAC_DOUBT_0.00;DEAD_STRUCTURE_MAXRUN_279;DEAD_STRUCTURE_MEANRUN_7.69;BAND_LIMIT_LOW_19000HZ_45DB;MS_CONDITIONAL_49;MP3_CONJ_BASE_19000;MP3_CONJ_WALLLEG_W44.6_K5.56
fd-exchange-2026-08-0111.flac,clear,44100,LOW_ROLLOFF_6.3KHZ
fd-exchange-2026-08-0112.flac,flagged,44100,HF_SEAM_0.62;STEREO_AAC_DOUBT_0.07;AAC_LATTICE_59pct
fd-exchange-2026-08-0113.flac,flagged,44100,LOW_ROLLOFF_3.7KHZ;STEREO_AAC_DOUBT_0.00;AAC_LATTICE_51pct
fd-exchange-2026-08-0114.flac,convicted,48000,BRICKWALL_20K;HF_SEAM_0.79;AI_SR_48000;LOW_ROLLOFF_7.5KHZ;CNN_DOUBT;STEREO_AAC_DOUBT_0.00;DEAD_STRUCTURE_MAXRUN_166;DEADRUN_UNCORROBORATED_5.40;BAND_LIMIT_LOW_19500HZ_60DB;MP3_CONJ_BASE_19500;MP3_CONJ_WALLLEG_W59.7_K5.32;MP3_IDEM_R3.78_19500
fd-exchange-2026-08-0115.flac,convicted,48000,HF_SEAM_0.82;AI_SR_48000;CNN_DOUBT;STEREO_AAC_DOUBT_0.00;DEAD_STRUCTURE_MAXRUN_172;DEAD_STRUCTURE_MEANRUN_8.75;MP3_CONJ_BASE_20500;MP3_CONJ_WALLLEG_W38.2_K5.43;MP3_IDEM_R2.25_20500
fd-exchange-2026-08-0116.flac,flagged,48000,HF_SEAM_0.87;AI_SR_48000;LOW_ROLLOFF_4.8KHZ;STEREO_AAC_DOUBT_0.00
fd-exchange-2026-08-0117.flac,flagged,44100,STEREO_AAC_DOUBT_0.00;DEAD_STRUCTURE_MAXRUN_201;DEADRUN_UNCORROBORATED_6.19;AAC_LATTICE_20pct
fd-exchange-2026-08-0118.flac,convicted,48000,HF_SEAM_0.78;AI_SR_48000;CNN_DOUBT;STEREO_AAC_DOUBT_0.00;DEADRUN_UNCORROBORATED_92;DEAD_STRUCTURE_MEANRUN_10.70;MP3_CONJ_BASE_20500;MP3_CONJ_WALLLEG_W43.7_K5.30;MP3_IDEM_R3.75_20500
fd-exchange-2026-08-0119.flac,convicted,44100,BRICKWALL_20K;HF_SEAM_0.82;CNN_DOUBT;STEREO_AAC_DOUBT_0.00;DEAD_STRUCTURE_MAXRUN_297;DEAD_STRUCTURE_MEANRUN_6.95;BAND_LIMIT_LOW_19000HZ_56DB;MS_CONDITIONAL_72;MP3_CONJ_BASE_19000;MP3_CONJ_WALLLEG_W56.4_K5.37
fd-exchange-2026-08-0120.flac,clear,44100,
fd-exchange-2026-08-0121.flac,flagged,44100,HF_SEAM_0.73;LOW_ROLLOFF_7.3KHZ;STEREO_AAC_DOUBT_0.00;AAC_LATTICE_69pct
fd-exchange-2026-08-0122.flac,flagged,44100,STEREO_AAC_DOUBT_0.00;AAC_LATTICE_72pct
fd-exchange-2026-08-0123.flac,convicted,44100,BRICKWALL_20K;HF_SEAM_0.81;CNN_DOUBT;STEREO_AAC_DOUBT_0.00;DEAD_STRUCTURE_MAXRUN_292;DEAD_STRUCTURE_MEANRUN_8.09;BAND_LIMIT_LOW_NOWALL_19500HZ;AAC_LATTICE_59pct
fd-exchange-2026-08-0124.flac,flagged,44100,BRICKWALL_20K;HF_SEAM_0.69;CNN_DOUBT;STEREO_AAC_DOUBT_0.00;DEAD_STRUCTURE_MAXRUN_291;DEADRUN_UNCORROBORATED_7.80;BAND_LIMIT_LOW_NOWALL_19500HZ
fd-exchange-2026-08-0125.flac,convicted,48000,HF_SEAM_0.70;AI_SR_48000;LOW_ROLLOFF_7.1KHZ;STEREO_AAC_DOUBT_0.00;DEADRUN_UNCORROBORATED_94;DEAD_STRUCTURE_MEANRUN_8.19;MP3_CONJ_BASE_20500;MP3_CONJ_WALLLEG_W41.3_K5.38;MP3_IDEM_R1.64_20500;MP3_IDEM_FIRE_20500
fd-exchange-2026-08-0126.flac,flagged,44100,AAC_LATTICE_73pct
fd-exchange-2026-08-0127.flac,flagged,44100,CNN_DOUBT;STEREO_AAC_DOUBT_0.00;AAC_LATTICE_57pct
fd-exchange-2026-08-0128.flac,flagged,44100,STEREO_AAC_DOUBT_0.00;AAC_LATTICE_62pct
fd-exchange-2026-08-0129.flac,flagged,96000,AI_SR_96000;STEREO_AAC_DOUBT_0.00;DEAD_STRUCTURE_MAXRUN_140;MS_CONDITIONAL_48
fd-exchange-2026-08-0130.flac,flagged,44100,BRICKWALL_20K;HF_SEAM_0.79;LOW_ROLLOFF_6.0KHZ;CNN_DOUBT;STEREO_AAC_DOUBT_0.00;BAND_LIMIT_LOW_19000HZ_33DB;MS_CONDITIONAL_52;MP3_IDEM_R0.57_19000;MP3_IDEM_FIRE_19000
fd-exchange-2026-08-0131.flac,flagged,44100,LOW_ROLLOFF_2.7KHZ;STEREO_AAC_DOUBT_0.00;DEAD_STRUCTURE_MAXRUN_278;DEADRUN_UNCORROBORATED_5.28;AAC_LATTICE_41pct
fd-exchange-2026-08-0132.flac,flagged,48000,BRICKWALL_20K;HF_SEAM_0.74;AI_SR_48000;CNN_DOUBT;STEREO_AAC_DOUBT_0.00;BAND_LIMIT_LOW_19000HZ_34DB;MP3_IDEM_R2.70_19000
fd-exchange-2026-08-0133.flac,flagged,44100,HF_SEAM_0.67;CNN_DOUBT;OPUS_EDGE_FIRE_20093_W412_F5.5;STRUCTURAL_NA_MONO
fd-exchange-2026-08-0134.flac,flagged,44100,AAC_LATTICE_61pct
fd-exchange-2026-08-0135.flac,flagged,44100,BRICKWALL_20K;HF_DECOUPLED_0.13;HF_SEAM_0.80;LOW_ROLLOFF_3.1KHZ;STEREO_AAC_DOUBT_0.00;BAND_LIMIT_LOW_19000HZ_38DB;MS_CONDITIONAL_49
fd-exchange-2026-08-0136.flac,flagged,44100,HF_SEAM_0.78;CNN_DOUBT;LOSSY_SRC_NEEDLES_VOID;STEREO_AAC_DOUBT_0.00;OPUS_EDGE_FIRE_20080_W422_F0.8
fd-exchange-2026-08-0137.flac,flagged,44100,LOW_ROLLOFF_4.5KHZ;STEREO_AAC_DOUBT_0.00;AAC_LATTICE_65pct
fd-exchange-2026-08-0138.flac,convicted,48000,HF_SEAM_0.78;AI_SR_48000;LOW_ROLLOFF_7.9KHZ;CNN_DOUBT;STEREO_AAC_DOUBT_0.00;DEAD_STRUCTURE_MAXRUN_274;DEAD_STRUCTURE_MEANRUN_8.89;MP3_CONJ_BASE_20500;MP3_CONJ_WALLLEG_W36.9_K5.45;MP3_IDEM_R2.25_20500
fd-exchange-2026-08-0139.flac,flagged,44100,STEREO_AAC_DOUBT_0.00;MS_CONDITIONAL_48;AAC_LATTICE_67pct
fd-exchange-2026-08-0140.flac,flagged,96000,AI_SR_96000;STEREO_AAC_DOUBT_0.07
fd-exchange-2026-08-0141.flac,convicted,48000,HF_SEAM_0.74;AI_SR_48000;LOW_ROLLOFF_4.4KHZ;STEREO_AAC_DOUBT_0.00;DEADRUN_UNCORROBORATED_96;DEADRUN_UNCORROBORATED_7.16;MP3_CONJ_BASE_20500;MP3_CONJ_WALLLEG_W41.6_K5.33;MP3_IDEM_R2.70_20500
fd-exchange-2026-08-0142.flac,flagged,44100,HF_DECOUPLED_-0.53;LOW_ROLLOFF_3.8KHZ;STEREO_AAC_DOUBT_0.02
fd-exchange-2026-08-0143.flac,convicted,44100,HF_SEAM_0.85;LOW_ROLLOFF_7.3KHZ;STEREO_AAC_DOUBT_0.00;DEAD_STRUCTURE_MAXRUN_278;DEADRUN_UNCORROBORATED_7.05;MP3_CONJ_BASE_20500;MP3_CONJ_WALLLEG_W49.0_K9.76;OPUS_EDGE_FIRE_20101_W379_F1.5
fd-exchange-2026-08-0144.flac,flagged,44100,HF_DECOUPLED_-0.12;HF_SEAM_0.71;LOW_ROLLOFF_1.9KHZ;STEREO_AAC_DOUBT_0.00
fd-exchange-2026-08-0145.flac,convicted,44100,BRICKWALL_20K;HF_SEAM_0.99;LOW_ROLLOFF_7.3KHZ;CNN_DOUBT;STEREO_AAC_DOUBT_0.00;DEAD_STRUCTURE_MAXRUN_221;DEAD_STRUCTURE_MEANRUN_8.16;BAND_LIMIT_LOW_17500HZ_56DB;AAC_LATTICE_52pct;MP3_IDEM_R2.62_17500
fd-exchange-2026-08-0146.flac,flagged,44100,LOW_ROLLOFF_4.4KHZ;STEREO_AAC_DOUBT_0.00;DEAD_STRUCTURE_MAXRUN_212;DEADRUN_UNCORROBORATED_5.26
fd-exchange-2026-08-0147.flac,flagged,48000,AI_SR_48000;LOW_ROLLOFF_5.3KHZ;CNN_DOUBT;STEREO_AAC_DOUBT_0.00;DEAD_STRUCTURE_MAXRUN_271;DEAD_STRUCTURE_MEANRUN_9.29
fd-exchange-2026-08-0148.flac,flagged,44100,STEREO_AAC_DOUBT_0.00;DEAD_STRUCTURE_MAXRUN_189;DEADRUN_UNCORROBORATED_7.47
fd-exchange-2026-08-0149.flac,flagged,44100,BRICKWALL_20K;HF_SEAM_0.97;LOW_ROLLOFF_6.1KHZ;CNN_DOUBT;STEREO_AAC_DOUBT_0.00;DEAD_STRUCTURE_MAXRUN_222;DEADRUN_UNCORROBORATED_6.24;BAND_LIMIT_LOW_17500HZ_38DB;AAC_LATTICE_49pct;MP3_IDEM_R2.92_17500
fd-exchange-2026-08-0150.flac,flagged,44100,HF_DECOUPLED_0.10;LOW_ROLLOFF_7.5KHZ;AAC_LATTICE_51pct;STRUCTURAL_NA_MONO
fd-exchange-2026-08-0151.flac,flagged,44100,BRICKWALL_20K;HF_SEAM_0.73;LOW_ROLLOFF_6.0KHZ;CNN_DOUBT;STEREO_AAC_DOUBT_0.00;DEAD_STRUCTURE_MAXRUN_300;DEADRUN_UNCORROBORATED_7.04;BAND_LIMIT_LOW_NOWALL_18500HZ
fd-exchange-2026-08-0152.flac,flagged,44100,HF_SEAM_0.70;LOW_ROLLOFF_3.1KHZ;STEREO_AAC_DOUBT_0.02
fd-exchange-2026-08-0153.flac,flagged,44100,BRICKWALL_20K;STEREO_AAC_DOUBT_0.05;BAND_LIMIT_LOW_NOWALL_19500HZ;AAC_LATTICE_60pct
fd-exchange-2026-08-0154.flac,convicted,48000,HF_SEAM_0.82;AI_SR_48000;LOW_ROLLOFF_7.7KHZ;CNN_DOUBT;STEREO_AAC_DOUBT_0.00;DEAD_STRUCTURE_MAXRUN_137;DEADRUN_UNCORROBORATED_5.90;MP3_CONJ_BASE_20500;MP3_CONJ_WALLLEG_W37.0_K5.40;MP3_IDEM_R3.26_20500
fd-exchange-2026-08-0155.flac,flagged,44100,BRICKWALL_20K;HF_SEAM_0.82;LOW_ROLLOFF_5.9KHZ;CNN_DOUBT;STEREO_AAC_DOUBT_0.00;DEAD_STRUCTURE_MAXRUN_279;DEAD_STRUCTURE_MEANRUN_8.44;BAND_LIMIT_LOW_17500HZ_35DB
fd-exchange-2026-08-0156.flac,flagged,44100,HF_DECOUPLED_0.06;LOW_ROLLOFF_3.1KHZ;STEREO_AAC_DOUBT_0.00
fd-exchange-2026-08-0157.flac,flagged,44100,BRICKWALL_20K;HF_DECOUPLED_-0.02;LOW_ROLLOFF_7.0KHZ;CNN_DOUBT;STEREO_AAC_DOUBT_0.00;DEAD_STRUCTURE_MAXRUN_194;DEADRUN_UNCORROBORATED_5.42;BAND_LIMIT_LOW_NOWALL_17500HZ;AAC_LATTICE_54pct
fd-exchange-2026-08-0158.flac,flagged,44100,STEREO_AAC_DOUBT_0.00;AAC_LATTICE_63pct
fd-exchange-2026-08-0159.flac,flagged,48000,BRICKWALL_20K;HF_DECOUPLED_0.12;HF_SEAM_0.66;AI_SR_48000;LOW_ROLLOFF_5.4KHZ;STEREO_AAC_DOUBT_0.00;DEAD_STRUCTURE_MAXRUN_304;DEAD_STRUCTURE_MEANRUN_9.25;BAND_LIMIT_LOW_16500HZ_22DB
fd-exchange-2026-08-0160.flac,convicted,48000,BRICKWALL_20K;HF_DECOUPLED_0.14;HF_SEAM_0.82;AI_SR_48000;CNN_DOUBT;STEREO_AAC_DOUBT_0.00;DEAD_STRUCTURE_MAXRUN_249;DEAD_STRUCTURE_MEANRUN_8.67;BAND_LIMIT_LOW_19000HZ_44DB;MP3_CONJ_BASE_19000;MP3_CONJ_WALLLEG_W44.4_K5.35;MP3_IDEM_R3.93_19000
fd-exchange-2026-08-0161.flac,flagged,48000,AI_SR_48000;LOW_ROLLOFF_7.9KHZ;STEREO_AAC_DOUBT_0.00;DEAD_STRUCTURE_MAXRUN_279;DEAD_STRUCTURE_MEANRUN_8.72
fd-exchange-2026-08-0162.flac,flagged,44100,LOW_ROLLOFF_3.6KHZ;STEREO_AAC_DOUBT_0.00;DEAD_STRUCTURE_MAXRUN_311;DEAD_STRUCTURE_MEANRUN_26.88
fd-exchange-2026-08-0163.flac,flagged,48000,BRICKWALL_20K;FAKE_STEREO;HF_SEAM_0.87;AI_SR_48000;CNN_DOUBT;STEREO_AAC_DOUBT_0.00;DEAD_STRUCTURE_MAXRUN_178;BAND_LIMIT_LOW_18500HZ_35DB;MS_CONDITIONAL_63
fd-exchange-2026-08-0164.flac,convicted,44100,HF_DECOUPLED_0.08;CNN_DOUBT;LOSSY_SRC_NEEDLES_VOID;STEREO_AAC_DOUBT_0.00;AAC_LATTICE_57pct
fd-exchange-2026-08-0165.flac,flagged,44100,LOW_ROLLOFF_7.9KHZ;CNN_DOUBT;STEREO_AAC_DOUBT_0.00;DEAD_STRUCTURE_MAXRUN_162;DEADRUN_UNCORROBORATED_7.81;AAC_LATTICE_20pct
fd-exchange-2026-08-0166.flac,flagged,48000,FAKE_STEREO;AI_SR_48000;DEAD_STRUCTURE_MAXRUN_170;MS_CONDITIONAL_59
fd-exchange-2026-08-0167.flac,flagged,48000,BRICKWALL_20K;HF_SEAM_0.95;AI_SR_48000;CNN_DOUBT;STEREO_AAC_DOUBT_0.00;DEAD_STRUCTURE_MAXRUN_218;DEAD_STRUCTURE_MEANRUN_9.55;BAND_LIMIT_LOW_17500HZ_59DB;MP3_IDEM_R4.45_17500
fd-exchange-2026-08-0168.flac,flagged,44100,LOW_ROLLOFF_5.1KHZ;STEREO_AAC_DOUBT_0.00;DEADRUN_UNCORROBORATED_99;AAC_LATTICE_31pct
fd-exchange-2026-08-0169.flac,flagged,44100,HF_DECOUPLED_-0.09;LOW_ROLLOFF_3.6KHZ;STEREO_AAC_DOUBT_0.00
fd-exchange-2026-08-0170.flac,flagged,44100,BRICKWALL_20K;HF_DECOUPLED_0.12;LOW_ROLLOFF_7.0KHZ;CNN_DOUBT;STEREO_AAC_DOUBT_0.00;DEAD_STRUCTURE_MAXRUN_186;DEADRUN_UNCORROBORATED_5.33;BAND_LIMIT_LOW_NOWALL_18500HZ
fd-exchange-2026-08-0171.flac,flagged,44100,HF_SEAM_0.73;LOW_ROLLOFF_5.7KHZ;CNN_DOUBT;STEREO_AAC_DOUBT_0.00;DEAD_STRUCTURE_MAXRUN_240;DEADRUN_UNCORROBORATED_6.15;AAC_LATTICE_55pct
fd-exchange-2026-08-0172.flac,flagged,48000,HF_SEAM_0.82;AI_SR_48000;CNN_DOUBT;STEREO_AAC_DOUBT_0.00;DEAD_STRUCTURE_MAXRUN_170;DEADRUN_UNCORROBORATED_5.28;MP3_IDEM_R2.91_20500
fd-exchange-2026-08-0173.flac,convicted,48000,FAKE_STEREO;HF_SEAM_0.68;AI_SR_48000;CNN_DOUBT;STEREO_AAC_DOUBT_0.00;DEADRUN_UNCORROBORATED_83;MP3_CONJ_BASE_20500;MP3_CONJ_WALLLEG_W43.8_K5.45;MP3_IDEM_R2.81_20500
fd-exchange-2026-08-0174.flac,flagged,44100,BRICKWALL_20K;HF_DECOUPLED_0.15;HF_SEAM_0.62;CNN_DOUBT;STEREO_AAC_DOUBT_0.00;BAND_LIMIT_LOW_NOWALL_17000HZ
fd-exchange-2026-08-0175.flac,flagged,96000,AI_SR_96000;STEREO_AAC_DOUBT_0.00;DEAD_STRUCTURE_MAXRUN_162;DEAD_STRUCTURE_MEANRUN_13.60
fd-exchange-2026-08-0176.flac,flagged,44100,HF_SEAM_0.77;LOW_ROLLOFF_7.4KHZ;STEREO_AAC_DOUBT_0.00;AAC_LATTICE_69pct
fd-exchange-2026-08-0177.flac,flagged,44100,LOW_ROLLOFF_5.9KHZ;CNN_DOUBT;STEREO_AAC_DOUBT_0.00;DEAD_STRUCTURE_MAXRUN_278;DEADRUN_UNCORROBORATED_7.52
fd-exchange-2026-08-0178.flac,flagged,48000,BRICKWALL_20K;HF_SEAM_0.75;AI_SR_48000;LOW_ROLLOFF_7.1KHZ;CNN_DOUBT;STEREO_AAC_DOUBT_0.00;DEAD_STRUCTURE_MAXRUN_267;DEADRUN_UNCORROBORATED_6.38
fd-exchange-2026-08-0179.flac,flagged,48000,BRICKWALL_20K;HF_SEAM_0.74;AI_SR_48000;LOW_ROLLOFF_7.1KHZ;CNN_DOUBT;STEREO_AAC_DOUBT_0.00;DEADRUN_UNCORROBORATED_97;DEAD_STRUCTURE_MEANRUN_8.03
fd-exchange-2026-08-0180.flac,flagged,44100,HF_SEAM_0.64;CNN_DOUBT;STEREO_AAC_DOUBT_0.00;DEAD_STRUCTURE_MAXRUN_102;AAC_LATTICE_21pct
fd-exchange-2026-08-0181.flac,convicted,44100,CNN_DOUBT;STEREO_AAC_DOUBT_0.00;DEAD_STRUCTURE_MAXRUN_281;DEAD_STRUCTURE_MEANRUN_5.34;MS_CONDITIONAL_71;AAC_LATTICE_53pct
fd-exchange-2026-08-0182.flac,flagged,48000,AI_SR_48000;LOW_ROLLOFF_7.7KHZ;STEREO_AAC_DOUBT_0.00
fd-exchange-2026-08-0183.flac,flagged,48000,BRICKWALL_20K;HF_SEAM_0.72;AI_SR_48000;CNN_DOUBT;STEREO_AAC_DOUBT_0.00;DEAD_STRUCTURE_MAXRUN_188;BAND_LIMIT_LOW_NOWALL_18500HZ
fd-exchange-2026-08-0184.flac,convicted,48000,HF_SEAM_0.73;AI_SR_48000;CNN_DOUBT;STEREO_AAC_DOUBT_0.00;DEAD_STRUCTURE_MAXRUN_163;DEAD_STRUCTURE_MEANRUN_9.94;MP3_CONJ_BASE_20500;MP3_CONJ_WALLLEG_W39.0_K5.45;MP3_IDEM_R2.39_20500
fd-exchange-2026-08-0185.flac,flagged,44100,BRICKWALL_20K;HF_SEAM_0.95;LOW_ROLLOFF_3.7KHZ;STEREO_AAC_DOUBT_0.00;DEAD_STRUCTURE_MAXRUN_240;DEADRUN_UNCORROBORATED_7.26;BAND_LIMIT_LOW_17500HZ_33DB;AAC_LATTICE_36pct;MP3_IDEM_R0.97_17500;MP3_IDEM_FIRE_17500
fd-exchange-2026-08-0186.flac,flagged,44100,LOW_ROLLOFF_4.6KHZ;STEREO_AAC_DOUBT_0.00;DEAD_STRUCTURE_MAXRUN_230;DEADRUN_UNCORROBORATED_6.20;AAC_LATTICE_27pct
fd-exchange-2026-08-0187.flac,flagged,44100,HF_SEAM_0.92;LOW_ROLLOFF_6.8KHZ;CNN_DOUBT;STEREO_AAC_DOUBT_0.00;DEAD_STRUCTURE_MAXRUN_260;DEADRUN_UNCORROBORATED_7.41;AAC_LATTICE_49pct
fd-exchange-2026-08-0188.flac,convicted,44100,HF_DECOUPLED_0.09;HF_SEAM_0.79;LOW_ROLLOFF_7.5KHZ;CNN_DOUBT;MP3_CONJ_BASE_20500;MP3_CONJ_WALLLEG_W40.5_K9.88;OPUS_EDGE_FIRE_20004_W444_F5.3;STRUCTURAL_NA_MONO
fd-exchange-2026-08-0189.flac,flagged,48000,BRICKWALL_20K;HF_SEAM_0.67;AI_SR_48000;LOW_ROLLOFF_7.5KHZ;STEREO_AAC_DOUBT_0.00;DEADRUN_UNCORROBORATED_90;DEADRUN_UNCORROBORATED_5.65;BAND_LIMIT_LOW_NOWALL_17500HZ;OPUS_EDGE_FIRE_20086_W707_F8.3
fd-exchange-2026-08-0190.flac,flagged,48000,BRICKWALL_20K;HF_SEAM_0.91;AI_SR_48000;LOW_ROLLOFF_7.1KHZ;CNN_DOUBT;STEREO_AAC_DOUBT_0.00;DEAD_STRUCTURE_MAXRUN_268;DEAD_STRUCTURE_MEANRUN_6.73;BAND_LIMIT_LOW_17500HZ_26DB;MS_CONDITIONAL_50;MP3_IDEM_R1.86_17500;MP3_IDEM_FIRE_17500
fd-exchange-2026-08-0191.flac,flagged,44100,LOW_ROLLOFF_4.7KHZ;CNN_DOUBT;STEREO_AAC_DOUBT_0.00;DEAD_STRUCTURE_MAXRUN_275;DEADRUN_UNCORROBORATED_6.35
fd-exchange-2026-08-0192.flac,convicted,48000,HF_SEAM_0.71;AI_SR_48000;CNN_DOUBT;MP3_CONJ_BASE_20500;MP3_CONJ_WALLLEG_W44.8_K5.32;MP3_IDEM_R5.94_20500;STRUCTURAL_NA_MONO
fd-exchange-2026-08-0193.flac,flagged,48000,FAKE_STEREO;AI_SR_48000;STEREO_AAC_DOUBT_0.00;DEAD_STRUCTURE_MAXRUN_168;DEAD_STRUCTURE_MEANRUN_5.20;MS_CONDITIONAL_65
fd-exchange-2026-08-0194.flac,flagged,44100,BRICKWALL_20K;HF_SEAM_0.74;CNN_DOUBT;STEREO_AAC_DOUBT_0.00;DEAD_STRUCTURE_MAXRUN_284;DEADRUN_UNCORROBORATED_7.70;BAND_LIMIT_LOW_19000HZ_32DB
fd-exchange-2026-08-0195.flac,flagged,44100,BRICKWALL_20K;HF_SEAM_0.98;CNN_DOUBT;STEREO_AAC_DOUBT_0.00;DEAD_STRUCTURE_MAXRUN_151;BAND_LIMIT_LOW_17500HZ_56DB;AAC_LATTICE_43pct;MP3_IDEM_R3.80_17500
fd-exchange-2026-08-0196.flac,flagged,44100,LOW_ROLLOFF_5.2KHZ;STEREO_AAC_DOUBT_0.01;AAC_LATTICE_57pct
fd-exchange-2026-08-0197.flac,flagged,44100,LOW_ROLLOFF_2.7KHZ;STEREO_AAC_DOUBT_0.00;AAC_LATTICE_59pct
fd-exchange-2026-08-0198.flac,flagged,48000,FAKE_STEREO;HF_SEAM_0.97;AI_SR_48000;STEREO_AAC_DOUBT_0.00;DEAD_STRUCTURE_MAXRUN_195;MS_CONDITIONAL_54
fd-exchange-2026-08-0199.flac,flagged,44100,LOW_ROLLOFF_4.4KHZ;STEREO_AAC_DOUBT_0.00;AAC_LATTICE_59pct
fd-exchange-2026-08-0200.flac,flagged,44100,AAC_LATTICE_65pct
fd-exchange-2026-08-0201.flac,convicted,44100,BRICKWALL_20K;HF_SEAM_0.93;LOW_ROLLOFF_4.5KHZ;CNN_DOUBT;STEREO_AAC_DOUBT_0.00;DEAD_STRUCTURE_MAXRUN_223;DEAD_STRUCTURE_MEANRUN_8.55;BAND_LIMIT_LOW_17500HZ_47DB;AAC_LATTICE_48pct;MP3_IDEM_R1.59_17500;MP3_IDEM_FIRE_17500
fd-exchange-2026-08-0202.flac,flagged,48000,BRICKWALL_20K;HF_SEAM_0.87;AI_SR_48000;LOW_ROLLOFF_7.1KHZ;CNN_DOUBT;STEREO_AAC_DOUBT_0.00;DEAD_STRUCTURE_MAXRUN_284;DEADRUN_UNCORROBORATED_6.31;BAND_LIMIT_LOW_NOWALL_17500HZ
fd-exchange-2026-08-0203.flac,flagged,48000,HF_SEAM_0.70;AI_SR_48000;LOW_ROLLOFF_3.6KHZ;STEREO_AAC_DOUBT_0.01;DEADRUN_UNCORROBORATED_94;DEAD_STRUCTURE_MEANRUN_8.44
fd-exchange-2026-08-0204.flac,convicted,44100,HF_SEAM_0.82;CNN_DOUBT;STEREO_AAC_DOUBT_0.00;DEAD_STRUCTURE_MAXRUN_194;DEAD_STRUCTURE_MEANRUN_7.01;MS_CONDITIONAL_57;MP3_CONJ_BASE_20500;MP3_CONJ_WALLLEG_W60.4_K6.62;OPUS_EDGE_FIRE_20085_W383_F8.2
fd-exchange-2026-08-0205.flac,flagged,44100,LOW_ROLLOFF_6.9KHZ;STEREO_AAC_DOUBT_0.00;AAC_LATTICE_55pct
fd-exchange-2026-08-0206.flac,flagged,44100,LOW_ROLLOFF_5.2KHZ;STEREO_AAC_DOUBT_0.00;AAC_LATTICE_64pct
fd-exchange-2026-08-0207.flac,flagged,44000,FAKE_STEREO;HF_SEAM_0.74;AI_SR_44000;CNN_DOUBT;STEREO_AAC_DOUBT_0.00
fd-exchange-2026-08-0208.flac,flagged,44100,LOW_ROLLOFF_6.0KHZ;CNN_DOUBT
fd-exchange-2026-08-0209.flac,clear,44100,
fd-exchange-2026-08-0210.flac,flagged,44100,BRICKWALL_20K;LOW_ROLLOFF_7.0KHZ;CNN_DOUBT;STEREO_AAC_DOUBT_0.00;DEAD_STRUCTURE_MAXRUN_189;DEADRUN_UNCORROBORATED_5.51;BAND_LIMIT_LOW_NOWALL_18500HZ;AAC_LATTICE_24pct
fd-exchange-2026-08-0211.flac,flagged,44100,HF_SEAM_0.82;LOW_ROLLOFF_5.2KHZ;STEREO_AAC_DOUBT_0.00;DEAD_STRUCTURE_MAXRUN_102;OPUS_EDGE_LOWOCC_0.039
fd-exchange-2026-08-0212.flac,flagged,96000,AI_SR_96000;STEREO_AAC_DOUBT_0.08
fd-exchange-2026-08-0213.flac,flagged,44100,STEREO_AAC_DOUBT_0.00;AAC_LATTICE_67pct
fd-exchange-2026-08-0214.flac,flagged,44100,LOW_ROLLOFF_6.5KHZ;STEREO_AAC_DOUBT_0.00;AAC_LATTICE_51pct
fd-exchange-2026-08-0215.flac,flagged,44100,HF_DECOUPLED_-0.08;LOW_ROLLOFF_3.8KHZ;STEREO_AAC_DOUBT_0.12;AAC_LATTICE_51pct
fd-exchange-2026-08-0216.flac,flagged,44100,LOW_ROLLOFF_6.1KHZ;CNN_DOUBT;STEREO_AAC_DOUBT_0.00;DEAD_STRUCTURE_MAXRUN_110;AAC_LATTICE_55pct
fd-exchange-2026-08-0217.flac,flagged,44100,HF_DECOUPLED_-0.03;HF_SEAM_0.64;LOW_ROLLOFF_1.9KHZ;STEREO_AAC_DOUBT_0.00;AAC_LATTICE_39pct
fd-exchange-2026-08-0218.flac,flagged,96000,BRICKWALL_20K;HF_SEAM_0.98;AI_SR_96000;LOW_ROLLOFF_5.3KHZ;CNN_DOUBT;STEREO_AAC_DOUBT_0.00;DEAD_STRUCTURE_MAXRUN_238;DEAD_STRUCTURE_MEANRUN_13.32;BAND_LIMIT_LOW_18500HZ_44DB
fd-exchange-2026-08-0219.flac,flagged,48000,HF_SEAM_0.68;AI_SR_48000;LOW_ROLLOFF_7.1KHZ;CNN_DOUBT;DEAD_STRUCTURE_MAXRUN_145
fd-exchange-2026-08-0220.flac,flagged,44100,BRICKWALL_20K;HF_DECOUPLED_-0.25;LOW_ROLLOFF_3.7KHZ;STEREO_AAC_DOUBT_0.00;BAND_LIMIT_LOW_NOWALL_19000HZ
fd-exchange-2026-08-0221.flac,convicted,44100,BRICKWALL_20K;HF_SEAM_0.98;LOW_ROLLOFF_3.9KHZ;CNN_DOUBT;STEREO_AAC_DOUBT_0.00;DEAD_STRUCTURE_MAXRUN_287;DEAD_STRUCTURE_MEANRUN_7.63;BAND_LIMIT_LOW_17500HZ_50DB;MS_CONDITIONAL_52;AAC_LATTICE_64pct;MP3_IDEM_R1.34_17500;MP3_IDEM_FIRE_17500
fd-exchange-2026-08-0222.flac,clear,48000,AI_SR_48000
fd-exchange-2026-08-0223.flac,flagged,44100,LOW_ROLLOFF_6.0KHZ;MS_CONDITIONAL_53;AAC_LATTICE_63pct
fd-exchange-2026-08-0224.flac,flagged,48000,BRICKWALL_20K;AI_SR_48000;LOW_ROLLOFF_4.7KHZ;STEREO_AAC_DOUBT_0.00;DEAD_STRUCTURE_MAXRUN_211;DEADRUN_UNCORROBORATED_6.20;BAND_LIMIT_LOW_NOWALL_18000HZ
fd-exchange-2026-08-0225.flac,flagged,44100,BRICKWALL_20K;HF_DECOUPLED_0.03;HF_SEAM_0.92;CNN_DOUBT;STEREO_AAC_DOUBT_0.00;DEAD_STRUCTURE_MAXRUN_207;DEAD_STRUCTURE_MEANRUN_5.25;BAND_LIMIT_LOW_18000HZ_26DB;MS_CONDITIONAL_52
fd-exchange-2026-08-0226.flac,flagged,48000,HF_SEAM_0.74;AI_SR_48000;LOW_ROLLOFF_6.2KHZ;STEREO_AAC_DOUBT_0.00;DEADRUN_UNCORROBORATED_83;DEADRUN_UNCORROBORATED_5.33;MP3_IDEM_R2.44_20500
fd-exchange-2026-08-0227.flac,flagged,44100,BRICKWALL_20K;HF_SEAM_0.79;LOW_ROLLOFF_7.9KHZ;STEREO_AAC_DOUBT_0.00;DEAD_STRUCTURE_MAXRUN_204;DEADRUN_UNCORROBORATED_6.71;MP3_CONJ_BASE_20000;OPUS_EDGE_FIRE_20018_W443_F5.7
fd-exchange-2026-08-0228.flac,flagged,44100,LOW_ROLLOFF_4.5KHZ;STEREO_AAC_DOUBT_0.12
fd-exchange-2026-08-0229.flac,flagged,44100,LOW_ROLLOFF_7.1KHZ;STEREO_AAC_DOUBT_0.00;DEAD_STRUCTURE_MAXRUN_189;DEADRUN_UNCORROBORATED_6.01;AAC_LATTICE_29pct
fd-exchange-2026-08-0230.flac,flagged,44100,STEREO_AAC_DOUBT_0.00;DEAD_STRUCTURE_MAXRUN_147;MS_CONDITIONAL_52;AAC_LATTICE_57pct
fd-exchange-2026-08-0231.flac,convicted,48000,HF_SEAM_0.75;AI_SR_48000;CNN_DOUBT;STEREO_AAC_DOUBT_0.00;DEADRUN_UNCORROBORATED_94;DEAD_STRUCTURE_MEANRUN_8.92;MP3_CONJ_BASE_20500;MP3_CONJ_WALLLEG_W43.2_K5.33;MP3_IDEM_R3.15_20500
fd-exchange-2026-08-0232.flac,flagged,44100,BRICKWALL_20K;HF_DECOUPLED_0.04;HF_SEAM_0.77;LOW_ROLLOFF_7.0KHZ;CNN_DOUBT;STEREO_AAC_DOUBT_0.00;DEAD_STRUCTURE_MAXRUN_181;DEADRUN_UNCORROBORATED_5.13;BAND_LIMIT_LOW_NOWALL_17500HZ
fd-exchange-2026-08-0233.flac,convicted,44100,STEREO_AAC_DOUBT_0.00;DEAD_STRUCTURE_MAXRUN_194;DEAD_STRUCTURE_MEANRUN_5.93;MS_CONDITIONAL_58;AAC_LATTICE_65pct
fd-exchange-2026-08-0234.flac,flagged,96000,AI_SR_96000;STEREO_AAC_DOUBT_0.15
fd-exchange-2026-08-0235.flac,flagged,44100,BRICKWALL_20K;HF_SEAM_0.95;LOW_ROLLOFF_6.0KHZ;CNN_DOUBT;STEREO_AAC_DOUBT_0.00;DEAD_STRUCTURE_MAXRUN_229;DEADRUN_UNCORROBORATED_7.94;BAND_LIMIT_LOW_17500HZ_52DB;AAC_LATTICE_49pct;MP3_IDEM_R2.80_17500
fd-exchange-2026-08-0236.flac,flagged,48000,HF_SEAM_0.94;AI_SR_48000;STEREO_AAC_DOUBT_0.00
fd-exchange-2026-08-0237.flac,flagged,44100,BRICKWALL_20K;HF_SEAM_0.95;LOW_ROLLOFF_7.3KHZ;CNN_DOUBT;STEREO_AAC_DOUBT_0.00;DEAD_STRUCTURE_MAXRUN_205;DEADRUN_UNCORROBORATED_6.04;BAND_LIMIT_LOW_17500HZ_49DB;AAC_LATTICE_49pct;MP3_IDEM_R1.65_17500;MP3_IDEM_FIRE_17500
fd-exchange-2026-08-0238.flac,flagged,44100,BRICKWALL_20K;LOW_ROLLOFF_7.5KHZ;STEREO_AAC_DOUBT_0.00;BAND_LIMIT_LOW_NOWALL_17500HZ;AAC_LATTICE_59pct
fd-exchange-2026-08-0239.flac,convicted,48000,HF_DECOUPLED_0.10;HF_SEAM_0.67;AI_SR_48000;LOW_ROLLOFF_7.5KHZ;CNN_DOUBT;MP3_CONJ_BASE_20500;MP3_CONJ_WALLLEG_W36.0_K6.70;MP3_IDEM_R5.81_20500;OPUS_EDGE_FIRE_20027_W494_F13.6;STRUCTURAL_NA_MONO
fd-exchange-2026-08-0240.flac,clear,44100,HF_DECOUPLED_0.02
fd-exchange-2026-08-0241.flac,flagged,44100,LOW_ROLLOFF_4.7KHZ;STEREO_AAC_DOUBT_0.00;DEAD_STRUCTURE_MAXRUN_210;DEADRUN_UNCORROBORATED_5.41;AAC_LATTICE_59pct
fd-exchange-2026-08-0242.flac,flagged,44100,BRICKWALL_20K;HF_SEAM_0.86;CNN_DOUBT;STEREO_AAC_DOUBT_0.00;DEAD_STRUCTURE_MAXRUN_270;DEADRUN_UNCORROBORATED_7.82;BAND_LIMIT_LOW_NOWALL_19500HZ
fd-exchange-2026-08-0243.flac,flagged,44100,BRICKWALL_20K;HF_SEAM_0.81;LOW_ROLLOFF_6.3KHZ;CNN_DOUBT;STEREO_AAC_DOUBT_0.00;DEAD_STRUCTURE_MAXRUN_100;BAND_LIMIT_LOW_18000HZ_32DB
fd-exchange-2026-08-0244.flac,clear,44100,
fd-exchange-2026-08-0245.flac,flagged,48000,HF_SEAM_0.75;AI_SR_48000;CNN_DOUBT;STEREO_AAC_DOUBT_0.00;MP3_IDEM_R3.08_20500
fd-exchange-2026-08-0246.flac,flagged,48000,HF_SEAM_0.87;AI_SR_48000;LOW_ROLLOFF_5.4KHZ;STEREO_AAC_DOUBT_0.00;DEADRUN_UNCORROBORATED_87
fd-exchange-2026-08-0247.flac,flagged,44100,CNN_DOUBT;AAC_LATTICE_63pct;STRUCTURAL_NA_MONO
fd-exchange-2026-08-0248.flac,flagged,44100,CNN_DOUBT;AAC_LATTICE_78pct;STRUCTURAL_NA_MONO
fd-exchange-2026-08-0249.flac,convicted,44100,HF_SEAM_0.82;CNN_DOUBT;STEREO_AAC_DOUBT_0.00;DEAD_STRUCTURE_MAXRUN_267;DEADRUN_UNCORROBORATED_7.60;MP3_CONJ_BASE_20500;MP3_CONJ_WALLLEG_W45.8_K8.68;OPUS_EDGE_FIRE_20050_W425_F4.6
fd-exchange-2026-08-0250.flac,flagged,44100,BRICKWALL_20K;HF_SEAM_0.79;LOW_ROLLOFF_2.7KHZ;STEREO_AAC_DOUBT_0.00;DEAD_STRUCTURE_MAXRUN_268;DEADRUN_UNCORROBORATED_6.53;BAND_LIMIT_LOW_19000HZ_38DB
fd-exchange-2026-08-0251.flac,flagged,44100,LOW_ROLLOFF_6.2KHZ;CNN_DOUBT;STEREO_AAC_DOUBT_0.00;DEAD_STRUCTURE_MAXRUN_100;AAC_LATTICE_29pct
fd-exchange-2026-08-0252.flac,flagged,44100,HF_SEAM_0.63;CNN_DOUBT;LOSSY_SRC_NEEDLES_VOID;STEREO_AAC_DOUBT_0.00
fd-exchange-2026-08-0253.flac,flagged,48000,BRICKWALL_20K;HF_SEAM_0.71;AI_SR_48000;CNN_DOUBT;STEREO_AAC_DOUBT_0.00;MP3_CONJ_BASE_20000;OPUS_EDGE_FIRE_20054_W566_F12.3
fd-exchange-2026-08-0254.flac,flagged,44100,STEREO_AAC_DOUBT_0.00;AAC_LATTICE_59pct
fd-exchange-2026-08-0255.flac,flagged,44100,HF_SEAM_0.84;LOW_ROLLOFF_4.7KHZ;STEREO_AAC_DOUBT_0.00;DEAD_STRUCTURE_MAXRUN_156;DEADRUN_UNCORROBORATED_5.71
fd-exchange-2026-08-0256.flac,clear,96000,AI_SR_96000;LOW_ROLLOFF_5.6KHZ
fd-exchange-2026-08-0257.flac,flagged,44100,LOW_ROLLOFF_2.7KHZ;STEREO_AAC_DOUBT_0.01;AAC_LATTICE_59pct
fd-exchange-2026-08-0258.flac,convicted,44100,CNN_DOUBT;STEREO_AAC_DOUBT_0.00;DEAD_STRUCTURE_MAXRUN_277;DEAD_STRUCTURE_MEANRUN_5.93;MS_CONDITIONAL_61;AAC_LATTICE_60pct
fd-exchange-2026-08-0259.flac,flagged,48000,HF_SEAM_0.74;AI_SR_48000;CNN_DOUBT;STEREO_AAC_DOUBT_0.00;MP3_IDEM_R3.99_20500
fd-exchange-2026-08-0260.flac,flagged,44100,BRICKWALL_20K;HF_SEAM_0.70;CNN_DOUBT;LOSSY_SRC_NEEDLES_VOID;STEREO_AAC_DOUBT_0.00;BAND_LIMIT_LOW_19000HZ_37DB
fd-exchange-2026-08-0261.flac,flagged,48000,AI_SR_48000;LOW_ROLLOFF_5.3KHZ;CNN_DOUBT;STEREO_AAC_DOUBT_0.00;DEAD_STRUCTURE_MAXRUN_215;DEAD_STRUCTURE_MEANRUN_9.87
fd-exchange-2026-08-0262.flac,flagged,96000,AI_SR_96000;STEREO_AAC_DOUBT_0.02;DEAD_STRUCTURE_MAXRUN_142
fd-exchange-2026-08-0263.flac,flagged,44100,BRICKWALL_20K;HF_SEAM_0.64;LOW_ROLLOFF_5.8KHZ;CNN_DOUBT;STEREO_AAC_DOUBT_0.00;DEAD_STRUCTURE_MAXRUN_236;DEADRUN_UNCORROBORATED_5.90
fd-exchange-2026-08-0264.flac,flagged,44100,BRICKWALL_20K;HF_SEAM_0.96;CNN_DOUBT;STEREO_AAC_DOUBT_0.00;BAND_LIMIT_LOW_17500HZ_40DB;AAC_LATTICE_44pct;MP3_IDEM_R1.57_17500;MP3_IDEM_FIRE_17500
fd-exchange-2026-08-0265.flac,flagged,44100,LOW_ROLLOFF_4.7KHZ;STEREO_AAC_DOUBT_0.00;AAC_LATTICE_59pct
fd-exchange-2026-08-0266.flac,flagged,44100,LOW_ROLLOFF_6.6KHZ;STEREO_AAC_DOUBT_0.00
fd-exchange-2026-08-0267.flac,flagged,44100,LOW_ROLLOFF_7.4KHZ;CNN_DOUBT;STEREO_AAC_DOUBT_0.00;AAC_LATTICE_67pct
fd-exchange-2026-08-0268.flac,flagged,44100,CNN_DOUBT;STEREO_AAC_DOUBT_0.00;AAC_LATTICE_59pct
fd-exchange-2026-08-0269.flac,convicted,44100,BRICKWALL_20K;HF_SEAM_0.97;CNN_DOUBT;STEREO_AAC_DOUBT_0.00;DEAD_STRUCTURE_MAXRUN_325;DEAD_STRUCTURE_MEANRUN_6.52;BAND_LIMIT_LOW_17500HZ_52DB;MS_CONDITIONAL_68;AAC_LATTICE_66pct;MP3_IDEM_R1.44_17500;MP3_IDEM_FIRE_17500
fd-exchange-2026-08-0270.flac,flagged,48000,BRICKWALL_20K;HF_SEAM_0.60;AI_SR_48000;LOW_ROLLOFF_7.1KHZ;CNN_DOUBT;STEREO_AAC_DOUBT_0.00;DEAD_STRUCTURE_MAXRUN_305;DEADRUN_UNCORROBORATED_6.49;BAND_LIMIT_LOW_NOWALL_18000HZ
fd-exchange-2026-08-0271.flac,flagged,44100,HF_SEAM_0.77;CNN_DOUBT;STEREO_AAC_DOUBT_0.00;MP3_IDEM_R1.61_20500;MP3_IDEM_FIRE_20500
fd-exchange-2026-08-0272.flac,flagged,44100,BRICKWALL_20K;HF_SEAM_0.94;CNN_DOUBT;STEREO_AAC_DOUBT_0.00;BAND_LIMIT_LOW_17500HZ_35DB;MS_CONDITIONAL_57;AAC_LATTICE_35pct;MP3_IDEM_R2.60_17500
fd-exchange-2026-08-0273.flac,flagged,44100,HF_SEAM_0.66;LOW_ROLLOFF_6.8KHZ;STEREO_AAC_DOUBT_0.00;AAC_LATTICE_22pct
fd-exchange-2026-08-0274.flac,flagged,44100,HF_DECOUPLED_0.04;LOW_ROLLOFF_6.5KHZ;STEREO_AAC_DOUBT_0.00;DEAD_STRUCTURE_MAXRUN_115;AAC_LATTICE_47pct
fd-exchange-2026-08-0275.flac,flagged,44100,BRICKWALL_20K;CNN_DOUBT;STEREO_AAC_DOUBT_0.00;BAND_LIMIT_LOW_NOWALL_19500HZ;AAC_LATTICE_55pct
fd-exchange-2026-08-0276.flac,clear,48000,AI_SR_48000;LOW_ROLLOFF_5.5KHZ
fd-exchange-2026-08-0277.flac,convicted,48000,FAKE_STEREO;HF_SEAM_0.70;AI_SR_48000;CNN_DOUBT;STEREO_AAC_DOUBT_0.00;DEAD_STRUCTURE_MAXRUN_132;DEADRUN_UNCORROBORATED_5.61;MP3_CONJ_BASE_20500;MP3_CONJ_WALLLEG_W47.8_K5.37;MP3_IDEM_R2.08_20500
fd-exchange-2026-08-0278.flac,flagged,48000,BRICKWALL_20K;HF_SEAM_0.65;AI_SR_48000;LOW_ROLLOFF_6.0KHZ;STEREO_AAC_DOUBT_0.00;DEAD_STRUCTURE_MAXRUN_102;DEAD_STRUCTURE_MEANRUN_9.50;OPUS_EDGE_FIRE_20086_W594_F12.9
fd-exchange-2026-08-0279.flac,flagged,44100,BRICKWALL_20K;HF_SEAM_0.99;CNN_DOUBT;STEREO_AAC_DOUBT_0.00;DEAD_STRUCTURE_MAXRUN_113;BAND_LIMIT_LOW_17500HZ_66DB;MS_CONDITIONAL_51;AAC_LATTICE_60pct;MP3_IDEM_R1.98_17500;MP3_IDEM_FIRE_17500
fd-exchange-2026-08-0280.flac,flagged,96000,AI_SR_96000;LOW_ROLLOFF_7.4KHZ;STEREO_AAC_DOUBT_0.10
fd-exchange-2026-08-0281.flac,flagged,48000,HF_SEAM_0.70;AI_SR_48000;LOW_ROLLOFF_5.1KHZ;STEREO_AAC_DOUBT_0.00;DEADRUN_UNCORROBORATED_95;DEADRUN_UNCORROBORATED_6.33;MP3_CONJ_BASE_20500;MP3_CONJ_LOWOCC_0.040;OPUS_EDGE_LOWOCC_0.041
fd-exchange-2026-08-0282.flac,flagged,48000,AI_SR_48000;STEREO_AAC_DOUBT_0.00;DEAD_STRUCTURE_MAXRUN_160;DEAD_STRUCTURE_MEANRUN_9.40
fd-exchange-2026-08-0283.flac,clear,44100,BRICKWALL_20K;LOW_ROLLOFF_7.7KHZ;BAND_LIMIT_LOW_NOWALL_18500HZ
fd-exchange-2026-08-0284.flac,flagged,96000,AI_SR_96000;STEREO_AAC_DOUBT_0.02
fd-exchange-2026-08-0285.flac,flagged,44100,CNN_DOUBT
fd-exchange-2026-08-0286.flac,flagged,48000,BRICKWALL_20K;HF_SEAM_0.98;AI_SR_48000;LOW_ROLLOFF_7.8KHZ;CNN_DOUBT;STEREO_AAC_DOUBT_0.00;DEAD_STRUCTURE_MAXRUN_233;DEAD_STRUCTURE_MEANRUN_9.35;BAND_LIMIT_LOW_17500HZ_48DB;MP3_IDEM_R3.14_17500
fd-exchange-2026-08-0287.flac,clear,44100,HF_SEAM_0.61;LOW_ROLLOFF_5.9KHZ
fd-exchange-2026-08-0288.flac,convicted,48000,HF_SEAM_0.68;AI_SR_48000;LOW_ROLLOFF_4.1KHZ;STEREO_AAC_DOUBT_0.00;DEAD_STRUCTURE_MAXRUN_149;DEAD_STRUCTURE_MEANRUN_10.24;MP3_CONJ_BASE_20500;MP3_CONJ_WALLLEG_W40.4_K5.33;MP3_IDEM_R1.96_20500;MP3_IDEM_FIRE_20500
fd-exchange-2026-08-0289.flac,flagged,44100,STEREO_AAC_DOUBT_0.00;AAC_LATTICE_71pct
fd-exchange-2026-08-0290.flac,flagged,44100,BRICKWALL_20K;HF_SEAM_0.81;CNN_DOUBT;STEREO_AAC_DOUBT_0.00;BAND_LIMIT_LOW_NOWALL_19500HZ
fd-exchange-2026-08-0291.flac,flagged,48000,AI_SR_48000;CNN_DOUBT;STEREO_AAC_DOUBT_0.00;DEAD_STRUCTURE_MAXRUN_228;DEAD_STRUCTURE_MEANRUN_8.43
fd-exchange-2026-08-0292.flac,flagged,44100,BRICKWALL_20K;HF_SEAM_0.81;LOW_ROLLOFF_6.0KHZ;CNN_DOUBT;STEREO_AAC_DOUBT_0.00;DEAD_STRUCTURE_MAXRUN_278;DEAD_STRUCTURE_MEANRUN_8.21;BAND_LIMIT_LOW_17500HZ_52DB
fd-exchange-2026-08-0293.flac,flagged,48000,BRICKWALL_20K;AI_SR_48000;LOW_ROLLOFF_6.9KHZ;CNN_DOUBT;STEREO_AAC_DOUBT_0.00;DEAD_STRUCTURE_MAXRUN_225;DEADRUN_UNCORROBORATED_7.51;BAND_LIMIT_LOW_NOWALL_19000HZ
fd-exchange-2026-08-0294.flac,flagged,48000,HF_SEAM_0.75;AI_SR_48000;LOW_ROLLOFF_2.7KHZ;STEREO_AAC_DOUBT_0.00;DEAD_STRUCTURE_MAXRUN_101;DEAD_STRUCTURE_MEANRUN_8.97;MP3_IDEM_R2.46_20500;OPUS_EDGE_FIRE_20124_W860_F10.3
fd-exchange-2026-08-0295.flac,flagged,48000,BRICKWALL_20K;HF_SEAM_0.75;AI_SR_48000;LOW_ROLLOFF_7.1KHZ;CNN_DOUBT;STEREO_AAC_DOUBT_0.00;DEAD_STRUCTURE_MAXRUN_267;DEADRUN_UNCORROBORATED_6.38
fd-exchange-2026-08-0296.flac,flagged,44100,BRICKWALL_20K;HF_DECOUPLED_0.04;CNN_DOUBT;STEREO_AAC_DOUBT_0.00;BAND_LIMIT_LOW_NOWALL_17000HZ;AAC_LATTICE_57pct
fd-exchange-2026-08-0297.flac,flagged,44100,CNN_DOUBT;STEREO_AAC_DOUBT_0.00;DEAD_STRUCTURE_MAXRUN_259;DEAD_STRUCTURE_MEANRUN_5.13;MS_CONDITIONAL_72
fd-exchange-2026-08-0298.flac,flagged,48000,HF_SEAM_0.77;AI_SR_48000;LOW_ROLLOFF_5.7KHZ;STEREO_AAC_DOUBT_0.00;DEAD_STRUCTURE_MAXRUN_103;DEAD_STRUCTURE_MEANRUN_9.33;MP3_IDEM_R1.36_20500;MP3_IDEM_FIRE_20500;OPUS_EDGE_FIRE_20039_W665_F8.1
fd-exchange-2026-08-0299.flac,clear,44100,LOW_ROLLOFF_4.3KHZ
fd-exchange-2026-08-0300.flac,flagged,44100,BRICKWALL_20K;HF_SEAM_0.77;STEREO_AAC_DOUBT_0.00;BAND_LIMIT_LOW_NOWALL_19000HZ;AAC_LATTICE_53pct
fd-exchange-2026-08-0301.flac,flagged,44100,BRICKWALL_20K;LOW_ROLLOFF_4.7KHZ;CNN_DOUBT;STEREO_AAC_DOUBT_0.00;DEAD_STRUCTURE_MAXRUN_251;DEADRUN_UNCORROBORATED_5.97;BAND_LIMIT_LOW_NOWALL_18500HZ
fd-exchange-2026-08-0302.flac,convicted,44100,HF_SEAM_0.87;CNN_DOUBT;STEREO_AAC_DOUBT_0.00;DEAD_STRUCTURE_MAXRUN_247;MS_CONDITIONAL_67;MP3_CONJ_BASE_20500;MP3_CONJ_WALLLEG_W54.3_K6.17;OPUS_EDGE_FIRE_20101_W390_F4.3
fd-exchange-2026-08-0303.flac,flagged,48000,BRICKWALL_20K;HF_SEAM_0.60;AI_SR_48000;LOW_ROLLOFF_7.1KHZ;CNN_DOUBT;STEREO_AAC_DOUBT_0.00;DEAD_STRUCTURE_MAXRUN_305;DEADRUN_UNCORROBORATED_6.49;BAND_LIMIT_LOW_NOWALL_18000HZ
fd-exchange-2026-08-0304.flac,clear,44100,LOW_ROLLOFF_3.8KHZ
fd-exchange-2026-08-0305.flac,flagged,48000,BRICKWALL_20K;HF_SEAM_0.74;AI_SR_48000;LOW_ROLLOFF_7.1KHZ;CNN_DOUBT;STEREO_AAC_DOUBT_0.00;DEADRUN_UNCORROBORATED_97;DEAD_STRUCTURE_MEANRUN_8.03
fd-exchange-2026-08-0306.flac,flagged,44100,FAKE_STEREO;STEREO_AAC_DOUBT_0.00;DEAD_STRUCTURE_MAXRUN_99;MS_CONDITIONAL_66;AAC_LATTICE_64pct
fd-exchange-2026-08-0307.flac,flagged,44100,LOW_ROLLOFF_5.7KHZ;STEREO_AAC_DOUBT_0.00;AAC_LATTICE_54pct
fd-exchange-2026-08-0308.flac,flagged,48000,FAKE_STEREO;HF_SEAM_0.77;AI_SR_48000;CNN_DOUBT;STEREO_AAC_DOUBT_0.00;DEAD_STRUCTURE_MAXRUN_190;MS_CONDITIONAL_50
fd-exchange-2026-08-0309.flac,flagged,44100,HF_SEAM_0.74;LOW_ROLLOFF_6.5KHZ;STEREO_AAC_DOUBT_0.00;DEAD_STRUCTURE_MAXRUN_127
fd-exchange-2026-08-0310.flac,clear,44100,LOW_ROLLOFF_5.2KHZ
fd-exchange-2026-08-0311.flac,flagged,44100,FAKE_STEREO;HF_SEAM_0.77;CNN_DOUBT;STEREO_AAC_DOUBT_0.00;MS_CONDITIONAL_49
fd-exchange-2026-08-0312.flac,flagged,96000,AI_SR_96000;LOW_ROLLOFF_7.2KHZ;STEREO_AAC_DOUBT_0.00;DEAD_STRUCTURE_MAXRUN_141
fd-exchange-2026-08-0313.flac,convicted,44100,BRICKWALL_20K;LOW_ROLLOFF_5.9KHZ;CNN_DOUBT;STEREO_AAC_DOUBT_0.00;DEAD_STRUCTURE_MAXRUN_261;DEAD_STRUCTURE_MEANRUN_7.42;BAND_LIMIT_LOW_NOWALL_19000HZ;MS_CONDITIONAL_49;AAC_LATTICE_51pct
fd-exchange-2026-08-0314.flac,flagged,44100,LOW_ROLLOFF_7.2KHZ;STEREO_AAC_DOUBT_0.00;AAC_LATTICE_58pct
fd-exchange-2026-08-0315.flac,flagged,44100,BRICKWALL_20K;HF_SEAM_0.69;LOW_ROLLOFF_6.0KHZ;CNN_DOUBT;STEREO_AAC_DOUBT_0.00;DEAD_STRUCTURE_MAXRUN_230;DEAD_STRUCTURE_MEANRUN_8.00;BAND_LIMIT_LOW_17500HZ_36DB
fd-exchange-2026-08-0316.flac,flagged,44100,LOW_ROLLOFF_6.9KHZ;AAC_LATTICE_59pct
fd-exchange-2026-08-0317.flac,flagged,44100,HF_SEAM_0.67;LOW_ROLLOFF_7.3KHZ;STEREO_AAC_DOUBT_0.00;DEAD_STRUCTURE_MAXRUN_276;DEADRUN_UNCORROBORATED_7.21
fd-exchange-2026-08-0318.flac,convicted,44100,STEREO_AAC_DOUBT_0.00;DEAD_STRUCTURE_MAXRUN_238;DEAD_STRUCTURE_MEANRUN_20.14;MS_CONDITIONAL_49;AAC_LATTICE_45pct
fd-exchange-2026-08-0319.flac,flagged,44100,HF_DECOUPLED_0.10;LOW_ROLLOFF_7.5KHZ;CNN_DOUBT;STRUCTURAL_NA_MONO
fd-exchange-2026-08-0320.flac,convicted,44100,BRICKWALL_20K;HF_SEAM_0.82;CNN_DOUBT;STEREO_AAC_DOUBT_0.00;DEAD_STRUCTURE_MAXRUN_285;DEAD_STRUCTURE_MEANRUN_5.64;BAND_LIMIT_LOW_19000HZ_51DB;MS_CONDITIONAL_61;MP3_CONJ_BASE_19000;MP3_CONJ_WALLLEG_W51.2_K5.53
fd-exchange-2026-08-0321.flac,clear,44100,BRICKWALL_20K;BAND_LIMIT_LOW_NOWALL_19500HZ
fd-exchange-2026-08-0322.flac,flagged,44100,STEREO_AAC_DOUBT_0.02;AAC_LATTICE_71pct
fd-exchange-2026-08-0323.flac,flagged,44100,BRICKWALL_20K;HF_SEAM_0.82;LOW_ROLLOFF_6.7KHZ;STEREO_AAC_DOUBT_0.00;BAND_LIMIT_LOW_19000HZ_32DB
fd-exchange-2026-08-0324.flac,flagged,44100,LOW_ROLLOFF_5.9KHZ;STEREO_AAC_DOUBT_0.00;DEAD_STRUCTURE_MAXRUN_222;DEADRUN_UNCORROBORATED_7.64;AAC_LATTICE_20pct
fd-exchange-2026-08-0325.flac,flagged,44100,STEREO_AAC_DOUBT_0.00;AAC_LATTICE_61pct
fd-exchange-2026-08-0326.flac,flagged,44100,AAC_LATTICE_71pct
fd-exchange-2026-08-0327.flac,flagged,44100,BRICKWALL_20K;FAKE_STEREO;HF_SEAM_0.94;CNN_DOUBT;STEREO_AAC_DOUBT_0.00;DEAD_STRUCTURE_MAXRUN_104;BAND_LIMIT_LOW_17500HZ_51DB;MS_CONDITIONAL_63;AAC_LATTICE_64pct;MP3_IDEM_R1.20_17500;MP3_IDEM_FIRE_17500
fd-exchange-2026-08-0328.flac,flagged,44100,LOW_ROLLOFF_6.0KHZ;STEREO_AAC_DOUBT_0.00;AAC_LATTICE_57pct
fd-exchange-2026-08-0329.flac,flagged,44100,BRICKWALL_20K;BAND_LIMIT_LOW_NOWALL_17000HZ;AAC_LATTICE_59pct
fd-exchange-2026-08-0330.flac,flagged,44100,BRICKWALL_20K;HF_SEAM_0.83;CNN_DOUBT;STEREO_AAC_DOUBT_0.00;MP3_CONJ_BASE_20000;OPUS_EDGE_FIRE_20109_W390_F0.2
fd-exchange-2026-08-0331.flac,convicted,48000,HF_SEAM_0.70;AI_SR_48000;LOW_ROLLOFF_6.9KHZ;STEREO_AAC_DOUBT_0.00;DEAD_STRUCTURE_MAXRUN_103;DEAD_STRUCTURE_MEANRUN_9.38;MP3_CONJ_BASE_20500;MP3_CONJ_WALLLEG_W37.3_K5.27;MP3_IDEM_R2.49_20500;OPUS_EDGE_FIRE_20074_W611_F10.3
fd-exchange-2026-08-0332.flac,flagged,44100,BRICKWALL_20K;HF_SEAM_0.65;LOW_ROLLOFF_7.4KHZ;STEREO_AAC_DOUBT_0.00;DEAD_STRUCTURE_MAXRUN_109;BAND_LIMIT_LOW_NOWALL_18500HZ
fd-exchange-2026-08-0333.flac,flagged,44100,STEREO_AAC_DOUBT_0.00;AAC_LATTICE_33pct
fd-exchange-2026-08-0334.flac,flagged,96000,AI_SR_96000;FAKE_HIRES_UPSAMPLED_96k;STEREO_AAC_DOUBT_0.00
fd-exchange-2026-08-0335.flac,flagged,44100,LOW_ROLLOFF_7.0KHZ;STEREO_AAC_DOUBT_0.00;AAC_LATTICE_48pct
fd-exchange-2026-08-0336.flac,flagged,44100,BRICKWALL_20K;HF_SEAM_0.96;LOW_ROLLOFF_7.0KHZ;CNN_DOUBT;STEREO_AAC_DOUBT_0.00;DEAD_STRUCTURE_MAXRUN_201;DEADRUN_UNCORROBORATED_5.59;BAND_LIMIT_LOW_17500HZ_41DB;AAC_LATTICE_45pct;MP3_IDEM_R3.25_17500
fd-exchange-2026-08-0337.flac,flagged,44100,LOW_ROLLOFF_5.7KHZ;STEREO_AAC_DOUBT_0.00;AAC_LATTICE_48pct
fd-exchange-2026-08-0338.flac,flagged,44100,BRICKWALL_20K;HF_SEAM_0.64;LOW_ROLLOFF_5.9KHZ;CNN_DOUBT;STEREO_AAC_DOUBT_0.00;DEAD_STRUCTURE_MAXRUN_252;DEADRUN_UNCORROBORATED_5.79;BAND_LIMIT_LOW_NOWALL_18500HZ
fd-exchange-2026-08-0339.flac,flagged,48000,AI_SR_48000;STEREO_AAC_DOUBT_0.00;DEAD_STRUCTURE_MAXRUN_172;DEADRUN_UNCORROBORATED_5.25
fd-exchange-2026-08-0340.flac,convicted,44100,BRICKWALL_20K;FAKE_STEREO;HF_SEAM_0.87;CNN_DOUBT;STEREO_AAC_DOUBT_0.00;BAND_LIMIT_LOW_19000HZ_57DB;MS_CONDITIONAL_59;MP3_CONJ_BASE_19000;MP3_CONJ_WALLLEG_W57.1_K5.66
fd-exchange-2026-08-0341.flac,flagged,44100,BRICKWALL_20K;HF_DECOUPLED_-0.17;LOW_ROLLOFF_7.3KHZ;STEREO_AAC_DOUBT_0.00;DEADRUN_UNCORROBORATED_89;BAND_LIMIT_LOW_NOWALL_16500HZ;AAC_LATTICE_57pct
fd-exchange-2026-08-0342.flac,flagged,44100,BRICKWALL_20K;HF_DECOUPLED_-0.04;HF_SEAM_0.75;CNN_DOUBT;STEREO_AAC_DOUBT_0.00;DEAD_STRUCTURE_MAXRUN_163;BAND_LIMIT_LOW_NOWALL_18500HZ;MS_CONDITIONAL_50
fd-exchange-2026-08-0343.flac,clear,44100,LOW_ROLLOFF_4.4KHZ
fd-exchange-2026-08-0344.flac,flagged,44100,STEREO_AAC_DOUBT_0.00
fd-exchange-2026-08-0345.flac,flagged,44100,BRICKWALL_20K;LOW_ROLLOFF_7.4KHZ;STEREO_AAC_DOUBT_0.00;BAND_LIMIT_LOW_NOWALL_18500HZ;MS_CONDITIONAL_53;AAC_LATTICE_53pct
fd-exchange-2026-08-0346.flac,clear,48000,AI_SR_48000;LOW_ROLLOFF_7.7KHZ
fd-exchange-2026-08-0347.flac,flagged,44100,LOW_ROLLOFF_7.5KHZ;STEREO_AAC_DOUBT_0.00;AAC_LATTICE_57pct
fd-exchange-2026-08-0348.flac,flagged,48000,HF_SEAM_0.78;AI_SR_48000;LOW_ROLLOFF_6.8KHZ;STEREO_AAC_DOUBT_0.00;OPUS_EDGE_LOWOCC_0.033
fd-exchange-2026-08-0349.flac,flagged,44100,LOW_ROLLOFF_5.9KHZ;CNN_DOUBT;STEREO_AAC_DOUBT_0.00;AAC_LATTICE_55pct
fd-exchange-2026-08-0350.flac,flagged,44100,CNN_DOUBT;STEREO_AAC_DOUBT_0.00;DEAD_STRUCTURE_MAXRUN_186;DEADRUN_UNCORROBORATED_6.38;AAC_LATTICE_20pct
fd-exchange-2026-08-0351.flac,convicted,48000,HF_SEAM_0.67;AI_SR_48000;CNN_DOUBT;STEREO_AAC_DOUBT_0.00;DEAD_STRUCTURE_MAXRUN_146;DEAD_STRUCTURE_MEANRUN_8.13;MP3_CONJ_BASE_20500;MP3_CONJ_WALLLEG_W44.8_K5.39;MP3_IDEM_R3.53_20500
fd-exchange-2026-08-0352.flac,flagged,44100,STEREO_AAC_DOUBT_0.00;DEAD_STRUCTURE_MAXRUN_321;MS_CONDITIONAL_61
fd-exchange-2026-08-0353.flac,convicted,44100,HF_SEAM_0.81;CNN_DOUBT;MP3_CONJ_BASE_20500;MP3_CONJ_WALLLEG_W45.3_K8.60;OPUS_EDGE_FIRE_20034_W408_F4.5;STRUCTURAL_NA_MONO
fd-exchange-2026-08-0354.flac,flagged,44100,LOW_ROLLOFF_4.2KHZ;CNN_DOUBT;STEREO_AAC_DOUBT_0.00;DEAD_STRUCTURE_MAXRUN_276;DEAD_STRUCTURE_MEANRUN_8.66
fd-exchange-2026-08-0355.flac,flagged,48000,HF_SEAM_0.67;AI_SR_48000;STEREO_AAC_DOUBT_0.00;DEADRUN_UNCORROBORATED_95;DEAD_STRUCTURE_MEANRUN_8.21;MP3_CONJ_BASE_20500;MP3_CONJ_LOWOCC_0.024
fd-exchange-2026-08-0356.flac,flagged,44100,BRICKWALL_20K;LOW_ROLLOFF_6.5KHZ;STEREO_AAC_DOUBT_0.00;DEAD_STRUCTURE_MAXRUN_124
fd-exchange-2026-08-0357.flac,flagged,44100,LOW_ROLLOFF_6.9KHZ;STEREO_AAC_DOUBT_0.00;DEAD_STRUCTURE_MAXRUN_217;DEADRUN_UNCORROBORATED_7.34
fd-exchange-2026-08-0358.flac,flagged,44100,LOW_ROLLOFF_4.7KHZ;STEREO_AAC_DOUBT_0.00;AAC_LATTICE_59pct
fd-exchange-2026-08-0359.flac,flagged,48000,BRICKWALL_20K;HF_SEAM_0.88;AI_SR_48000;LOW_ROLLOFF_5.4KHZ;CNN_DOUBT;STEREO_AAC_DOUBT_0.00;DEAD_STRUCTURE_MAXRUN_224;DEAD_STRUCTURE_MEANRUN_9.26;BAND_LIMIT_LOW_17500HZ_27DB;MP3_IDEM_R2.51_17500
fd-exchange-2026-08-0360.flac,flagged,48000,BRICKWALL_20K;HF_SEAM_0.77;AI_SR_48000;LOW_ROLLOFF_5.8KHZ;STEREO_AAC_DOUBT_0.00;DEAD_STRUCTURE_MAXRUN_127;DEAD_STRUCTURE_MEANRUN_8.18
fd-exchange-2026-08-0361.flac,flagged,44100,STEREO_AAC_DOUBT_0.00;DEAD_STRUCTURE_MAXRUN_111
fd-exchange-2026-08-0362.flac,flagged,48000,HF_SEAM_0.71;AI_SR_48000;CNN_DOUBT;MP3_IDEM_R6.57_20500;OPUS_EDGE_FIRE_20033_W528_F11.0;STRUCTURAL_NA_MONO
fd-exchange-2026-08-0363.flac,flagged,44100,AAC_LATTICE_73pct
fd-exchange-2026-08-0364.flac,flagged,44100,LOW_ROLLOFF_7.5KHZ;STEREO_AAC_DOUBT_0.00;AAC_LATTICE_63pct
fd-exchange-2026-08-0365.flac,flagged,48000,AI_SR_48000;LOW_ROLLOFF_7.1KHZ;CNN_DOUBT;DEADRUN_UNCORROBORATED_86
fd-exchange-2026-08-0366.flac,convicted,48000,HF_SEAM_0.80;AI_SR_48000;CNN_DOUBT;STEREO_AAC_DOUBT_0.00;DEAD_STRUCTURE_MAXRUN_205;DEAD_STRUCTURE_MEANRUN_10.12;MP3_CONJ_BASE_20500;MP3_CONJ_WALLLEG_W40.2_K5.38;MP3_IDEM_R3.72_20500
fd-exchange-2026-08-0367.flac,flagged,44100,LOW_ROLLOFF_6.0KHZ;STEREO_AAC_DOUBT_0.00;AAC_LATTICE_54pct
fd-exchange-2026-08-0368.flac,convicted,48000,HF_SEAM_0.68;AI_SR_48000;CNN_DOUBT;STEREO_AAC_DOUBT_0.00;DEADRUN_UNCORROBORATED_94;DEAD_STRUCTURE_MEANRUN_10.63;MP3_CONJ_BASE_20500;MP3_CONJ_WALLLEG_W46.4_K5.24;MP3_IDEM_R2.92_20500
fd-exchange-2026-08-0369.flac,flagged,96000,AI_SR_96000;STEREO_AAC_DOUBT_0.07
fd-exchange-2026-08-0370.flac,clear,44100,HF_SEAM_0.62
fd-exchange-2026-08-0371.flac,flagged,44100,HF_DECOUPLED_0.10;LOW_ROLLOFF_7.5KHZ;CNN_DOUBT;AAC_LATTICE_69pct;STRUCTURAL_NA_MONO
fd-exchange-2026-08-0372.flac,convicted,44100,BRICKWALL_20K;HF_SEAM_0.98;LOW_ROLLOFF_6.6KHZ;CNN_DOUBT;STEREO_AAC_DOUBT_0.00;DEAD_STRUCTURE_MAXRUN_227;DEAD_STRUCTURE_MEANRUN_6.99;BAND_LIMIT_LOW_17500HZ_47DB;MS_CONDITIONAL_56;AAC_LATTICE_38pct;MP3_IDEM_R2.92_17500
fd-exchange-2026-08-0373.flac,flagged,44100,HF_DECOUPLED_-0.03;HF_SEAM_0.65;LOW_ROLLOFF_1.9KHZ;STEREO_AAC_DOUBT_0.00;AAC_LATTICE_33pct
fd-exchange-2026-08-0374.flac,flagged,44100,BRICKWALL_20K;HF_SEAM_0.95;LOW_ROLLOFF_6.7KHZ;STEREO_AAC_DOUBT_0.00;DEAD_STRUCTURE_MAXRUN_118;BAND_LIMIT_LOW_17500HZ_34DB;AAC_LATTICE_29pct;MP3_IDEM_R1.67_17500;MP3_IDEM_FIRE_17500
fd-exchange-2026-08-0375.flac,convicted,44100,CNN_DOUBT;STEREO_AAC_DOUBT_0.00;DEAD_STRUCTURE_MAXRUN_277;DEAD_STRUCTURE_MEANRUN_7.54;MS_CONDITIONAL_50;AAC_LATTICE_72pct
fd-exchange-2026-08-0376.flac,convicted,44100,HF_SEAM_0.86;CNN_DOUBT;STEREO_AAC_DOUBT_0.00;DEADRUN_UNCORROBORATED_87;MP3_CONJ_BASE_20500;MP3_CONJ_WALLLEG_W48.0_K6.90;OPUS_EDGE_FIRE_20047_W413_F1.1
fd-exchange-2026-08-0377.flac,flagged,44100,AAC_LATTICE_74pct
fd-exchange-2026-08-0378.flac,clear,48000,AI_SR_48000
fd-exchange-2026-08-0379.flac,convicted,44100,HF_SEAM_0.87;LOW_ROLLOFF_7.2KHZ;STEREO_AAC_DOUBT_0.00;DEAD_STRUCTURE_MAXRUN_186;DEADRUN_UNCORROBORATED_5.54;MP3_CONJ_BASE_20500;MP3_CONJ_WALLLEG_W37.5_K9.47;OPUS_EDGE_FIRE_20037_W435_F3.3
fd-exchange-2026-08-0380.flac,flagged,48000,HF_DECOUPLED_-0.23;AI_SR_48000;LOW_ROLLOFF_4.7KHZ;STEREO_AAC_DOUBT_0.00;DEAD_STRUCTURE_MAXRUN_299;DEADRUN_UNCORROBORATED_6.24
fd-exchange-2026-08-0381.flac,flagged,44100,STEREO_AAC_DOUBT_0.00;DEAD_STRUCTURE_MAXRUN_278;DEAD_STRUCTURE_MEANRUN_8.01
fd-exchange-2026-08-0382.flac,flagged,48000,BRICKWALL_20K;HF_SEAM_0.71;AI_SR_48000;LOW_ROLLOFF_7.0KHZ;STEREO_AAC_DOUBT_0.00;DEADRUN_UNCORROBORATED_94;DEADRUN_UNCORROBORATED_7.70;BAND_LIMIT_LOW_NOWALL_19500HZ
fd-exchange-2026-08-0383.flac,flagged,44100,LOW_ROLLOFF_7.4KHZ;STEREO_AAC_DOUBT_0.00;AAC_LATTICE_31pct
fd-exchange-2026-08-0384.flac,flagged,44100,AAC_LATTICE_69pct
fd-exchange-2026-08-0385.flac,convicted,44100,BRICKWALL_20K;HF_SEAM_0.79;LOW_ROLLOFF_5.9KHZ;CNN_DOUBT;STEREO_AAC_DOUBT_0.00;DEAD_STRUCTURE_MAXRUN_252;DEAD_STRUCTURE_MEANRUN_8.25;BAND_LIMIT_LOW_17500HZ_48DB;AAC_LATTICE_57pct;MP3_IDEM_R2.82_17500
fd-exchange-2026-08-0386.flac,flagged,48000,BRICKWALL_20K;HF_SEAM_0.70;AI_SR_48000;STEREO_AAC_DOUBT_0.00;BAND_LIMIT_LOW_NOWALL_17000HZ
fd-exchange-2026-08-0387.flac,flagged,44100,HF_SEAM_0.84;LOW_ROLLOFF_6.9KHZ;STEREO_AAC_DOUBT_0.01;OPUS_EDGE_LOWOCC_0.030
fd-exchange-2026-08-0388.flac,flagged,44100,HF_SEAM_0.65;CNN_DOUBT;STEREO_AAC_DOUBT_0.00;DEAD_STRUCTURE_MAXRUN_211;DEAD_STRUCTURE_MEANRUN_8.44;AAC_LATTICE_22pct
fd-exchange-2026-08-0389.flac,clear,44100,
fd-exchange-2026-08-0390.flac,convicted,44100,HF_SEAM_0.84;LOW_ROLLOFF_4.1KHZ;STEREO_AAC_DOUBT_0.00;DEAD_STRUCTURE_MAXRUN_278;DEAD_STRUCTURE_MEANRUN_5.44;MS_CONDITIONAL_64;MP3_CONJ_BASE_20500;MP3_CONJ_WALLLEG_W41.9_K5.79;OPUS_EDGE_FIRE_20109_W379_F0.2
fd-exchange-2026-08-0391.flac,flagged,44100,BRICKWALL_20K;HF_SEAM_0.62;STEREO_AAC_DOUBT_0.00;DEAD_STRUCTURE_MAXRUN_114;BAND_LIMIT_LOW_NOWALL_19500HZ;AAC_LATTICE_49pct
fd-exchange-2026-08-0392.flac,flagged,44100,BRICKWALL_20K;HF_DECOUPLED_-0.11;HF_SEAM_0.87;LOW_ROLLOFF_3.8KHZ;CNN_DOUBT;STEREO_AAC_DOUBT_0.00;BAND_LIMIT_LOW_17500HZ_22DB;AAC_LATTICE_31pct;MP3_IDEM_R1.08_17500;MP3_IDEM_FIRE_17500
fd-exchange-2026-08-0393.flac,flagged,44100,STEREO_AAC_DOUBT_0.00;DEAD_STRUCTURE_MAXRUN_194;MS_CONDITIONAL_65;AAC_LATTICE_76pct
fd-exchange-2026-08-0394.flac,convicted,44100,HF_SEAM_0.82;LOW_ROLLOFF_4.4KHZ;STEREO_AAC_DOUBT_0.00;DEAD_STRUCTURE_MAXRUN_157;DEAD_STRUCTURE_MEANRUN_8.04;MP3_CONJ_BASE_20500;MP3_CONJ_WALLLEG_W44.9_K8.10;OPUS_EDGE_FIRE_20077_W402_F1.4
fd-exchange-2026-08-0395.flac,flagged,48000,AI_SR_48000;STEREO_AAC_DOUBT_0.00;DEAD_STRUCTURE_MAXRUN_237;DEADRUN_UNCORROBORATED_7.68
fd-exchange-2026-08-0396.flac,convicted,44100,HF_SEAM_0.86;CNN_DOUBT;STEREO_AAC_DOUBT_0.00;DEAD_STRUCTURE_MAXRUN_273;DEAD_STRUCTURE_MEANRUN_8.18;MP3_CONJ_BASE_20500;MP3_CONJ_WALLLEG_W42.0_K11.12;OPUS_EDGE_FIRE_20004_W490_F6.9
fd-exchange-2026-08-0397.flac,flagged,44100,BRICKWALL_20K;LOW_ROLLOFF_7.4KHZ;STEREO_AAC_DOUBT_0.00;DEAD_STRUCTURE_MAXRUN_108;BAND_LIMIT_LOW_NOWALL_18500HZ;AAC_LATTICE_22pct
fd-exchange-2026-08-0398.flac,flagged,44100,BRICKWALL_20K;HF_DECOUPLED_0.08;HF_SEAM_0.90;LOW_ROLLOFF_7.1KHZ;CNN_DOUBT;LOSSY_SRC_NEEDLES_VOID;STEREO_AAC_DOUBT_0.00;BAND_LIMIT_LOW_19000HZ_27DB
fd-exchange-2026-08-0399.flac,flagged,44100,BRICKWALL_20K;HF_SEAM_0.74;CNN_DOUBT;LOSSY_SRC_NEEDLES_VOID;STEREO_AAC_DOUBT_0.00;BAND_LIMIT_LOW_NOWALL_18500HZ
fd-exchange-2026-08-0400.flac,convicted,44100,BRICKWALL_20K;HF_SEAM_0.97;LOW_ROLLOFF_6.0KHZ;CNN_DOUBT;STEREO_AAC_DOUBT_0.00;DEAD_STRUCTURE_MAXRUN_224;DEAD_STRUCTURE_MEANRUN_8.28;BAND_LIMIT_LOW_17500HZ_54DB;AAC_LATTICE_54pct;MP3_IDEM_R2.55_17500
fd-exchange-2026-08-0401.flac,convicted,44100,BRICKWALL_20K;HF_SEAM_0.86;CNN_DOUBT;STEREO_AAC_DOUBT_0.00;DEAD_STRUCTURE_MAXRUN_286;DEAD_STRUCTURE_MEANRUN_5.51;BAND_LIMIT_LOW_19000HZ_57DB;MS_CONDITIONAL_71;MP3_CONJ_BASE_19000;MP3_CONJ_WALLLEG_W57.4_K5.54
fd-exchange-2026-08-0402.flac,flagged,44100,BRICKWALL_20K;CNN_DOUBT;BAND_LIMIT_LOW_NOWALL_19500HZ
fd-exchange-2026-08-0403.flac,flagged,44100,BRICKWALL_20K;HF_SEAM_0.96;LOW_ROLLOFF_6.0KHZ;CNN_DOUBT;STEREO_AAC_DOUBT_0.00;BAND_LIMIT_LOW_17500HZ_35DB;MS_CONDITIONAL_57;AAC_LATTICE_47pct;MP3_IDEM_R2.02_17500
fd-exchange-2026-08-0404.flac,flagged,48000,AI_SR_48000;LOW_ROLLOFF_5.4KHZ;STEREO_AAC_DOUBT_0.03
fd-exchange-2026-08-0405.flac,flagged,44100,AAC_LATTICE_71pct
fd-exchange-2026-08-0406.flac,convicted,44100,BRICKWALL_20K;HF_SEAM_0.93;CNN_DOUBT;STEREO_AAC_DOUBT_0.00;DEAD_STRUCTURE_MAXRUN_221;DEAD_STRUCTURE_MEANRUN_38.31;BAND_LIMIT_LOW_17500HZ_38DB;AAC_LATTICE_53pct;MP3_IDEM_R2.98_17500
fd-exchange-2026-08-0407.flac,flagged,48000,HF_SEAM_0.67;AI_SR_48000;LOW_ROLLOFF_7.9KHZ;CNN_DOUBT;STEREO_AAC_DOUBT_0.00;DEAD_STRUCTURE_MAXRUN_219;DEAD_STRUCTURE_MEANRUN_9.61
fd-exchange-2026-08-0408.flac,flagged,48000,BRICKWALL_20K;HF_SEAM_0.87;AI_SR_48000;LOW_ROLLOFF_7.1KHZ;CNN_DOUBT;STEREO_AAC_DOUBT_0.00;DEAD_STRUCTURE_MAXRUN_284;DEADRUN_UNCORROBORATED_6.31;BAND_LIMIT_LOW_NOWALL_17500HZ
fd-exchange-2026-08-0409.flac,convicted,44100,BRICKWALL_20K;HF_SEAM_0.94;CNN_DOUBT;LOSSY_SRC_NEEDLES_VOID;STEREO_AAC_DOUBT_0.00;BAND_LIMIT_LOW_17500HZ_39DB;AAC_LATTICE_59pct;MP3_IDEM_R1.76_17500;MP3_IDEM_FIRE_17500
fd-exchange-2026-08-0410.flac,flagged,48000,HF_SEAM_0.67;AI_SR_48000;STEREO_AAC_DOUBT_0.00;DEADRUN_UNCORROBORATED_99;DEADRUN_UNCORROBORATED_6.30;MP3_CONJ_BASE_20000;OPUS_EDGE_FIRE_20045_W527_F13.6
fd-exchange-2026-08-0411.flac,convicted,44100,HF_SEAM_0.86;CNN_DOUBT;MP3_CONJ_BASE_20500;MP3_CONJ_WALLLEG_W41.7_K5.75;OPUS_EDGE_FIRE_20085_W401_F0.5;STRUCTURAL_NA_MONO
fd-exchange-2026-08-0412.flac,flagged,96000,AI_SR_96000;LOW_ROLLOFF_5.3KHZ;STEREO_AAC_DOUBT_0.00;DEAD_STRUCTURE_MAXRUN_185;DEADRUN_UNCORROBORATED_7.05
fd-exchange-2026-08-0413.flac,convicted,48000,HF_SEAM_0.76;AI_SR_48000;LOW_ROLLOFF_8.0KHZ;STEREO_AAC_DOUBT_0.00;DEADRUN_UNCORROBORATED_90;DEAD_STRUCTURE_MEANRUN_9.66;MP3_CONJ_BASE_20500;MP3_CONJ_WALLLEG_W42.6_K5.27;MP3_IDEM_R2.74_20500
fd-exchange-2026-08-0414.flac,flagged,44100,HF_SEAM_0.68;CNN_DOUBT;STEREO_AAC_DOUBT_0.00;DEAD_STRUCTURE_MAXRUN_204;DEADRUN_UNCORROBORATED_7.79
fd-exchange-2026-08-0415.flac,clear,44100,LOW_ROLLOFF_6.0KHZ
fd-exchange-2026-08-0416.flac,flagged,44100,LOW_ROLLOFF_4.1KHZ;STEREO_AAC_DOUBT_0.00;DEAD_STRUCTURE_MAXRUN_227;MS_CONDITIONAL_54;AAC_LATTICE_69pct
fd-exchange-2026-08-0417.flac,clear,44100,LOW_ROLLOFF_6.5KHZ
fd-exchange-2026-08-0418.flac,flagged,44100,STEREO_AAC_DOUBT_0.01;DEADRUN_UNCORROBORATED_87;AAC_LATTICE_62pct
fd-exchange-2026-08-0419.flac,flagged,48000,HF_SEAM_0.80;AI_SR_48000;LOW_ROLLOFF_5.7KHZ;STEREO_AAC_DOUBT_0.00;DEAD_STRUCTURE_MAXRUN_280;DEAD_STRUCTURE_MEANRUN_8.79;MP3_IDEM_R1.40_20500;MP3_IDEM_FIRE_20500
fd-exchange-2026-08-0420.flac,convicted,44100,BRICKWALL_20K;HF_SEAM_0.77;CNN_DOUBT;STEREO_AAC_DOUBT_0.00;DEAD_STRUCTURE_MAXRUN_274;DEAD_STRUCTURE_MEANRUN_7.70;BAND_LIMIT_LOW_19000HZ_47DB;MS_CONDITIONAL_57;MP3_CONJ_BASE_19000;MP3_CONJ_WALLLEG_W47.3_K5.26
fd-exchange-2026-08-0421.flac,flagged,48000,BRICKWALL_20K;HF_SEAM_0.80;AI_SR_48000;LOW_ROLLOFF_4.8KHZ;STEREO_AAC_DOUBT_0.00;DEAD_STRUCTURE_MAXRUN_203;DEADRUN_UNCORROBORATED_6.00;BAND_LIMIT_LOW_16000HZ_22DB
fd-exchange-2026-08-0422.flac,flagged,48000,AI_SR_48000;LOW_ROLLOFF_7.6KHZ;CNN_DOUBT;STEREO_AAC_DOUBT_0.00;DEAD_STRUCTURE_MAXRUN_233;DEAD_STRUCTURE_MEANRUN_9.63;MP3_IDEM_R2.02_20500
fd-exchange-2026-08-0423.flac,flagged,44100,HF_DECOUPLED_-0.13;HF_SEAM_0.70;LOW_ROLLOFF_1.9KHZ;STEREO_AAC_DOUBT_0.00;AAC_LATTICE_20pct
fd-exchange-2026-08-0424.flac,clear,44100,
fd-exchange-2026-08-0425.flac,convicted,44100,BRICKWALL_20K;HF_SEAM_0.96;CNN_DOUBT;STEREO_AAC_DOUBT_0.00;DEAD_STRUCTURE_MAXRUN_213;DEAD_STRUCTURE_MEANRUN_6.08;BAND_LIMIT_LOW_17500HZ_47DB;MS_CONDITIONAL_62;AAC_LATTICE_49pct
fd-exchange-2026-08-0426.flac,flagged,44100,STEREO_AAC_DOUBT_0.00;DEAD_STRUCTURE_MAXRUN_267;DEADRUN_UNCORROBORATED_5.99
fd-exchange-2026-08-0427.flac,flagged,44100,BRICKWALL_20K;HF_SEAM_0.73;LOW_ROLLOFF_4.4KHZ;CNN_DOUBT;STEREO_AAC_DOUBT_0.00;DEAD_STRUCTURE_MAXRUN_197;DEADRUN_UNCORROBORATED_5.06;BAND_LIMIT_LOW_19000HZ_35DB
fd-exchange-2026-08-0428.flac,flagged,44100,HF_DECOUPLED_-0.29;HF_SEAM_0.68;LOW_ROLLOFF_1.9KHZ;STEREO_AAC_DOUBT_0.00
fd-exchange-2026-08-0429.flac,flagged,44100,BRICKWALL_20K;HF_DECOUPLED_0.11;HF_SEAM_0.79;STEREO_AAC_DOUBT_0.00;BAND_LIMIT_LOW_NOWALL_16500HZ
fd-exchange-2026-08-0430.flac,convicted,44100,HF_DECOUPLED_0.11;LOW_ROLLOFF_7.5KHZ;CNN_DOUBT;MP3_CONJ_BASE_21000;MP3_CONJ_WALLLEG_W24.4_K11.90;STRUCTURAL_NA_MONO
fd-exchange-2026-08-0431.flac,clear,48000,AI_SR_48000
fd-exchange-2026-08-0432.flac,flagged,44100,BRICKWALL_20K;HF_DECOUPLED_-0.09;HF_SEAM_0.77;LOW_ROLLOFF_7.9KHZ;CNN_DOUBT;STEREO_AAC_DOUBT_0.00;DEAD_STRUCTURE_MAXRUN_272;DEAD_STRUCTURE_MEANRUN_6.99;BAND_LIMIT_LOW_NOWALL_18500HZ;MS_CONDITIONAL_53
fd-exchange-2026-08-0433.flac,convicted,44100,BRICKWALL_20K;HF_SEAM_0.82;CNN_DOUBT;STEREO_AAC_DOUBT_0.00;DEAD_STRUCTURE_MAXRUN_289;DEAD_STRUCTURE_MEANRUN_8.33;BAND_LIMIT_LOW_19000HZ_48DB;MS_CONDITIONAL_59;MP3_CONJ_BASE_19000;MP3_CONJ_WALLLEG_W48.2_K5.59
fd-exchange-2026-08-0434.flac,flagged,44100,BRICKWALL_20K;HF_SEAM_0.98;LOW_ROLLOFF_4.4KHZ;CNN_DOUBT;STEREO_AAC_DOUBT_0.00;DEAD_STRUCTURE_MAXRUN_187;DEADRUN_UNCORROBORATED_5.40;BAND_LIMIT_LOW_17500HZ_45DB;AAC_LATTICE_33pct;MP3_IDEM_R1.91_17500;MP3_IDEM_FIRE_17500
fd-exchange-2026-08-0435.flac,flagged,44100,BRICKWALL_20K;HF_SEAM_0.89;STEREO_AAC_DOUBT_0.00;BAND_LIMIT_LOW_NOWALL_19500HZ
fd-exchange-2026-08-0436.flac,flagged,44100,LOW_ROLLOFF_4.1KHZ;STEREO_AAC_DOUBT_0.00;DEAD_STRUCTURE_MAXRUN_169;MS_CONDITIONAL_53;AAC_LATTICE_67pct
fd-exchange-2026-08-0437.flac,flagged,44100,CNN_DOUBT;AAC_LATTICE_69pct;STRUCTURAL_NA_MONO
fd-exchange-2026-08-0438.flac,flagged,44100,STEREO_AAC_DOUBT_0.14;DEAD_STRUCTURE_MAXRUN_107;AAC_LATTICE_31pct
fd-exchange-2026-08-0439.flac,flagged,96000,AI_SR_96000;STEREO_AAC_DOUBT_0.04
fd-exchange-2026-08-0440.flac,flagged,44100,BRICKWALL_20K;LOW_ROLLOFF_6.2KHZ;CNN_DOUBT;LOSSY_SRC_NEEDLES_VOID;STEREO_AAC_DOUBT_0.00;BAND_LIMIT_LOW_NOWALL_18500HZ
fd-exchange-2026-08-0441.flac,flagged,44100,BRICKWALL_20K;HF_DECOUPLED_0.04;HF_SEAM_0.61;LOW_ROLLOFF_6.5KHZ;STEREO_AAC_DOUBT_0.00;DEAD_STRUCTURE_MAXRUN_123;BAND_LIMIT_LOW_NOWALL_18500HZ
fd-exchange-2026-08-0442.flac,flagged,44100,LOW_ROLLOFF_6.0KHZ;MS_CONDITIONAL_52;AAC_LATTICE_65pct
fd-exchange-2026-08-0443.flac,flagged,44100,CNN_DOUBT;STEREO_AAC_DOUBT_0.00;AAC_LATTICE_37pct
fd-exchange-2026-08-0444.flac,flagged,44100,LOW_ROLLOFF_4.4KHZ;STEREO_AAC_DOUBT_0.07;AAC_LATTICE_63pct
fd-exchange-2026-08-0445.flac,convicted,48000,BRICKWALL_20K;HF_DECOUPLED_0.11;HF_SEAM_0.87;AI_SR_48000;LOW_ROLLOFF_7.9KHZ;CNN_DOUBT;STEREO_AAC_DOUBT_0.00;DEAD_STRUCTURE_MAXRUN_277;DEAD_STRUCTURE_MEANRUN_8.72;BAND_LIMIT_LOW_19000HZ_42DB;MS_CONDITIONAL_53;MP3_CONJ_BASE_19000;MP3_CONJ_WALLLEG_W41.6_K5.37;MP3_IDEM_R3.58_19000
fd-exchange-2026-08-0446.flac,clear,44100,HF_DECOUPLED_-0.10;LOW_ROLLOFF_3.8KHZ
fd-exchange-2026-08-0447.flac,flagged,44100,HF_SEAM_0.82;STEREO_AAC_DOUBT_0.00;DEAD_STRUCTURE_MAXRUN_177;DEADRUN_UNCORROBORATED_5.85;MP3_CONJ_BASE_20500;MP3_CONJ_LOWOCC_0.023;OPUS_EDGE_LOWOCC_0.024
fd-exchange-2026-08-0448.flac,flagged,44100,HF_SEAM_0.81;LOW_ROLLOFF_6.0KHZ;CNN_DOUBT;STEREO_AAC_DOUBT_0.00;MS_CONDITIONAL_52;MP3_IDEM_R0.78_20500;MP3_IDEM_FIRE_20500
fd-exchange-2026-08-0449.flac,flagged,48000,HF_SEAM_0.73;AI_SR_48000;LOW_ROLLOFF_4.7KHZ;STEREO_AAC_DOUBT_0.09;DEADRUN_UNCORROBORATED_95;DEADRUN_UNCORROBORATED_7.27;MP3_IDEM_R3.71_20500
fd-exchange-2026-08-0450.flac,flagged,48000,AI_SR_48000;LOW_ROLLOFF_7.8KHZ;STEREO_AAC_DOUBT_0.00;DEAD_STRUCTURE_MAXRUN_189;DEADRUN_UNCORROBORATED_5.54
fd-exchange-2026-08-0451.flac,flagged,44100,LOW_ROLLOFF_6.2KHZ;STEREO_AAC_DOUBT_0.00;AAC_LATTICE_59pct
fd-exchange-2026-08-0452.flac,flagged,44100,STEREO_AAC_DOUBT_0.00;DEAD_STRUCTURE_MAXRUN_164;DEAD_STRUCTURE_MEANRUN_20.17;AAC_LATTICE_24pct
fd-exchange-2026-08-0453.flac,flagged,96000,BRICKWALL_20K;HF_SEAM_0.97;AI_SR_96000;CNN_DOUBT;STEREO_AAC_DOUBT_0.00;DEAD_STRUCTURE_MAXRUN_207;DEAD_STRUCTURE_MEANRUN_9.09;BAND_LIMIT_LOW_18500HZ_44DB
fd-exchange-2026-08-0454.flac,flagged,96000,AI_SR_96000;STEREO_AAC_DOUBT_0.00;DEADRUN_UNCORROBORATED_7.91
fd-exchange-2026-08-0455.flac,flagged,44100,LOW_ROLLOFF_4.2KHZ;STEREO_AAC_DOUBT_0.00;DEAD_STRUCTURE_MAXRUN_293;DEAD_STRUCTURE_MEANRUN_5.75;MS_CONDITIONAL_68
fd-exchange-2026-08-0456.flac,flagged,48000,AI_SR_48000;STEREO_AAC_DOUBT_0.00
fd-exchange-2026-08-0457.flac,flagged,44100,LOW_ROLLOFF_6.9KHZ;STEREO_AAC_DOUBT_0.00;AAC_LATTICE_61pct
fd-exchange-2026-08-0458.flac,flagged,44100,BRICKWALL_20K;HF_SEAM_0.99;CNN_DOUBT;STEREO_AAC_DOUBT_0.00;DEAD_STRUCTURE_MAXRUN_221;DEADRUN_UNCORROBORATED_6.49;BAND_LIMIT_LOW_17500HZ_57DB;AAC_LATTICE_51pct;MP3_IDEM_R2.97_17500
fd-exchange-2026-08-0459.flac,clear,44100,
fd-exchange-2026-08-0460.flac,convicted,44100,BRICKWALL_20K;HF_SEAM_0.80;LOW_ROLLOFF_4.0KHZ;CNN_DOUBT;STEREO_AAC_DOUBT_0.00;DEAD_STRUCTURE_MAXRUN_321;DEAD_STRUCTURE_MEANRUN_6.27;BAND_LIMIT_LOW_19000HZ_48DB;MS_CONDITIONAL_72;MP3_CONJ_BASE_19000;MP3_CONJ_WALLLEG_W48.3_K5.46
fd-exchange-2026-08-0461.flac,clear,44100,
fd-exchange-2026-08-0462.flac,convicted,96000,BRICKWALL_20K;HF_SEAM_0.76;AI_SR_96000;LOW_ROLLOFF_7.2KHZ;CNN_DOUBT;STEREO_AAC_DOUBT_0.00;DEAD_STRUCTURE_MAXRUN_199;DEAD_STRUCTURE_MEANRUN_9.06;BAND_LIMIT_LOW_19000HZ_36DB;MP3_CONJ_BASE_19000;MP3_CONJ_WALLLEG_W36.5_K5.34;MP3_IDEM_R2.66_19000
fd-exchange-2026-08-0463.flac,flagged,48000,BRICKWALL_20K;HF_SEAM_0.76;AI_SR_48000;LOW_ROLLOFF_5.9KHZ;CNN_DOUBT;STEREO_AAC_DOUBT_0.00;DEAD_STRUCTURE_MAXRUN_108;DEAD_STRUCTURE_MEANRUN_10.78
fd-exchange-2026-08-0464.flac,flagged,96000,BRICKWALL_20K;HF_SEAM_0.82;AI_SR_96000;CNN_DOUBT;STEREO_AAC_DOUBT_0.00;BAND_LIMIT_LOW_18500HZ_32DB
fd-exchange-2026-08-0465.flac,flagged,44100,BRICKWALL_20K;BAND_LIMIT_LOW_NOWALL_19500HZ;AAC_LATTICE_59pct
fd-exchange-2026-08-0466.flac,flagged,44100,STEREO_AAC_DOUBT_0.00
fd-exchange-2026-08-0467.flac,convicted,48000,HF_SEAM_0.67;AI_SR_48000;STEREO_AAC_DOUBT_0.00;DEADRUN_UNCORROBORATED_93;DEAD_STRUCTURE_MEANRUN_11.02;MP3_CONJ_BASE_20500;MP3_CONJ_WALLLEG_W45.2_K5.34;MP3_IDEM_R2.39_20500
fd-exchange-2026-08-0468.flac,flagged,44100,LOW_ROLLOFF_7.2KHZ;STEREO_AAC_DOUBT_0.00;DEAD_STRUCTURE_MAXRUN_229;DEADRUN_UNCORROBORATED_7.45;AAC_LATTICE_22pct
fd-exchange-2026-08-0469.flac,flagged,44100,BRICKWALL_20K;HF_SEAM_0.97;LOW_ROLLOFF_6.2KHZ;CNN_DOUBT;STEREO_AAC_DOUBT_0.00;DEAD_STRUCTURE_MAXRUN_108;BAND_LIMIT_LOW_17500HZ_42DB;AAC_LATTICE_44pct;MP3_IDEM_R2.83_17500
fd-exchange-2026-08-0470.flac,flagged,96000,AI_SR_96000;CNN_DOUBT;STEREO_AAC_DOUBT_0.00;DEAD_STRUCTURE_MAXRUN_197;DEAD_STRUCTURE_MEANRUN_9.02
fd-exchange-2026-08-0471.flac,convicted,48000,HF_SEAM_0.77;AI_SR_48000;CNN_DOUBT;STEREO_AAC_DOUBT_0.00;DEADRUN_UNCORROBORATED_89;DEADRUN_UNCORROBORATED_7.11;MP3_CONJ_BASE_20500;MP3_CONJ_WALLLEG_W40.1_K5.42;MP3_IDEM_R2.38_20500
fd-exchange-2026-08-0472.flac,flagged,48000,HF_SEAM_0.70;AI_SR_48000;LOW_ROLLOFF_6.4KHZ;STEREO_AAC_DOUBT_0.00;DEADRUN_UNCORROBORATED_93;DEADRUN_UNCORROBORATED_6.28;MP3_IDEM_R1.78_20500;MP3_IDEM_FIRE_20500
fd-exchange-2026-08-0473.flac,convicted,48000,HF_SEAM_0.70;AI_SR_48000;LOW_ROLLOFF_4.4KHZ;STEREO_AAC_DOUBT_0.00;DEADRUN_UNCORROBORATED_99;DEAD_STRUCTURE_MEANRUN_11.42;MP3_CONJ_BASE_20500;MP3_CONJ_WALLLEG_W41.8_K5.28;MP3_IDEM_R1.84_20500;MP3_IDEM_FIRE_20500
fd-exchange-2026-08-0474.flac,flagged,44000,FAKE_STEREO;AI_SR_44000;CNN_DOUBT;STEREO_AAC_DOUBT_0.00;MP3_IDEM_R3.24_20500;OPUS_EDGE_FIRE_20174_W694_F14.7
fd-exchange-2026-08-0475.flac,flagged,44100,HF_DECOUPLED_-0.10;HF_SEAM_0.69;LOW_ROLLOFF_1.9KHZ;STEREO_AAC_DOUBT_0.00
fd-exchange-2026-08-0476.flac,flagged,44100,LOW_ROLLOFF_3.1KHZ;STEREO_AAC_DOUBT_0.03;MS_CONDITIONAL_48;AAC_LATTICE_63pct
fd-exchange-2026-08-0477.flac,flagged,44100,HF_DECOUPLED_0.10;LOW_ROLLOFF_7.5KHZ;AAC_LATTICE_51pct;STRUCTURAL_NA_MONO
fd-exchange-2026-08-0478.flac,flagged,48000,BRICKWALL_20K;HF_SEAM_0.71;AI_SR_48000;LOW_ROLLOFF_7.0KHZ;CNN_DOUBT;STEREO_AAC_DOUBT_0.00;DEAD_STRUCTURE_MAXRUN_238;DEADRUN_UNCORROBORATED_7.31;BAND_LIMIT_LOW_NOWALL_18000HZ
fd-exchange-2026-08-0479.flac,flagged,44100,CNN_DOUBT;AAC_LATTICE_63pct;STRUCTURAL_NA_MONO
fd-exchange-2026-08-0480.flac,flagged,48000,BRICKWALL_20K;HF_SEAM_0.62;AI_SR_48000;CNN_DOUBT;STEREO_AAC_DOUBT_0.00;DEAD_STRUCTURE_MAXRUN_198;DEAD_STRUCTURE_MEANRUN_8.70;MP3_CONJ_BASE_20000;OPUS_EDGE_FIRE_20074_W803_F7.3
fd-exchange-2026-08-0481.flac,flagged,96000,AI_SR_96000;STEREO_AAC_DOUBT_0.00;DEAD_STRUCTURE_MAXRUN_180
fd-exchange-2026-08-0482.flac,convicted,44100,BRICKWALL_20K;HF_SEAM_0.93;CNN_DOUBT;STEREO_AAC_DOUBT_0.00;DEAD_STRUCTURE_MAXRUN_375;DEAD_STRUCTURE_MEANRUN_5.40;BAND_LIMIT_LOW_17500HZ_51DB;MS_CONDITIONAL_79;AAC_LATTICE_65pct;MP3_IDEM_R1.71_17500;MP3_IDEM_FIRE_17500
fd-exchange-2026-08-0483.flac,flagged,44100,LOW_ROLLOFF_7.1KHZ;STEREO_AAC_DOUBT_0.01;AAC_LATTICE_67pct
fd-exchange-2026-08-0484.flac,flagged,48000,HF_SEAM_0.74;AI_SR_48000;LOW_ROLLOFF_5.4KHZ;STEREO_AAC_DOUBT_0.00;DEADRUN_UNCORROBORATED_94;DEAD_STRUCTURE_MEANRUN_11.14;MP3_IDEM_R1.89_20500;MP3_IDEM_FIRE_20500;OPUS_EDGE_FIRE_20074_W606_F9.9
fd-exchange-2026-08-0485.flac,flagged,44100,HF_SEAM_0.85;LOW_ROLLOFF_4.4KHZ;STEREO_AAC_DOUBT_0.00;DEAD_STRUCTURE_MAXRUN_132;OPUS_EDGE_FIRE_20099_W385_F0.3
fd-exchange-2026-08-0486.flac,flagged,44100,HF_SEAM_0.83;LOW_ROLLOFF_6.3KHZ;CNN_DOUBT;STEREO_AAC_DOUBT_0.00
fd-exchange-2026-08-0487.flac,flagged,44100,LOW_ROLLOFF_5.1KHZ;STEREO_AAC_DOUBT_0.00;DEAD_STRUCTURE_MAXRUN_152;AAC_LATTICE_63pct
fd-exchange-2026-08-0488.flac,flagged,44100,STEREO_AAC_DOUBT_0.00;DEAD_STRUCTURE_MAXRUN_247;DEAD_STRUCTURE_MEANRUN_15.99
fd-exchange-2026-08-0489.flac,flagged,44100,CNN_DOUBT;STRUCTURAL_NA_MONO
fd-exchange-2026-08-0490.flac,clear,44100,LOW_ROLLOFF_7.0KHZ;BAND_LIMIT_LOW_NOWALL_19000HZ
fd-exchange-2026-08-0491.flac,flagged,48000,AI_SR_48000;LOW_ROLLOFF_7.1KHZ;CNN_DOUBT;DEADRUN_UNCORROBORATED_86
fd-exchange-2026-08-0492.flac,flagged,44100,CNN_DOUBT;STRUCTURAL_NA_MONO
fd-exchange-2026-08-0493.flac,flagged,48000,AI_SR_48000;LOW_ROLLOFF_5.6KHZ;STEREO_AAC_DOUBT_0.00;DEAD_STRUCTURE_MAXRUN_280;DEAD_STRUCTURE_MEANRUN_9.90
fd-exchange-2026-08-0494.flac,flagged,48000,BRICKWALL_20K;HF_SEAM_0.91;AI_SR_48000;LOW_ROLLOFF_7.1KHZ;CNN_DOUBT;STEREO_AAC_DOUBT_0.00;DEAD_STRUCTURE_MAXRUN_268;DEAD_STRUCTURE_MEANRUN_6.73;BAND_LIMIT_LOW_17500HZ_26DB;MS_CONDITIONAL_50;MP3_IDEM_R1.86_17500;MP3_IDEM_FIRE_17500
fd-exchange-2026-08-0495.flac,flagged,44100,BRICKWALL_20K;HF_SEAM_0.90;CNN_DOUBT;STEREO_AAC_DOUBT_0.00;BAND_LIMIT_LOW_NOWALL_17000HZ;MS_CONDITIONAL_62;AAC_LATTICE_31pct
fd-exchange-2026-08-0496.flac,convicted,44100,HF_SEAM_0.86;CNN_DOUBT;STEREO_AAC_DOUBT_0.00;DEAD_STRUCTURE_MAXRUN_255;DEAD_STRUCTURE_MEANRUN_5.60;MS_CONDITIONAL_60;MP3_CONJ_BASE_20500;MP3_CONJ_WALLLEG_W47.4_K6.08;OPUS_EDGE_FIRE_20085_W369_F1.3
fd-exchange-2026-08-0497.flac,flagged,44100,HF_SEAM_0.63;CNN_DOUBT;STEREO_AAC_DOUBT_0.00;DEAD_STRUCTURE_MAXRUN_168;DEADRUN_UNCORROBORATED_6.39;AAC_LATTICE_23pct
fd-exchange-2026-08-0498.flac,flagged,44100,STEREO_AAC_DOUBT_0.03;AAC_LATTICE_57pct
fd-exchange-2026-08-0499.flac,convicted,44100,CNN_DOUBT;STEREO_AAC_DOUBT_0.00;DEAD_STRUCTURE_MAXRUN_282;DEAD_STRUCTURE_MEANRUN_8.45;MS_CONDITIONAL_56;AAC_LATTICE_63pct
fd-exchange-2026-08-0500.flac,convicted,44100,HF_DECOUPLED_0.03;LOW_ROLLOFF_3.6KHZ;STEREO_AAC_DOUBT_0.00;DEAD_STRUCTURE_MAXRUN_254;DEAD_STRUCTURE_MEANRUN_21.40;AAC_LATTICE_53pct
fd-exchange-2026-08-0501.flac,flagged,48000,FAKE_STEREO;HF_SEAM_0.73;AI_SR_48000;CNN_DOUBT;STEREO_AAC_DOUBT_0.00;MP3_IDEM_R2.10_20500;OPUS_EDGE_FIRE_20039_W505_F9.6
fd-exchange-2026-08-0502.flac,flagged,44100,LOW_ROLLOFF_6.5KHZ;STEREO_AAC_DOUBT_0.00;AAC_LATTICE_55pct
fd-exchange-2026-08-0503.flac,flagged,96000,AI_SR_96000;LOW_ROLLOFF_5.2KHZ;FAKE_HIRES_UPSAMPLED_96k;STEREO_AAC_DOUBT_0.00;DEAD_STRUCTURE_MAXRUN_259;DEAD_STRUCTURE_MEANRUN_15.47
fd-exchange-2026-08-0504.flac,flagged,44100,BRICKWALL_20K;LOW_ROLLOFF_5.9KHZ;CNN_DOUBT;STEREO_AAC_DOUBT_0.00;DEAD_STRUCTURE_MAXRUN_226;DEAD_STRUCTURE_MEANRUN_8.48;BAND_LIMIT_LOW_18000HZ_28DB
fd-exchange-2026-08-0505.flac,convicted,48000,FAKE_STEREO;HF_SEAM_0.89;AI_SR_48000;CNN_DOUBT;STEREO_AAC_DOUBT_0.00;DEAD_STRUCTURE_MAXRUN_153;MS_CONDITIONAL_56;MP3_CONJ_BASE_20500;MP3_CONJ_WALLLEG_W44.0_K5.37;MP3_IDEM_R2.64_20500
fd-exchange-2026-08-0506.flac,flagged,44100,BRICKWALL_20K;HF_SEAM_0.77;STEREO_AAC_DOUBT_0.01;DEADRUN_UNCORROBORATED_83
fd-exchange-2026-08-0507.flac,flagged,48000,BRICKWALL_20K;HF_SEAM_0.70;AI_SR_48000;CNN_DOUBT;STEREO_AAC_DOUBT_0.00;DEADRUN_UNCORROBORATED_94;DEADRUN_UNCORROBORATED_5.44
fd-exchange-2026-08-0508.flac,clear,48000,FAKE_STEREO;AI_SR_48000
fd-exchange-2026-08-0509.flac,flagged,44100,BRICKWALL_20K;HF_SEAM_0.81;CNN_DOUBT;STEREO_AAC_DOUBT_0.00;DEAD_STRUCTURE_MAXRUN_267;DEAD_STRUCTURE_MEANRUN_8.00;BAND_LIMIT_LOW_NOWALL_18500HZ;MS_CONDITIONAL_51
fd-exchange-2026-08-0510.flac,flagged,44100,FAKE_STEREO;HF_SEAM_0.71;CNN_DOUBT;STEREO_AAC_DOUBT_0.00;MS_CONDITIONAL_48;AAC_LATTICE_65pct
fd-exchange-2026-08-0511.flac,flagged,44100,LOW_ROLLOFF_7.0KHZ;STEREO_AAC_DOUBT_0.00;BAND_LIMIT_LOW_NOWALL_19500HZ;AAC_LATTICE_57pct
fd-exchange-2026-08-0512.flac,flagged,44100,BRICKWALL_20K;HF_SEAM_0.72;CNN_DOUBT;STEREO_AAC_DOUBT_0.00;DEAD_STRUCTURE_MAXRUN_204;DEADRUN_UNCORROBORATED_5.38;BAND_LIMIT_LOW_NOWALL_19000HZ
fd-exchange-2026-08-0513.flac,flagged,44100,BRICKWALL_20K;HF_SEAM_0.72;CNN_DOUBT;STEREO_AAC_DOUBT_0.00;BAND_LIMIT_LOW_NOWALL_18500HZ
fd-exchange-2026-08-0514.flac,flagged,44100,BRICKWALL_20K;HF_SEAM_0.98;CNN_DOUBT;STEREO_AAC_DOUBT_0.00;DEAD_STRUCTURE_MAXRUN_235;DEADRUN_UNCORROBORATED_7.92;BAND_LIMIT_LOW_17500HZ_54DB;AAC_LATTICE_47pct;MP3_IDEM_R3.52_17500
fd-exchange-2026-08-0515.flac,convicted,44100,HF_SEAM_0.77;LOW_ROLLOFF_7.2KHZ;STEREO_AAC_DOUBT_0.00;DEAD_STRUCTURE_MAXRUN_279;DEAD_STRUCTURE_MEANRUN_7.29;MS_CONDITIONAL_58;AAC_LATTICE_66pct
fd-exchange-2026-08-0516.flac,flagged,48000,HF_DECOUPLED_-0.03;HF_SEAM_0.70;AI_SR_48000;LOW_ROLLOFF_1.9KHZ;STEREO_AAC_DOUBT_0.00
fd-exchange-2026-08-0517.flac,convicted,44100,HF_SEAM_0.81;CNN_DOUBT;STEREO_AAC_DOUBT_0.00;DEAD_STRUCTURE_MAXRUN_190;DEADRUN_UNCORROBORATED_6.19;MP3_CONJ_BASE_20500;MP3_CONJ_WALLLEG_W45.1_K9.01;OPUS_EDGE_FIRE_20056_W406_F4.1
fd-exchange-2026-08-0518.flac,flagged,44100,HF_DECOUPLED_-0.11;HF_SEAM_0.69;LOW_ROLLOFF_1.9KHZ;STEREO_AAC_DOUBT_0.00;AAC_LATTICE_35pct
fd-exchange-2026-08-0519.flac,flagged,44100,LOW_ROLLOFF_8.0KHZ;STEREO_AAC_DOUBT_0.02;AAC_LATTICE_63pct
fd-exchange-2026-08-0520.flac,flagged,96000,AI_SR_96000;LOW_ROLLOFF_7.1KHZ;STEREO_AAC_DOUBT_0.00
fd-exchange-2026-08-0521.flac,flagged,44100,STEREO_AAC_DOUBT_0.01;DEAD_STRUCTURE_MAXRUN_220;DEADRUN_UNCORROBORATED_5.74
fd-exchange-2026-08-0522.flac,flagged,96000,AI_SR_96000;LOW_ROLLOFF_5.5KHZ;STEREO_AAC_DOUBT_0.00;DEAD_STRUCTURE_MAXRUN_184
fd-exchange-2026-08-0523.flac,flagged,44100,BRICKWALL_20K;HF_DECOUPLED_0.15;LOW_ROLLOFF_7.0KHZ;CNN_DOUBT;STEREO_AAC_DOUBT_0.00;DEAD_STRUCTURE_MAXRUN_220;DEADRUN_UNCORROBORATED_5.36;BAND_LIMIT_LOW_NOWALL_17500HZ
fd-exchange-2026-08-0524.flac,flagged,96000,AI_SR_96000;LOW_ROLLOFF_7.1KHZ;STEREO_AAC_DOUBT_0.01;DEAD_STRUCTURE_MAXRUN_183
fd-exchange-2026-08-0525.flac,flagged,44100,LOW_ROLLOFF_7.2KHZ;STEREO_AAC_DOUBT_0.00;DEAD_STRUCTURE_MAXRUN_276;DEADRUN_UNCORROBORATED_6.03
fd-exchange-2026-08-0526.flac,flagged,44100,LOW_ROLLOFF_4.3KHZ;CNN_DOUBT;STEREO_AAC_DOUBT_0.00;DEAD_STRUCTURE_MAXRUN_188;DEAD_STRUCTURE_MEANRUN_8.46;AAC_LATTICE_31pct
fd-exchange-2026-08-0527.flac,flagged,44100,CNN_DOUBT;AAC_LATTICE_53pct;STRUCTURAL_NA_MONO
fd-exchange-2026-08-0528.flac,flagged,48000,BRICKWALL_20K;HF_SEAM_0.88;AI_SR_48000;LOW_ROLLOFF_4.7KHZ;STEREO_AAC_DOUBT_0.00;DEAD_STRUCTURE_MAXRUN_224;DEADRUN_UNCORROBORATED_6.42;BAND_LIMIT_LOW_16500HZ_24DB
fd-exchange-2026-08-0529.flac,convicted,44100,CNN_DOUBT;MP3_CONJ_BASE_20500;MP3_CONJ_WALLLEG_W21.0_K11.05;STRUCTURAL_NA_MONO
fd-exchange-2026-08-0530.flac,flagged,44100,BRICKWALL_20K;HF_SEAM_0.86;CNN_DOUBT;STEREO_AAC_DOUBT_0.00;DEAD_STRUCTURE_MAXRUN_159;DEADRUN_UNCORROBORATED_5.54;BAND_LIMIT_LOW_NOWALL_19500HZ;AAC_LATTICE_20pct
fd-exchange-2026-08-0531.flac,flagged,44100,BRICKWALL_20K;HF_DECOUPLED_0.04;HF_SEAM_0.73;CNN_DOUBT;STEREO_AAC_DOUBT_0.00;BAND_LIMIT_LOW_NOWALL_17000HZ
fd-exchange-2026-08-0532.flac,convicted,48000,HF_SEAM_0.76;AI_SR_48000;LOW_ROLLOFF_8.0KHZ;CNN_DOUBT;STEREO_AAC_DOUBT_0.00;DEADRUN_UNCORROBORATED_94;DEAD_STRUCTURE_MEANRUN_10.90;MP3_CONJ_BASE_20500;MP3_CONJ_WALLLEG_W42.9_K5.42;MP3_IDEM_R2.22_20500
fd-exchange-2026-08-0533.flac,clear,44100,LOW_ROLLOFF_3.1KHZ
fd-exchange-2026-08-0534.flac,convicted,44100,HF_SEAM_0.88;CNN_DOUBT;STEREO_AAC_DOUBT_0.00;MP3_CONJ_BASE_20500;MP3_CONJ_WALLLEG_W61.6_K5.37;OPUS_EDGE_FIRE_20112_W367_F8.2
fd-exchange-2026-08-0535.flac,clear,44100,LOW_ROLLOFF_6.9KHZ
fd-exchange-2026-08-0536.flac,flagged,44100,BRICKWALL_20K;HF_SEAM_0.74;LOW_ROLLOFF_7.5KHZ;STEREO_AAC_DOUBT_0.00;DEADRUN_UNCORROBORATED_87;BAND_LIMIT_LOW_NOWALL_18500HZ
fd-exchange-2026-08-0537.flac,clear,44100,
fd-exchange-2026-08-0538.flac,flagged,44100,STEREO_AAC_DOUBT_0.00;BAND_LIMIT_LOW_NOWALL_17000HZ;AAC_LATTICE_56pct
fd-exchange-2026-08-0539.flac,convicted,44100,BRICKWALL_20K;HF_SEAM_0.92;CNN_DOUBT;STEREO_AAC_DOUBT_0.00;DEAD_STRUCTURE_MAXRUN_227;DEAD_STRUCTURE_MEANRUN_34.92;BAND_LIMIT_LOW_17500HZ_51DB;MS_CONDITIONAL_55;AAC_LATTICE_61pct;MP3_IDEM_R2.09_17500
fd-exchange-2026-08-0540.flac,flagged,44100,BRICKWALL_20K;HF_SEAM_0.77;CNN_DOUBT;STEREO_AAC_DOUBT_0.00;DEAD_STRUCTURE_MAXRUN_111;BAND_LIMIT_LOW_19000HZ_31DB
fd-exchange-2026-08-0541.flac,flagged,44100,BRICKWALL_20K;LOW_ROLLOFF_5.7KHZ;CNN_DOUBT;STEREO_AAC_DOUBT_0.00;DEAD_STRUCTURE_MAXRUN_214;DEADRUN_UNCORROBORATED_6.01;BAND_LIMIT_LOW_NOWALL_19000HZ;AAC_LATTICE_24pct
fd-exchange-2026-08-0542.flac,clear,44100,
fd-exchange-2026-08-0543.flac,convicted,44100,HF_SEAM_0.88;STEREO_AAC_DOUBT_0.00;DEAD_STRUCTURE_MAXRUN_165;DEADRUN_UNCORROBORATED_7.92;MP3_CONJ_BASE_20500;MP3_CONJ_WALLLEG_W53.6_K7.49;OPUS_EDGE_FIRE_20101_W390_F3.3
fd-exchange-2026-08-0544.flac,flagged,44100,LOW_ROLLOFF_5.9KHZ;CNN_DOUBT;STEREO_AAC_DOUBT_0.00;AAC_LATTICE_51pct
fd-exchange-2026-08-0545.flac,flagged,44100,BRICKWALL_20K;HF_DECOUPLED_0.15;HF_SEAM_0.76;CNN_DOUBT;STEREO_AAC_DOUBT_0.00;DEAD_STRUCTURE_MAXRUN_233;DEAD_STRUCTURE_MEANRUN_5.52;BAND_LIMIT_LOW_19000HZ_47DB;MS_CONDITIONAL_59;MP3_CONJ_BASE_19000;MP3_CONJ_LOWOCC_0.025
fd-exchange-2026-08-0546.flac,convicted,48000,HF_SEAM_0.76;AI_SR_48000;LOW_ROLLOFF_7.7KHZ;STEREO_AAC_DOUBT_0.00;DEADRUN_UNCORROBORATED_95;DEAD_STRUCTURE_MEANRUN_11.06;MP3_CONJ_BASE_20500;MP3_CONJ_WALLLEG_W40.7_K6.21;MP3_IDEM_R1.98_20500;MP3_IDEM_FIRE_20500;OPUS_EDGE_FIRE_20039_W565_F15.4
fd-exchange-2026-08-0547.flac,flagged,48000,BRICKWALL_20K;HF_SEAM_0.71;AI_SR_48000;LOW_ROLLOFF_7.0KHZ;CNN_DOUBT;STEREO_AAC_DOUBT_0.00;DEAD_STRUCTURE_MAXRUN_238;DEADRUN_UNCORROBORATED_7.31;BAND_LIMIT_LOW_NOWALL_18000HZ
fd-exchange-2026-08-0548.flac,flagged,44100,LOW_ROLLOFF_2.7KHZ;STEREO_AAC_DOUBT_0.00;DEAD_STRUCTURE_MAXRUN_263;DEADRUN_UNCORROBORATED_7.06
fd-exchange-2026-08-0549.flac,flagged,44100,LOW_ROLLOFF_2.8KHZ;STEREO_AAC_DOUBT_0.03
fd-exchange-2026-08-0550.flac,flagged,48000,HF_SEAM_0.74;AI_SR_48000;CNN_DOUBT;STEREO_AAC_DOUBT_0.00;MP3_IDEM_R3.11_20500;OPUS_EDGE_FIRE_20121_W656_F9.3
fd-exchange-2026-08-0551.flac,flagged,44100,STEREO_AAC_DOUBT_0.00;DEAD_STRUCTURE_MAXRUN_162;AAC_LATTICE_56pct
fd-exchange-2026-08-0552.flac,flagged,44100,BRICKWALL_20K;HF_SEAM_0.92;CNN_DOUBT;STEREO_AAC_DOUBT_0.00;DEADRUN_UNCORROBORATED_96;BAND_LIMIT_LOW_17500HZ_33DB;AAC_LATTICE_36pct;MP3_IDEM_R3.47_17500
fd-exchange-2026-08-0553.flac,flagged,44100,LOW_ROLLOFF_4.1KHZ;STEREO_AAC_DOUBT_0.00;DEAD_STRUCTURE_MAXRUN_312;MS_CONDITIONAL_64;AAC_LATTICE_67pct
fd-exchange-2026-08-0554.flac,flagged,44100,HF_DECOUPLED_0.10;LOW_ROLLOFF_3.6KHZ;STEREO_AAC_DOUBT_0.00;DEAD_STRUCTURE_MAXRUN_380;DEAD_STRUCTURE_MEANRUN_35.23
fd-exchange-2026-08-0555.flac,convicted,44100,HF_SEAM_0.86;LOW_ROLLOFF_7.5KHZ;STEREO_AAC_DOUBT_0.00;MP3_CONJ_BASE_20500;MP3_CONJ_WALLLEG_W40.4_K9.13;OPUS_EDGE_FIRE_20080_W379_F1.2
fd-exchange-2026-08-0556.flac,flagged,48000,HF_DECOUPLED_-0.10;HF_SEAM_0.70;AI_SR_48000;LOW_ROLLOFF_3.7KHZ;STEREO_AAC_DOUBT_0.01
fd-exchange-2026-08-0557.flac,flagged,48000,BRICKWALL_20K;HF_SEAM_0.95;AI_SR_48000;CNN_DOUBT;STEREO_AAC_DOUBT_0.00;DEAD_STRUCTURE_MAXRUN_237;DEAD_STRUCTURE_MEANRUN_9.58;BAND_LIMIT_LOW_17500HZ_35DB;MP3_IDEM_R2.72_17500
fd-exchange-2026-08-0558.flac,clear,44100,LOW_ROLLOFF_4.7KHZ
fd-exchange-2026-08-0559.flac,flagged,48000,AI_SR_48000;LOW_ROLLOFF_5.4KHZ;CNN_DOUBT;STEREO_AAC_DOUBT_0.00;DEAD_STRUCTURE_MAXRUN_281;DEAD_STRUCTURE_MEANRUN_9.90
fd-exchange-2026-08-0560.flac,flagged,48000,HF_SEAM_0.70;AI_SR_48000;CNN_DOUBT;STEREO_AAC_DOUBT_0.01;DEADRUN_UNCORROBORATED_84;DEAD_STRUCTURE_MEANRUN_9.69;MP3_IDEM_R3.22_20500;OPUS_EDGE_FIRE_20074_W690_F8.4
fd-exchange-2026-08-0561.flac,flagged,44100,BRICKWALL_20K;STEREO_AAC_DOUBT_0.00;DEADRUN_UNCORROBORATED_94;BAND_LIMIT_LOW_NOWALL_19500HZ
fd-exchange-2026-08-0562.flac,flagged,48000,AI_SR_48000;LOW_ROLLOFF_7.2KHZ;CNN_DOUBT
fd-exchange-2026-08-0563.flac,flagged,48000,BRICKWALL_20K;HF_SEAM_0.78;AI_SR_48000;CNN_DOUBT;STEREO_AAC_DOUBT_0.00;DEADRUN_UNCORROBORATED_94;DEADRUN_UNCORROBORATED_7.64;OPUS_EDGE_FIRE_20045_W551_F9.6
fd-exchange-2026-08-0564.flac,flagged,44100,BRICKWALL_20K;HF_DECOUPLED_0.11;HF_SEAM_0.69;LOW_ROLLOFF_3.6KHZ;STEREO_AAC_DOUBT_0.00;DEAD_STRUCTURE_MAXRUN_343;DEADRUN_UNCORROBORATED_7.95;BAND_LIMIT_LOW_NOWALL_18500HZ
fd-exchange-2026-08-0565.flac,flagged,44100,CNN_DOUBT;DEAD_STRUCTURE_MAXRUN_121
fd-exchange-2026-08-0566.flac,flagged,48000,HF_SEAM_0.76;AI_SR_48000;LOW_ROLLOFF_5.4KHZ;STEREO_AAC_DOUBT_0.00;DEAD_STRUCTURE_MAXRUN_243;DEAD_STRUCTURE_MEANRUN_8.36;MP3_IDEM_R1.90_20500;MP3_IDEM_FIRE_20500
fd-exchange-2026-08-0567.flac,clear,44100,LOW_ROLLOFF_7.2KHZ
fd-exchange-2026-08-0568.flac,convicted,44100,BRICKWALL_20K;HF_SEAM_0.77;LOW_ROLLOFF_7.4KHZ;CNN_DOUBT;STEREO_AAC_DOUBT_0.00;BAND_LIMIT_LOW_19000HZ_43DB;MP3_CONJ_BASE_19000;MP3_CONJ_WALLLEG_W42.7_K5.32
fd-exchange-2026-08-0569.flac,flagged,48000,AI_SR_48000;LOW_ROLLOFF_8.0KHZ;STEREO_AAC_DOUBT_0.00
fd-exchange-2026-08-0570.flac,flagged,44100,CNN_DOUBT;STRUCTURAL_NA_MONO
fd-exchange-2026-08-0571.flac,flagged,48000,HF_SEAM_0.94;AI_SR_48000;LOW_ROLLOFF_7.9KHZ;CNN_DOUBT;STEREO_AAC_DOUBT_0.00;DEAD_STRUCTURE_MAXRUN_278;DEAD_STRUCTURE_MEANRUN_8.09;MS_CONDITIONAL_49;MP3_IDEM_R2.13_20500
fd-exchange-2026-08-0572.flac,flagged,44100,CNN_DOUBT;STEREO_AAC_DOUBT_0.00;DEAD_STRUCTURE_MAXRUN_112;MS_CONDITIONAL_56;AAC_LATTICE_71pct
fd-exchange-2026-08-0573.flac,flagged,48000,BRICKWALL_20K;AI_SR_48000;LOW_ROLLOFF_6.9KHZ;CNN_DOUBT;STEREO_AAC_DOUBT_0.00;DEAD_STRUCTURE_MAXRUN_225;DEADRUN_UNCORROBORATED_7.51;BAND_LIMIT_LOW_NOWALL_19000HZ
fd-exchange-2026-08-0574.flac,flagged,44100,LOW_ROLLOFF_4.0KHZ;STEREO_AAC_DOUBT_0.00;DEAD_STRUCTURE_MAXRUN_227;DEAD_STRUCTURE_MEANRUN_10.18;AAC_LATTICE_22pct
fd-exchange-2026-08-0575.flac,flagged,44100,BRICKWALL_20K;FAKE_STEREO;HF_SEAM_0.85;CNN_DOUBT;STEREO_AAC_DOUBT_0.00;BAND_LIMIT_LOW_19000HZ_38DB;MS_CONDITIONAL_52
fd-exchange-2026-08-0576.flac,clear,44100,HF_SEAM_0.68;LOW_ROLLOFF_7.4KHZ
fd-exchange-2026-08-0577.flac,flagged,48000,AI_SR_48000;LOW_ROLLOFF_7.2KHZ;CNN_DOUBT
fd-exchange-2026-08-0578.flac,flagged,44100,FAKE_STEREO;STEREO_AAC_DOUBT_0.00;DEAD_STRUCTURE_MAXRUN_100;MS_CONDITIONAL_64
fd-exchange-2026-08-0579.flac,flagged,44100,HF_SEAM_0.61;STEREO_AAC_DOUBT_0.00;AAC_LATTICE_57pct
fd-exchange-2026-08-0580.flac,convicted,44100,HF_DECOUPLED_0.10;HF_SEAM_0.80;LOW_ROLLOFF_7.5KHZ;CNN_DOUBT;MP3_CONJ_BASE_20500;MP3_CONJ_WALLLEG_W35.9_K6.06;OPUS_EDGE_FIRE_20077_W406_F0.3;STRUCTURAL_NA_MONO
fd-exchange-2026-08-0581.flac,flagged,44100,BRICKWALL_20K;HF_SEAM_0.93;LOW_ROLLOFF_8.0KHZ;CNN_DOUBT;STEREO_AAC_DOUBT_0.00;BAND_LIMIT_LOW_17500HZ_36DB;AAC_LATTICE_42pct;MP3_IDEM_R3.91_17500
fd-exchange-2026-08-0582.flac,flagged,44100,LOW_ROLLOFF_4.4KHZ;STEREO_AAC_DOUBT_0.00;DEAD_STRUCTURE_MAXRUN_153;DEADRUN_UNCORROBORATED_5.40;AAC_LATTICE_35pct
fd-exchange-2026-08-0583.flac,convicted,48000,HF_SEAM_0.76;AI_SR_48000;LOW_ROLLOFF_7.3KHZ;STEREO_AAC_DOUBT_0.00;DEADRUN_UNCORROBORATED_95;DEAD_STRUCTURE_MEANRUN_9.94;MP3_CONJ_BASE_20500;MP3_CONJ_WALLLEG_W46.2_K5.64;MP3_IDEM_R2.07_20500
fd-exchange-2026-08-0584.flac,flagged,44100,STEREO_AAC_DOUBT_0.00;AAC_LATTICE_67pct
fd-exchange-2026-08-0585.flac,flagged,44100,LOW_ROLLOFF_6.1KHZ;DEAD_STRUCTURE_MAXRUN_151
fd-exchange-2026-08-0586.flac,flagged,44100,HF_SEAM_0.62;LOW_ROLLOFF_5.8KHZ;CNN_DOUBT;STEREO_AAC_DOUBT_0.00;DEAD_STRUCTURE_MAXRUN_243;DEADRUN_UNCORROBORATED_6.08
fd-exchange-2026-08-0587.flac,flagged,44100,BRICKWALL_20K;HF_SEAM_0.86;LOW_ROLLOFF_2.8KHZ;CNN_DOUBT;STEREO_AAC_DOUBT_0.00;DEAD_STRUCTURE_MAXRUN_269;DEADRUN_UNCORROBORATED_6.64;BAND_LIMIT_LOW_17500HZ_31DB;AAC_LATTICE_27pct;MP3_IDEM_R1.93_17500;MP3_IDEM_FIRE_17500
fd-exchange-2026-08-0588.flac,flagged,44100,LOW_ROLLOFF_2.7KHZ;STEREO_AAC_DOUBT_0.00;DEAD_STRUCTURE_MAXRUN_226;DEADRUN_UNCORROBORATED_6.98;AAC_LATTICE_27pct
fd-exchange-2026-08-0589.flac,clear,44100,
fd-exchange-2026-08-0590.flac,flagged,44100,FAKE_STEREO;CNN_DOUBT;STEREO_AAC_DOUBT_0.00;MS_CONDITIONAL_50;AAC_LATTICE_33pct
fd-exchange-2026-08-0591.flac,flagged,44100,CNN_DOUBT;AAC_LATTICE_63pct;STRUCTURAL_NA_MONO
fd-exchange-2026-08-0592.flac,flagged,48000,BRICKWALL_20K;HF_SEAM_0.82;AI_SR_48000;STEREO_AAC_DOUBT_0.01
fd-exchange-2026-08-0593.flac,flagged,44100,BRICKWALL_20K;HF_SEAM_0.99;CNN_DOUBT;STEREO_AAC_DOUBT_0.00;DEAD_STRUCTURE_MAXRUN_208;DEADRUN_UNCORROBORATED_5.50;BAND_LIMIT_LOW_17500HZ_51DB;AAC_LATTICE_51pct;MP3_IDEM_R3.13_17500
fd-exchange-2026-08-0594.flac,flagged,48000,BRICKWALL_20K;HF_SEAM_0.95;AI_SR_48000;CNN_DOUBT;STEREO_AAC_DOUBT_0.00;DEAD_STRUCTURE_MAXRUN_211;DEAD_STRUCTURE_MEANRUN_8.30;BAND_LIMIT_LOW_NOWALL_19500HZ;MP3_CONJ_BASE_19500
fd-exchange-2026-08-0595.flac,flagged,44100,LOW_ROLLOFF_7.4KHZ;STEREO_AAC_DOUBT_0.00
fd-exchange-2026-08-0596.flac,flagged,44100,BRICKWALL_20K;CNN_DOUBT;STEREO_AAC_DOUBT_0.00;BAND_LIMIT_LOW_NOWALL_17000HZ;AAC_LATTICE_27pct
fd-exchange-2026-08-0597.flac,convicted,48000,HF_SEAM_0.71;AI_SR_48000;LOW_ROLLOFF_7.7KHZ;CNN_DOUBT;STEREO_AAC_DOUBT_0.00;DEADRUN_UNCORROBORATED_96;DEADRUN_UNCORROBORATED_6.46;MP3_CONJ_BASE_20500;MP3_CONJ_WALLLEG_W44.6_K5.19;MP3_IDEM_R3.27_20500
fd-exchange-2026-08-0598.flac,clear,44100,LOW_ROLLOFF_7.6KHZ
fd-exchange-2026-08-0599.flac,flagged,44100,BRICKWALL_20K;HF_SEAM_0.98;LOW_ROLLOFF_7.5KHZ;CNN_DOUBT;STEREO_AAC_DOUBT_0.00;BAND_LIMIT_LOW_17500HZ_49DB;AAC_LATTICE_37pct;MP3_IDEM_R2.97_17500
